Make,Model,'Vehicle Class','Engine Size(L)',Cylinders,Transmission,'Fuel Type','Fuel Consumption City (L/100 km)','Fuel Consumption Hwy (L/100 km)','Fuel Consumption Comb (L/100 km)','Fuel Consumption Comb (mpg)','CO2 Emissions(g/km)'
PORSCHE,'911 GT3RS',TWO-SEATER,4,6,AM7,Z,16.3,11.8,14.3,20,334
BMW,M3,COMPACT,3,6,M6,Z,13.7,9,11.6,24,271
VOLKSWAGEN,'GOLF SPORTWAGON TDI (modified)','STATION WAGON - SMALL',2,4,M6,D,7.6,5.5,6.7,42,179
BMW,'335i xDRIVE SEDAN',COMPACT,3,6,AS8,Z,11.9,7.8,10,28,230
MASERATI,'QUATTROPORTE GTS',FULL-SIZE,3.8,8,AS8,Z,17.6,10.7,14.5,19,334
PORSCHE,CAYMAN,TWO-SEATER,2,4,M6,Z,11,8.3,9.8,29,229
FORD,'F-150 FFV','PICKUP TRUCK - STANDARD',3.5,6,A6,E,17.9,13,15.7,18,261
GMC,CANYON,'PICKUP TRUCK - SMALL',2.5,4,A6,X,12,9.2,10.7,26,252
CHEVROLET,SPARK,SUBCOMPACT,1.2,4,AV,X,7.7,6.1,7,40,161
KIA,'SORENTO 4WD','SUV - SMALL',3.3,6,A6,X,13.4,9.9,11.8,24,271
SCION,FR-S,MINICOMPACT,2,4,M6,Z,10.9,7.9,9.6,29,224
LEXUS,'RC F',SUBCOMPACT,5,8,AS8,Z,15.2,9.5,12.6,22,290
AUDI,'S5 CABRIOLET QUATTRO',SUBCOMPACT,3,6,AM7,Z,13.3,9.1,11.4,25,266
FORD,'F-150 FFV 4X4 (Payload Pkg)','PICKUP TRUCK - STANDARD',5,8,AS6,X,16.8,12.4,14.8,19,347
BMW,'428i COUPE',COMPACT,2,4,M6,Z,10.7,7,9,31,211
HONDA,FIT,'STATION WAGON - SMALL',1.5,4,AV7,X,7.6,6.4,7,40,164
LEXUS,'GX 460','SUV - STANDARD',4.6,8,AS6,Z,16,12.9,14.6,19,341
TOYOTA,'TUNDRA 4WD','PICKUP TRUCK - STANDARD',4.6,8,AS6,X,16.8,12.6,14.9,19,349
BMW,'X6 M','SUV - STANDARD',4.4,8,AS8,Z,16.6,12.1,14.6,19,341
MASERATI,'GHIBLI S',MID-SIZE,3,6,AS8,Z,14.5,10,12.4,23,293
FORD,MUSTANG,SUBCOMPACT,3.7,6,M6,X,13.5,8.3,11.2,25,258
FORD,FIESTA,SUBCOMPACT,1.6,4,AM6,X,8.6,6.4,7.6,37,179
DODGE,'CHALLENGER GT AWD FFV',MID-SIZE,3.6,6,A8,X,12.8,8.7,11,26,258
DODGE,'CHARGER SRT (MDS)',FULL-SIZE,6.4,8,A5,Z,16.7,10.3,13.8,20,317
HONDA,Odyssey,MINIVAN,3.5,6,AS9,X,12.6,8.4,10.7,26,252
FORD,ESCAPE,'SUV - SMALL',2,4,AS6,X,10.9,8,9.6,29,221
DODGE,Challenger,MID-SIZE,5.7,8,M6,Z,15.6,10.1,13.1,22,307
FORD,MUSTANG,SUBCOMPACT,2.3,4,AS6,X,11,7.9,9.6,29,226
GMC,Canyon,'PICKUP TRUCK - SMALL',2.8,4,A6,D,11.8,7.9,10.1,28,270
AUDI,'A5 CABRIOLET QUATTRO',SUBCOMPACT,2,4,AS8,Z,11.3,8,9.8,29,230
TOYOTA,'SEQUOIA 4WD','SUV - STANDARD',5.7,8,AS6,X,18.8,14,16.6,17,382
MERCEDES-BENZ,'E 400 4MATIC',MID-SIZE,3,6,A9,Z,11.8,8.7,10.4,27,246
CHRYSLER,'300 AWD FFV',FULL-SIZE,3.6,6,A8,X,12.8,8.7,11,26,258
PORSCHE,'PANAMERA 4S EXECUTIVE',FULL-SIZE,3,6,AM7,Z,13.7,8.9,11.5,25,264
FORD,'F-150 (Payload Pkg)','PICKUP TRUCK - STANDARD',2.7,6,AS10,X,12.4,9.4,11.1,25,260
FORD,Mustang,SUBCOMPACT,5,8,M6,X,16.1,9.9,13.3,21,312
CHRYSLER,'200 SEDAN FFV',MID-SIZE,3.6,6,A6,X,12.5,8.1,10.5,27,242
CHRYSLER,'300 AWD',FULL-SIZE,3.6,6,A8,X,12.8,8.6,10.9,26,251
TOYOTA,'TACOMA 4WD','PICKUP TRUCK - SMALL',4,6,M6,X,15.3,12.3,14,20,322
BMW,'M6 GRAN COUPE',COMPACT,4.4,8,M6,Z,16.2,10.9,13.8,20,324
BUICK,LACROSSE,MID-SIZE,3.6,6,AS9,X,11.3,7.9,9.7,29,228
GMC,'SIERRA FFV','PICKUP TRUCK - STANDARD',4.3,6,A6,X,13.5,10,11.9,24,280
BMW,'X6 M','SUV - STANDARD',4.4,8,A6,Z,18.1,13.7,16.1,18,370
LINCOLN,'MKT LIVERY','SPECIAL PURPOSE VEHICLE',2,4,AS6,X,11.5,8.5,10.2,28,235
GMC,'YUKON 4WD','SUV - STANDARD',5.3,8,A6,X,15.2,10.8,13.2,21,310
CHEVROLET,EQUINOX,'SUV - SMALL',3.6,6,A6,E,18.8,13.1,16.2,17,259
CHEVROLET,CRUZE,MID-SIZE,1.8,4,AS6,X,10.5,6.8,8.8,32,202
HONDA,'CIVIC COUPE',COMPACT,2,4,M6,X,8.5,6.1,7.4,38,173
TOYOTA,Corolla,MID-SIZE,1.8,4,AV7,X,8.3,6.7,7.6,37,178
TOYOTA,VENZA,'SUV - SMALL',2.7,4,AS6,X,11.4,8.2,10,28,230
LEXUS,'RX 350 AWD','SUV - SMALL',3.5,6,AS8,X,12.2,8.9,10.7,26,251
CADILLAC,'CT4-V AWD',COMPACT,2.7,4,AS10,Z,11.7,8.4,10.2,28,238
FORD,'EXPLORER FFV AWD','SUV - STANDARD',3.5,6,AS6,E,18.9,13.9,16.7,17,267
VOLKSWAGEN,'BEETLE CONVERTIBLE',SUBCOMPACT,1.8,4,AS6,X,9.8,7.3,8.7,32,200
JEEP,'COMPASS 4X4','SUV - SMALL',2.4,4,A6,X,11.4,8.7,10.2,28,235
MITSUBISHI,RVR,'SUV - SMALL',2,4,AV6,X,9.7,7.8,8.8,32,204
AUDI,'R8 SPYDER',TWO-SEATER,5.2,10,M6,Z,19.9,12,16.4,17,377
MASERATI,'GRANTURISMO CONVERTIBLE',SUBCOMPACT,4.7,8,AS6,Z,18.2,11.6,15.2,19,358
MITSUBISHI,'RVR 4WD','SUV - SMALL',2.4,4,AV6,X,10.3,8.3,9.4,30,219
MASERATI,'QUATTROPORTE GTS',FULL-SIZE,3.8,8,AS8,Z,17.6,10.7,14.5,19,334
JEEP,'NEW WRANGLER UNLIMITED 4X4','SUV - SMALL',3.6,6,A8,X,12.9,10.2,11.7,24,275
GMC,'YUKON XL 4WD','SUV - STANDARD',5.3,8,A6,X,15.4,10.8,13.3,21,312
GMC,'SIERRA FFV','PICKUP TRUCK - STANDARD',4.3,6,A6,X,13.5,10,11.9,24,280
FORD,'F-150 4X4','PICKUP TRUCK - STANDARD',3,6,AS10,D,11.9,9.4,10.8,26,290
RAM,'1500 4X4 (MDS)','PICKUP TRUCK - STANDARD',5.7,8,A6,X,17.7,12.7,15.4,18,362
JEEP,'CHEROKEE 4X4 ACTIVE DRIVE II','SUV - SMALL',3.2,6,A9,X,12.8,9,11.1,25,259
LEXUS,'GX 460','SUV - STANDARD',4.6,8,AS6,Z,15.7,11.8,13.9,20,320
HYUNDAI,Elantra,MID-SIZE,1.6,4,M6,X,10.7,7.8,9.4,30,221
AUDI,'A4 allroad quattro','STATION WAGON - SMALL',2,4,AM7,Z,10,7.4,8.8,32,206
BMW,'428i COUPE',COMPACT,2,4,M6,Z,10.7,7,9,31,211
NISSAN,'TITAN 4WD PRO-4X','PICKUP TRUCK - STANDARD',5.6,8,AS7,X,16,12,14.2,20,333
BUICK,'LACROSSE eASSIST',MID-SIZE,2.5,4,A6,X,9.3,6.7,8.1,35,190
CHEVROLET,'EQUINOX FFV','SUV - SMALL',2.4,4,A6,X,10.5,7.3,9.1,31,209
CHEVROLET,MALIBU,MID-SIZE,1.5,4,A6,X,8.8,6.5,7.8,36,181
'LAND ROVER','RANGE ROVER SPORT V6 3.0 SC FFV','SUV - STANDARD',3,6,AS8,Z,14.2,10.2,12.4,23,285
GMC,'TERRAIN FFV','SUV - SMALL',2.4,4,A6,X,10.5,7.3,9.1,31,214
FORD,'Fusion Hybrid',MID-SIZE,2,4,AV,X,5.5,5.6,5.6,50,131
GMC,'SAVANA 3500 PASSENGER FFV','VAN - PASSENGER',6,8,A6,X,22.2,15.1,19,15,437
LEXUS,'LS 460 AWD',MID-SIZE,4.6,8,AS8,Z,15.2,10.2,12.9,22,303
DODGE,Challenger,MID-SIZE,5.7,8,M6,Z,15.6,10.1,13.1,22,307
SUBARU,'Impreza 5-Door AWD','STATION WAGON - SMALL',2,4,M5,X,10.1,7.7,9,31,211
BMW,'330i xDRIVE GRAN TURISMO',FULL-SIZE,2,4,AS8,Z,10.5,7.4,9.1,31,213
VOLKSWAGEN,CC,COMPACT,2,4,AM6,Z,10.7,7.7,9.3,30,214
GMC,'Sierra 4WD','PICKUP TRUCK - STANDARD',2.7,4,A8,X,12.5,10.8,11.7,24,275
JAGUAR,'F-TYPE Coupe',TWO-SEATER,3,6,M6,Z,14.9,9.8,12.6,22,296
MITSUBISHI,'OUTLANDER 4WD','SUV - SMALL',2.4,4,AV6,X,9.7,8.1,9,31,207
BMW,'430i xDRIVE CABRIOLET',SUBCOMPACT,2,4,AS8,Z,10.7,7.3,9.1,31,214
GMC,'SAVANA 3500 PASSENGER','VAN - PASSENGER',4.8,8,A6,X,21.3,14.3,18.2,16,419
FIAT,'500 HATCHBACK',MINICOMPACT,1.4,4,M5,X,7.6,5.9,6.8,42,156
TOYOTA,COROLLA,MID-SIZE,1.8,4,AV7,X,8.3,6.7,7.5,38,178
NISSAN,Sentra,MID-SIZE,1.8,4,AV,X,8.1,6.3,7.3,39,172
FORD,F-150,'PICKUP TRUCK - STANDARD',5,8,AS10,X,14.1,10.4,12.4,23,292
TOYOTA,'RAV4 HYBRID AWD','SUV - SMALL',2.5,4,AV6,X,6.9,7.6,7.2,39,169
LEXUS,'GS 200t',MID-SIZE,2,4,AS8,Z,10.6,7.2,9,31,212
VOLKSWAGEN,'Atlas 4MOTION','SUV - STANDARD',3.6,6,AS8,X,13.8,10.2,12.2,23,286
CHEVROLET,SILVERADO,'PICKUP TRUCK - STANDARD',6.2,8,A8,Z,16.1,11.4,14,20,322
DODGE,Challenger,MID-SIZE,5.7,8,M6,Z,15.6,10.1,13.1,22,307
CHEVROLET,TAHOE,'SUV - STANDARD',5.3,8,A6,E,20.2,13.6,17.2,16,275
'ALFA ROMEO','GIULIA QUADRIFOGLIO',MID-SIZE,2.9,6,A8,Z,13.8,9.6,11.9,24,280
MITSUBISHI,RVR,'SUV - SMALL',2,4,M5,X,9.9,7.6,8.8,32,202
MITSUBISHI,'OUTLANDER 4WD','SUV - SMALL',3,6,AS6,Z,11.5,8.5,10.2,28,235
CADILLAC,XT4,'SUV - SMALL',2,4,AS9,Z,9.8,7.8,8.9,32,209
PORSCHE,BOXSTER,TWO-SEATER,2,4,AM7,Z,10.5,8,9.4,30,219
FORD,'Expedition 4X4','SUV - STANDARD',3.5,6,AS10,X,14.1,10.6,12.5,23,293
FORD,'FLEX AWD','SUV - STANDARD',3.5,6,AS6,X,13.7,10.1,12.1,23,278
VOLVO,'S60 T6 AWD',COMPACT,2,4,AS8,Z,11.1,7.3,9.4,30,218
NISSAN,'NV200 CARGO VAN','SPECIAL PURPOSE VEHICLE',2,4,AV,X,9.7,9,9.4,30,216
BMW,'320i SEDAN',COMPACT,2,4,AS8,Z,10,6.5,8.4,34,193
FORD,'Mustang Convertible (Performance Pkg)',SUBCOMPACT,2.3,4,AS10,X,11.8,8.7,10.4,27,244
BMW,M3,COMPACT,3,6,M6,Z,13.5,9.3,11.6,24,273
HONDA,HR-V,'SUV - SMALL',1.8,4,AV7,X,8.3,6.7,7.6,37,177
VOLKSWAGEN,'Jetta GLI',COMPACT,2,4,M6,X,9.6,7.1,8.5,33,198
'ASTON MARTIN','Vantage V8',TWO-SEATER,4,8,M7,Z,16.7,11.2,14.2,20,333
FORD,'F-150 (Payload Pkg)','PICKUP TRUCK - STANDARD',2.7,6,AS10,X,12.4,9.4,11.1,25,260
HYUNDAI,'Santa Fe XL Ultimate AWD','SUV - SMALL',3.3,6,AS6,X,14.1,10.8,12.6,22,297
CHEVROLET,'Blazer AWD','SUV - SMALL',3.6,6,A9,X,12.7,9.5,11.3,25,265
MERCEDES-BENZ,'METRIS CARGO','SPECIAL PURPOSE VEHICLE',2,4,AS7,Z,11.1,9.1,10.2,28,240
VOLKSWAGEN,'Beetle Dune Convertible',SUBCOMPACT,2,4,AS6,X,9.1,6.9,8.1,35,189
BMW,'X1 xDRIVE28i','SUV - SMALL',2,4,AS8,Z,10.7,7.5,9.3,30,217
CHRYSLER,'Voyager (Stop-Start)',MINIVAN,3.6,6,A9,X,12.4,8.4,10.6,27,249
HONDA,'CIVIC SEDAN',MID-SIZE,2,4,AV,X,7.8,6,7,40,163
INFINITI,'QX70 AWD','SUV - SMALL',5,8,AS7,Z,16.6,11.9,14.5,19,334
AUDI,SQ5,'SUV - SMALL',3,6,AS8,Z,14.9,10.1,12.7,22,292
JEEP,'CHEROKEE 4X4 ACTIVE DRIVE I','SUV - SMALL',2.4,4,A9,X,11.3,8.4,10,28,235
NISSAN,FRONTIER,'PICKUP TRUCK - SMALL',4,6,A5,X,14.8,10.6,12.9,22,304
MERCEDES-BENZ,'S 63 AMG 4MATIC',FULL-SIZE,5.5,8,AS7,Z,15.6,10.3,13.2,21,304
JEEP,'RENEGADE FFV','SUV - SMALL',2.4,4,A9,E,14.2,9.9,12.2,23,195
FORD,'F-150 FFV 4X4','PICKUP TRUCK - STANDARD',5,8,AS10,X,15.1,11.6,13.5,21,317
MINI,'JOHN COOPER WORKS',SUBCOMPACT,2,4,AS6,Z,9.3,7.3,8.4,34,197
BMW,'M240i Cabriolet',SUBCOMPACT,3,6,AS8,Z,11.2,7.8,9.7,29,227
GMC,'YUKON XL 4WD FFV','SUV - STANDARD',5.3,8,A6,X,15.4,10.8,13.3,21,312
TOYOTA,Avalon,MID-SIZE,3.5,6,AS8,X,10.9,7.6,9.4,30,220
CHEVROLET,'Silverado 4WD','PICKUP TRUCK - STANDARD',5.3,8,A8,X,14.7,10.7,12.9,22,303
MERCEDES-BENZ,'AMG CLA 45 4MATIC',COMPACT,2,4,AM7,Z,10.3,7.9,9.2,31,217
GMC,'Yukon XL 4WD','SUV - STANDARD',6.2,8,A10,Z,17.1,11.3,14.5,19,340
AUDI,'A5 CABRIOLET QUATTRO',SUBCOMPACT,2,4,AS8,Z,11.3,8,9.8,29,225
INFINITI,'Q50S AWD',MID-SIZE,3,6,AS7,Z,12.9,9,11.1,25,262
LEXUS,'LS 600h L',MID-SIZE,5,8,AV8,Z,12.7,10.1,11.5,25,268
DODGE,'Challenger (MDS)',MID-SIZE,5.7,8,A8,X,14.7,9.4,12.3,23,289
LEXUS,'RC 350 AWD',SUBCOMPACT,3.5,6,AS6,Z,13.1,9.8,11.2,25,262
HYUNDAI,'TUCSON AWD','SUV - SMALL',2,4,AS6,X,11,9,10.1,28,240
GMC,'SIERRA 4WD','PICKUP TRUCK - STANDARD',4.3,6,A6,E,20,15.1,17.8,16,285
DODGE,'Durango AWD','SUV - STANDARD',3.6,6,A8,X,12.7,9.6,11.3,25,265
FORD,'F-150 FFV 4X4','PICKUP TRUCK - STANDARD',3.3,6,AS6,E,17.6,13.7,15.8,18,263
JEEP,'NEW WRANGLER UNLIMITED 4X4','SUV - SMALL',3.6,6,A8,X,12.9,10.2,11.7,24,275
PORSCHE,Cayenne,'SUV - STANDARD',3,6,AS8,Z,12.5,10,11.4,25,265
CHEVROLET,'Suburban FFV','SUV - STANDARD',5.3,8,A6,X,15.7,10.5,13.4,21,314
BMW,'428i xDRIVE COUPE',COMPACT,2,4,AS8,Z,10.5,6.9,8.9,32,209
GMC,'SIERRA 4WD FFV','PICKUP TRUCK - STANDARD',5.3,8,A6,X,15,10.7,13.1,22,306
NISSAN,'NV200 CARGO VAN','SPECIAL PURPOSE VEHICLE',2,4,AV,X,10,8.5,9.3,30,214
BMW,'435i xDRIVE COUPE',COMPACT,3,6,AS8,Z,12,7.9,10.2,28,238
PORSCHE,'BOXSTER GTS',TWO-SEATER,3.4,6,AM7,Z,10.9,7.7,9.5,30,222
JEEP,CHEROKEE,'SUV - SMALL',2.4,4,A9,X,10.9,7.7,9.5,30,223
CHEVROLET,CORVETTE,TWO-SEATER,6.2,8,AS8,Z,15.5,9.2,12.7,22,297
MERCEDES-BENZ,'AMG GT S COUPE',TWO-SEATER,4,8,AM7,Z,14.5,10.8,12.8,22,302
BMW,'435i xDRIVE COUPE',COMPACT,3,6,M6,Z,12.3,8.4,10.5,27,247
AUDI,'A3 CABRIOLET QUATTRO',SUBCOMPACT,2,4,AM6,X,10.8,8,9.5,30,223
GMC,'TERRAIN AWD','SUV - SMALL',2,4,A9,Z,11.2,9,10.2,28,239
MITSUBISHI,LANCER,COMPACT,2.4,4,AV6,X,9.8,7.6,8.8,32,204
BUICK,'LACROSSE eASSIST',MID-SIZE,2.4,4,AS6,X,9.6,6.5,8.2,34,189
BMW,'428i COUPE',COMPACT,2,4,M6,Z,10.7,7,9,31,211
BMW,'M4 CABRIOLET',SUBCOMPACT,3,6,M6,Z,13.7,9.1,11.7,24,273
MERCEDES-BENZ,'GLA 250 4MATIC','SUV - SMALL',2,4,AS7,Z,9.8,7.4,8.7,32,200
NISSAN,'JUKE AWD','STATION WAGON - SMALL',1.6,4,AV,Z,9.3,7.9,8.7,32,200
AUDI,'A7 quattro',MID-SIZE,3,6,AM7,Z,10.9,8.2,9.7,29,226
TOYOTA,Camry,MID-SIZE,2.5,4,AS8,X,8.1,5.7,6.9,41,164
PORSCHE,'911 CARRERA',MINICOMPACT,3.4,6,M7,Z,12.5,8.6,10.7,26,246
JEEP,COMPASS,'SUV - SMALL',2.4,4,A6,X,11.1,8.3,9.8,29,225
VOLKSWAGEN,'Golf SportWagen 4MOTION','STATION WAGON - SMALL',1.8,4,AM6,X,10.8,8.1,9.6,29,224
PORSCHE,'911 CARRERA 4',MINICOMPACT,3.4,6,M7,Z,12.3,8.7,10.7,26,251
VOLKSWAGEN,'Beetle Dune Convertible',SUBCOMPACT,2,4,AS6,X,9.1,6.9,8.1,35,189
MERCEDES-BENZ,'E 400 CABRIOLET',SUBCOMPACT,3.5,6,AS7,Z,11.5,8.1,10,28,230
KIA,'FORTE (GDI)',MID-SIZE,2,4,AS6,X,9.4,7,8.3,34,198
FORD,MUSTANG,SUBCOMPACT,5,8,M6,X,15.5,9.5,12.8,22,300
BMW,'328d xDRIVE',COMPACT,2,4,AS8,D,7.8,5.9,7,40,184
HYUNDAI,Elantra,MID-SIZE,1.6,4,M6,X,10.7,7.8,9.4,30,221
TOYOTA,Avalon,MID-SIZE,3.5,6,AS8,X,10.9,7.6,9.4,30,220
FIAT,500X,'SUV - SMALL',1.4,4,M6,X,9.5,7.1,8.4,34,197
NISSAN,'NV200 CARGO VAN','SPECIAL PURPOSE VEHICLE',2,4,AV,X,10,8.5,9.3,30,214
MERCEDES-BENZ,'AMG GLE 43 4MATIC Coupe','SUV - STANDARD',3,6,A9,Z,14.1,10.9,12.6,22,297
CADILLAC,'CTS SEDAN Vsport',MID-SIZE,3.6,6,AS8,Z,15.1,9.9,12.8,22,294
JEEP,COMPASS,'SUV - SMALL',2,4,A6,X,11.1,8.3,9.8,29,225
PORSCHE,'Cayman GTS',TWO-SEATER,2.5,4,M6,Z,12.3,9.4,11,26,257
HYUNDAI,ELANTRA,MID-SIZE,2,4,AS6,X,9.7,6.7,8.3,34,194
MINI,'Cooper 5 Door',SUBCOMPACT,1.5,3,M6,Z,8.4,6.3,7.5,38,175
JEEP,'CHEROKEE FFV','SUV - SMALL',2.4,4,A9,X,10.9,7.7,9.5,30,223
GMC,'TERRAIN FFV','SUV - SMALL',2.4,4,A6,E,15.6,10.8,13.4,21,214
MERCEDES-BENZ,'Maybach S 650',FULL-SIZE,6,12,A7,Z,18.4,11.1,15.1,19,355
CHEVROLET,COLORADO,'PICKUP TRUCK - SMALL',3.6,6,A8,X,13.4,9.6,11.7,24,274
CHEVROLET,CORVETTE,TWO-SEATER,6.2,8,M7,Z,13.7,8.2,11.2,25,263
LEXUS,'GS 350 AWD',MID-SIZE,3.5,6,AS6,Z,12.3,9.1,10.9,26,254
FORD,MUSTANG,SUBCOMPACT,3.7,6,M6,X,13.6,8.4,11.2,25,264
GMC,'CANYON 4WD','PICKUP TRUCK - SMALL',2.8,4,A6,D,12,8.2,10.3,27,277
RAM,'1500 4X4','PICKUP TRUCK - STANDARD',5.7,8,A6,X,18.7,13.3,16.3,17,382
KIA,FORTE,MID-SIZE,2,4,AS6,X,9.7,6.7,8.3,34,191
INFINITI,'Q60 AWD',SUBCOMPACT,2,4,AS7,Z,11.2,8.5,10,28,233
TOYOTA,'Highlander AWD','SUV - STANDARD',3.5,6,AS8,X,12.1,9,10.6,27,250
DODGE,'JOURNEY FFV','SUV - SMALL',3.6,6,A6,E,18.9,12.9,16.2,17,259
BUICK,'LACROSSE eASSIST',MID-SIZE,2.5,4,A6,X,9.3,6.7,8.1,35,190
FORD,'F-150 FFV 4X4','PICKUP TRUCK - STANDARD',5,8,AS6,X,16,11.3,13.8,20,324
KIA,'SPORTAGE AWD','SUV - SMALL',2.4,4,A6,X,12,9.1,10.7,26,246
DODGE,'CHARGER AWD FFV',FULL-SIZE,3.6,6,A8,E,17.3,11.7,14.8,19,243
MERCEDES-BENZ,'SLS AMG ROADSTER',TWO-SEATER,6.2,8,AS7,Z,18.2,12.6,15.7,18,361
FIAT,500L,'STATION WAGON - SMALL',1.4,4,A6,X,10.6,7.8,9.4,30,216
TOYOTA,'CAMRY HYBRID XLE/SE',MID-SIZE,2.5,4,AV,X,5.8,6.2,6,47,138
NISSAN,JUKE,'STATION WAGON - SMALL',1.6,4,M6,X,8.4,6.9,7.7,37,177
GMC,'Yukon XL 4WD','SUV - STANDARD',6.2,8,A10,Z,17.1,11.3,14.5,19,340
FIAT,'500 HATCHBACK TURBO',MINICOMPACT,1.4,4,M5,X,8.5,6.9,7.8,36,183
DODGE,'AVENGER FFV',MID-SIZE,3.6,6,A6,E,17,11.2,14.4,20,230
CHEVROLET,SILVERADO,'PICKUP TRUCK - STANDARD',6.2,8,A8,Z,16.1,11.4,14,20,322
CADILLAC,'CTS Vsport',MID-SIZE,3.6,6,AS8,Z,15,9.9,12.7,22,299
CADILLAC,'CT4-V AWD',COMPACT,2.7,4,AS10,Z,11.7,8.4,10.2,28,238
GENESIS,'G90 AWD',FULL-SIZE,5,8,AS8,Z,15.2,10.2,13,22,306
MERCEDES-BENZ,'G 63 AMG','SUV - STANDARD',5.5,8,AS7,Z,20,16.6,18.5,15,426
LEXUS,'NX 300h AWD','SUV - SMALL',2.5,4,AV6,X,7.2,7.9,7.5,38,176
MAZDA,'MAZDA3 5-DOOR (SIL)',MID-SIZE,2.5,4,M6,X,9.2,6.6,8.1,35,190
FORD,MUSTANG,SUBCOMPACT,5,8,M6,X,15.5,9.5,12.8,22,300
AUDI,'A7 quattro',MID-SIZE,3,6,AM7,Z,10.9,8.2,9.7,29,226
MASERATI,'GHIBLI S',MID-SIZE,3,6,AS8,Z,14.5,10,12.4,23,293
CADILLAC,XT4,'SUV - SMALL',2,4,AS9,Z,9.8,7.8,8.9,32,209
BMW,'430i xDRIVE CABRIOLET',SUBCOMPACT,2,4,AS8,Z,10.7,7.3,9.1,31,214
MITSUBISHI,'RVR 4WD','SUV - SMALL',2.4,4,AV6,X,10.4,8.5,9.6,29,221
NISSAN,JUKE,'STATION WAGON - SMALL',1.6,4,M6,X,8.4,6.9,7.7,37,177
MERCEDES-BENZ,'GL 350 BLUETEC 4MATIC','SUV - STANDARD',3,6,AS7,D,13.6,10,12,24,322
BMW,'M6 CABRIOLET',SUBCOMPACT,4.4,8,AM7,Z,17.3,11.5,14.7,19,338
LINCOLN,'MKT LIVERY','SPECIAL PURPOSE VEHICLE',2,4,AS6,X,11.5,8.5,10.2,28,235
JEEP,'GRAND CHEROKEE 4X4','SUV - STANDARD',5.7,8,A8,X,16.6,10.7,14,20,328
HYUNDAI,Palisade,'SUV - STANDARD',3.8,6,AS8,X,11.9,8.8,10.5,27,250
MERCEDES-BENZ,'AMG S 65',FULL-SIZE,6,12,AS7,Z,17.6,10.9,14.6,19,349
CHEVROLET,EQUINOX,'SUV - SMALL',1.6,4,A6,D,8.5,6,7.4,38,198
VOLVO,S60,COMPACT,2.5,5,AS6,X,11.3,7.8,9.7,29,223
TOYOTA,'Highlander Hybrid AWD','SUV - STANDARD',2.5,4,AV,X,6.7,6.8,6.7,42,158
SUBARU,'LEGACY AWD',MID-SIZE,2.5,4,AV7,X,9.3,7,8.3,34,193
VOLVO,'S60 T5 AWD',COMPACT,2.5,5,AS6,X,11.6,8.2,10.1,28,232
JEEP,'CHEROKEE 4X4 FFV','SUV - SMALL',2.4,4,A9,E,15.9,11,13.7,21,226
CHEVROLET,TRAVERSE,'SUV - STANDARD',2,4,A9,Z,11.7,9,10.5,27,246
TOYOTA,'SEQUOIA 4WD','SUV - STANDARD',5.7,8,AS6,X,19,13.9,16.7,17,384
HYUNDAI,'SANTA FE','SUV - SMALL',3.3,6,AS6,X,12.9,9.4,11.3,25,265
TOYOTA,'HIGHLANDER HYBRID AWD','SUV - STANDARD',3.5,6,AV6,X,8,8.6,8.3,34,191
NISSAN,'PATHFINDER 4WD','SUV - SMALL',3.5,6,AV,X,12.1,8.9,10.7,26,250
MINI,'COOPER S 5 DOOR',SUBCOMPACT,2,4,M6,Z,10,7,8.6,33,198
VOLVO,'V60 CC T5 AWD','STATION WAGON - SMALL',2,4,AS8,X,10.8,7.8,9.4,30,220
NISSAN,FRONTIER,'PICKUP TRUCK - SMALL',2.5,4,M5,X,12.2,10.4,11.4,25,268
GMC,'SIERRA FFV','PICKUP TRUCK - STANDARD',5.3,8,A6,X,14.6,10.4,12.7,22,298
SCION,FR-S,MINICOMPACT,2,4,M6,Z,10.9,7.9,9.6,29,224
MERCEDES-BENZ,'AMG GLE 63 S COUPE 4MATIC','SUV - STANDARD',5.5,8,AS7,Z,17.2,12.8,15.2,19,363
MERCEDES-BENZ,'CLS 400 4MATIC',COMPACT,3,6,AS7,Z,12.2,8.8,10.7,26,252
TOYOTA,C-HR,COMPACT,2,4,AS7,X,8.7,7.5,8.2,34,189
CHEVROLET,'CORVETTE Z06',TWO-SEATER,6.2,8,AS8,Z,17.7,10.2,14.3,20,335
MERCEDES-BENZ,'G 63 AMG','SUV - STANDARD',5.5,8,AS7,Z,20,16.6,18.5,15,426
GMC,'YUKON XL 4WD','SUV - STANDARD',5.3,8,A6,E,22.1,15.4,19.1,15,306
MAZDA,MX-5,TWO-SEATER,2,4,AS6,Z,9,6.7,8,35,187
AUDI,A4,COMPACT,2,4,AM7,Z,8.6,6.4,7.6,37,177
FORD,MUSTANG,SUBCOMPACT,3.7,6,M6,X,13.5,8.3,11.2,25,258
CHEVROLET,'EXPRESS 2500 PASSENGER FFV','VAN - PASSENGER',6,8,A6,E,30.3,20.5,25.9,11,414
DODGE,'JOURNEY FFV','SUV - SMALL',3.6,6,A6,E,19.1,13.2,16.4,17,274
TOYOTA,'RAV4 LE/XLE','SUV - SMALL',2.5,4,AS6,X,10,7.6,8.9,32,205
CHRYSLER,'200 SEDAN FFV',MID-SIZE,3.6,6,A6,X,12.5,8.1,10.5,27,242
VOLKSWAGEN,'BEETLE CONVERTIBLE',SUBCOMPACT,1.8,4,AS6,X,9.8,7.3,8.7,32,200
AUDI,A8L,FULL-SIZE,4,8,AS8,Z,13.1,8.3,10.9,26,255
BMW,'428i COUPE',COMPACT,2,4,M6,Z,10.7,7,9,31,211
NISSAN,SENTRA,MID-SIZE,1.8,4,AV,X,8.1,6.3,7.3,39,171
DODGE,'Challenger SRT Hellcat',MID-SIZE,6.2,8,M6,Z,18.1,11.4,15.1,19,352
GMC,'Yukon XL','SUV - STANDARD',5.3,8,A6,X,15.7,10.5,13.4,21,314
AUDI,'Q3 QUATTRO',COMPACT,2,4,AS6,Z,11.9,8.4,10.3,27,237
CADILLAC,'CT6 AWD',FULL-SIZE,3.6,6,AS10,X,13,8.8,11.1,25,261
MAZDA,'MAZDA6 (i-ELOOP)',MID-SIZE,2.5,4,AS6,X,8.9,6.7,7.9,36,186
LEXUS,'NX 300h AWD','SUV - SMALL',2.5,4,AV6,X,7.2,7.9,7.5,38,176
CHEVROLET,'EQUINOX FFV','SUV - SMALL',2.4,4,A6,X,10.5,7.3,9.1,31,209
MERCEDES-BENZ,'C 250 COUPE',SUBCOMPACT,1.8,4,AS7,Z,11,7.4,9.4,30,216
PORSCHE,'911 Carrera S Cabriolet',MINICOMPACT,3,6,AM8,Z,12.7,10.2,11.6,24,272
AUDI,'A5 QUATTRO',SUBCOMPACT,2,4,M6,Z,10.6,7.3,9.1,31,209
AUDI,'A3 CABRIOLET QUATTRO',SUBCOMPACT,2,4,AM6,Z,10.1,7.5,8.9,32,205
LEXUS,'GS 350 AWD',MID-SIZE,3.5,6,AS6,Z,12.3,9.1,10.9,26,254
PORSCHE,'MACAN GTS','SUV - SMALL',3,6,A7,Z,13.8,10.3,12.3,23,287
KIA,'Sorento AWD','SUV - SMALL',3.3,6,AS8,X,12.3,9.5,11.1,25,261
DODGE,'JOURNEY FFV','SUV - SMALL',3.6,6,A6,X,14.2,9.5,12.1,23,284
JEEP,'CHEROKEE 4X4 ACTIVE DRIVE II','SUV - SMALL',3.2,6,A9,X,12.8,9,11.1,25,259
AUDI,'A5 CABRIOLET QUATTRO',SUBCOMPACT,2,4,AS8,Z,11.3,8,9.8,29,230
DODGE,'JOURNEY FFV','SUV - SMALL',3.6,6,A6,X,14.2,9.5,12.1,23,284
LEXUS,'NX 300h AWD','SUV - SMALL',2.5,4,AV6,X,7.2,7.9,7.5,38,176
FORD,MUSTANG,SUBCOMPACT,3.7,6,M6,X,13.6,8.4,11.2,25,264
'LAND ROVER',LR4,'SUV - STANDARD',3,6,AS8,Z,16.2,12.1,14.3,20,336
PORSCHE,'911 TARGA 4',MINICOMPACT,3.4,6,M7,Z,12.9,9,11.1,25,255
DODGE,'CHARGER AWD',FULL-SIZE,3.6,6,A8,X,12.8,8.7,11,26,258
FORD,'F-150 4X4','PICKUP TRUCK - STANDARD',3,6,AS10,D,11.8,9.3,10.7,26,287
FORD,'EDGE AWD','SUV - SMALL',2.7,6,AS6,X,13.8,9.8,12,24,281
DODGE,'CHALLENGER SRT (MDS)',MID-SIZE,6.4,8,A8,Z,15.7,9.5,12.9,22,302
VOLVO,'V60 POLESTAR','STATION WAGON - SMALL',2,4,AS8,Z,11.8,8.5,10.3,27,241
MINI,'JOHN COOPER WORKS',SUBCOMPACT,2,4,AS6,Z,9.4,7.5,8.5,33,199
BMW,'320i SEDAN',COMPACT,2,4,AS8,Z,10,6.5,8.4,34,193
CHEVROLET,SONIC,COMPACT,1.4,4,M6,X,8.5,6.2,7.5,38,173
'LAND ROVER','RANGE ROVER EVOQUE','SUV - SMALL',2,4,AS9,Z,11.3,7.9,9.7,29,229
PORSCHE,'PANAMERA 4S EXECUTIVE',FULL-SIZE,3,6,AM7,Z,13.7,8.9,11.5,25,264
HYUNDAI,Elantra,MID-SIZE,1.6,4,AM7,X,8.9,7,8.1,35,192
CHEVROLET,EQUINOX,'SUV - SMALL',3.6,6,A6,E,18.8,13.1,16.2,17,259
SUBARU,'IMPREZA AWD',COMPACT,2.5,4,M6,Z,14.2,10.4,12.5,23,288
BMW,M235i,SUBCOMPACT,3,6,AS8,Z,11.6,7.7,9.9,29,232
MASERATI,'GranTurismo Convertible',SUBCOMPACT,4.7,8,AS6,Z,17.8,11.6,15,19,354
'ASTON MARTIN','Vantage V8',TWO-SEATER,4,8,A8,Z,12.7,9.4,11.2,25,264
'ALFA ROMEO','4C Spider',TWO-SEATER,1.8,4,AM6,Z,9.7,6.9,8.4,34,197
CHEVROLET,SILVERADO,'PICKUP TRUCK - STANDARD',5.3,8,A6,X,14.6,10.4,12.7,22,298
GMC,'Yukon XL FFV','SUV - STANDARD',5.3,8,A6,E,21.2,13.9,17.9,16,298
DODGE,'JOURNEY AWD','SUV - SMALL',3.6,6,A6,X,14.5,10,12.4,23,292
GMC,'Yukon XL 4WD','SUV - STANDARD',6.2,8,A10,Z,17.1,11.3,14.5,19,340
RAM,'1500 4X4 ECODIESEL','PICKUP TRUCK - STANDARD',3,6,A8,D,12.3,8.8,10.8,26,289
CHEVROLET,TRAVERSE,'SUV - STANDARD',2,4,A9,Z,11.7,9,10.5,27,246
KIA,SEDONA,MINIVAN,3.5,6,A6,X,13.7,9.9,12,24,276
LAMBORGHINI,'HURACAN AWD',TWO-SEATER,5.2,10,AM7,Z,17.2,12.2,15,19,349
VOLKSWAGEN,'GOLF R',COMPACT,2,4,M6,Z,11.1,8.1,9.8,29,227
FORD,FUSION,MID-SIZE,2.5,4,AS6,X,10.5,7,8.9,32,205
JAGUAR,'F-TYPE CONVERTIBLE',TWO-SEATER,3,6,M6,Z,14.9,9.8,12.6,22,296
MAZDA,'CX-5 (Cylinder Deactivation)','SUV - SMALL',2.5,4,AS6,X,9.3,7.6,8.5,33,201
FORD,'F-150 4X4 (Payload Pkg)','PICKUP TRUCK - STANDARD',3.5,6,AS10,X,14.7,11.2,13.1,22,308
RAM,'1500 4X4','PICKUP TRUCK - STANDARD',3.6,6,A8,X,14.6,10.1,12.6,22,290
CADILLAC,CTS-V,MID-SIZE,6.2,8,AS8,Z,16.6,11.1,14.1,20,332
GENESIS,'G90 AWD',FULL-SIZE,3.3,6,AS8,Z,13.6,9.5,11.8,24,280
LINCOLN,'MKT LIVERY','SPECIAL PURPOSE VEHICLE',2,4,AS6,X,11.5,8.4,10.1,28,232
FORD,'F-150 4X4 (LT Tire Pkg)','PICKUP TRUCK - STANDARD',3,6,AS10,D,11.8,9.3,10.7,26,288
ROLLS-ROYCE,WRAITH,MID-SIZE,6.6,12,A8,Z,18.7,11.8,15.6,18,359
NISSAN,'370Z ROADSTER',TWO-SEATER,3.7,6,M6,Z,13.6,9.7,11.8,24,278
FORD,'EXPLORER FFV','SUV - STANDARD',3.5,6,AS6,X,13.7,9.7,11.9,24,274
MINI,'COOPER CLUBMAN ALL4',MID-SIZE,1.5,3,AS8,Z,10.2,7.8,9.1,31,213
TOYOTA,'Tacoma 4WD','PICKUP TRUCK - SMALL',3.5,6,AS6,X,13,10.5,11.9,24,278
PORSCHE,'911 TARGA 4',MINICOMPACT,3.4,6,M7,Z,12.9,9,11.1,25,255
LINCOLN,'MKZ HYBRID',MID-SIZE,2,4,AV,X,5.7,6.2,5.9,48,139
NISSAN,'Frontier 4WD','PICKUP TRUCK - SMALL',4,6,A5,X,15.8,11.5,13.9,20,326
CHEVROLET,CORVETTE,TWO-SEATER,6.2,8,M7,Z,13.7,8.2,11.2,25,263
LEXUS,'GS 350 AWD',MID-SIZE,3.5,6,AS6,Z,12.3,9.1,10.9,26,254
AUDI,S3,SUBCOMPACT,2,4,AM7,Z,10.7,8,9.5,30,222
GMC,SIERRA,'PICKUP TRUCK - STANDARD',5.3,8,A8,X,14.9,10.9,13.1,22,307
FORD,'ESCAPE AWD','SUV - SMALL',2,4,AS6,X,11.4,8.4,10,28,236
MERCEDES-BENZ,'AMG GLE 43 4MATIC','SUV - STANDARD',3,6,A9,Z,14,10.6,12.4,23,292
HONDA,'Odyssey Touring',MINIVAN,3.5,6,AS10,X,12.2,8.5,10.6,27,247
MITSUBISHI,'Mirage G4',COMPACT,1.2,3,M5,X,7.2,5.9,6.6,43,153
GMC,'SIERRA 4WD FFV','PICKUP TRUCK - STANDARD',5.3,8,A6,E,20.5,14.4,17.8,16,295
NISSAN,JUKE,'STATION WAGON - SMALL',1.6,4,M6,Z,8.5,6.9,7.8,36,183
PORSCHE,PANAMERA,FULL-SIZE,3.6,6,AM7,Z,12.9,8.4,10.9,26,255
MAZDA,'CX-5 4WD','SUV - SMALL',2.5,4,AS6,X,9.9,7.9,9,31,207
BMW,'435i xDRIVE COUPE',COMPACT,3,6,AS8,Z,12,7.9,10.2,28,238
NISSAN,Micra,COMPACT,1.6,4,A4,X,9,6.8,8,35,188
INFINITI,'Q60 AWD',SUBCOMPACT,3,6,AS7,Z,12.3,8.7,10.7,26,251
CHRYSLER,'200 SEDAN FFV',MID-SIZE,3.6,6,A6,X,12.5,8.1,10.5,27,242
CHEVROLET,'TAHOE 4WD FFV','SUV - STANDARD',5.3,8,A6,X,15.2,10.8,13.2,21,310
FORD,'F-150 FFV','PICKUP TRUCK - STANDARD',3.5,6,A6,X,13.2,9.7,11.6,24,272
DODGE,'CHALLENGER SRT HELLCAT',MID-SIZE,6.2,8,M6,Z,18.1,11.4,15.1,19,352
PORSCHE,'CAYENNE PLATINUM','SUV - STANDARD',3.6,6,A8,Z,13.6,10.2,12.1,23,281
FORD,'Mustang (Performance Pkg)',SUBCOMPACT,2.3,4,AS10,X,11.8,8.4,10.3,27,242
TOYOTA,'SEQUOIA 4WD','SUV - STANDARD',5.7,8,AS6,X,19,13.9,16.7,17,384
SCION,xB,'STATION WAGON - SMALL',2.4,4,M5,X,10.8,8.5,9.8,29,225
CHRYSLER,'Pacifica (Stop-Start)',MINIVAN,3.6,6,A9,X,12.4,8.4,10.6,27,249
ROLLS-ROYCE,'PHANTOM DROPHEAD COUPE',COMPACT,6.7,12,A8,Z,20.7,12.7,17.1,17,393
FORD,FIESTA,SUBCOMPACT,1.6,4,AM6,X,8.6,6.4,7.6,37,179
BUICK,'Regal AWD',MID-SIZE,3.6,6,AS9,X,12.4,8.7,10.7,26,251
FORD,'FOCUS FFV',COMPACT,2,4,AM6,E,12.2,8.8,10.6,27,177
DODGE,CHALLENGER,MID-SIZE,3.6,6,A5,X,13.2,8.7,11.2,25,258
DODGE,'JOURNEY FFV','SUV - SMALL',3.6,6,A6,E,18.9,12.9,16.2,17,259
FORD,'TAURUS AWD',FULL-SIZE,3.5,6,AS6,X,14.7,9.8,12.5,23,293
MERCEDES-BENZ,'CLA 250',COMPACT,2,4,AS7,Z,9.4,6.4,8.1,35,188
JEEP,'Cherokee 4X4 Active Drive I','SUV - SMALL',2.4,4,A9,X,11.2,8,9.8,29,230
MINI,'COOPER CONVERTIBLE',MINICOMPACT,1.6,4,M6,Z,8.6,6.8,7.8,36,179
MERCEDES-BENZ,'E 350 CABRIOLET',SUBCOMPACT,3.5,6,AS7,Z,12,8.5,10.4,27,239
MERCEDES-BENZ,'E 400 COUPE',SUBCOMPACT,3,6,AS7,Z,11.8,8.4,10.2,28,239
HYUNDAI,ELANTRA,MID-SIZE,2,4,AS6,X,8.3,6.4,7.4,38,174
CHEVROLET,Blazer,'SUV - SMALL',3.6,6,A9,X,12,9,10.6,27,250
BMW,'440i xDRIVE COUPE',COMPACT,3,6,M6,Z,12.2,8.4,10.5,27,245
CHEVROLET,TAHOE,'SUV - STANDARD',5.3,8,A6,E,20.2,13.6,17.2,16,275
SCION,tC,COMPACT,2.5,4,AS6,X,10.2,7.5,9,31,207
TOYOTA,'RAV4 HYBRID AWD','SUV - SMALL',2.5,4,AV6,X,6.9,7.6,7.2,39,169
DODGE,'CHALLENGER GT AWD FFV',MID-SIZE,3.6,6,A8,X,12.8,8.7,11,26,258
GMC,Acadia,'SUV - STANDARD',2.5,4,A6,X,11.1,9.2,10.2,28,237
BMW,'X7 xDrive40i','SUV - STANDARD',3,6,AS8,Z,12,9.4,10.8,26,254
MERCEDES-BENZ,'S 560 4MATIC',FULL-SIZE,4,8,A9,Z,13.5,8.6,11.3,25,265
LEXUS,'UX 250h',COMPACT,2,4,AV6,X,5.5,5.7,5.6,50,130
GMC,'YUKON 4WD','SUV - STANDARD',5.3,8,A6,X,15.1,10.4,13,22,299
FORD,FIESTA,SUBCOMPACT,1.6,4,AS6,X,8.7,6.4,7.6,37,175
RAM,'1500 4X4 FFV','PICKUP TRUCK - STANDARD',3.6,6,A8,X,14.5,10.2,12.6,22,294
TOYOTA,'COROLLA LE ECO (2-mode)',MID-SIZE,1.8,4,AV,X,7.8,5.9,6.9,41,159
LEXUS,'GS 350',MID-SIZE,3.5,6,AS8,Z,12.3,8.5,10.6,27,244
MINI,'COOPER S PACEMAN ALL4',COMPACT,1.6,4,AS6,Z,10.1,7.8,9,31,207
GMC,Acadia,'SUV - STANDARD',2.5,4,A6,X,11.1,9.2,10.2,28,237
INFINITI,'QX50 AWD','SUV - SMALL',2,4,AV8,Z,10.8,8.3,9.7,29,228
BUICK,'ENCLAVE AWD','SUV - STANDARD',3.6,6,A6,X,14.6,10.2,12.6,22,290
MASERATI,'GHIBLI AWD',MID-SIZE,3,6,AS8,Z,15.2,9.6,12.7,22,292
MERCEDES-BENZ,'METRIS CARGO','SPECIAL PURPOSE VEHICLE',2,4,AS7,Z,10.8,9.5,10.2,28,233
DODGE,Challenger,MID-SIZE,5.7,8,M6,Z,15.6,10.1,13.1,22,307
FORD,'F-150 FFV 4X4','PICKUP TRUCK - STANDARD',5,8,AS10,E,20,15.6,18,16,300
KIA,'SEDONA SX',MINIVAN,3.3,6,AS6,X,12.9,9.5,11.4,25,269
SUBARU,'IMPREZA AWD',COMPACT,2,4,M5,X,9.6,7.1,8.5,33,196
LEXUS,'LS 600h L',MID-SIZE,5,8,AV8,Z,12.7,10.1,11.5,25,268
VOLVO,'XC60 T5 AWD','SUV - SMALL',2.5,5,AS6,X,12.5,9.2,11,26,254
CHEVROLET,'TAHOE 4WD FFV','SUV - STANDARD',5.3,8,A6,X,15.2,10.8,13.2,21,310
PORSCHE,'911 CARRERA 4 GTS',MINICOMPACT,3.8,6,AM7,Z,12.6,9.2,11.1,25,255
BMW,'X3 xDRIVE28d','SUV - SMALL',2,4,AS8,D,8.6,6.9,7.9,36,213
SCION,FR-S,MINICOMPACT,2,4,M6,Z,10.9,7.9,9.6,29,224
FORD,'F-150 (LT Tire Pkg)','PICKUP TRUCK - STANDARD',3.5,6,AS10,X,13,10.2,11.7,24,274
JEEP,'WRANGLER 4X4','SUV - SMALL',3.6,6,A5,X,14.1,11.1,12.8,22,299
BUICK,'REGAL eASSIST',MID-SIZE,2.4,4,AS6,X,9.6,6.5,8.2,34,193
BMW,'440i xDRIVE GRAN COUPE',COMPACT,3,6,AS8,Z,11.4,7.8,9.8,29,228
GMC,'YUKON 4WD','SUV - STANDARD',5.3,8,A6,X,15.2,10.8,13.2,21,310
JAGUAR,'F-TYPE V8 S CONVERTIBLE',TWO-SEATER,5,8,AS8,Z,15,10.2,12.8,22,294
CHEVROLET,COLORADO,'PICKUP TRUCK - SMALL',2.5,4,A6,X,12.1,9.2,10.8,26,253
PORSCHE,'CAYENNE TURBO S','SUV - STANDARD',4.8,8,A8,Z,18,11.9,15.2,19,358
LAMBORGHINI,HURACAN,TWO-SEATER,5.2,10,AM7,Z,16.8,11.4,14.4,20,336
VOLKSWAGEN,CC,COMPACT,2,4,AM6,Z,10.7,7.7,9.3,30,214
ACURA,TLX,COMPACT,3.5,6,AS9,Z,11.2,6.9,9.2,31,212
FORD,'E350 WAGON FFV','VAN - PASSENGER',5.4,8,A4,E,26.7,20.5,23.9,12,382
GMC,Canyon,'PICKUP TRUCK - SMALL',2.5,4,A6,X,12.1,9.2,10.8,26,253
INFINITI,Q70,MID-SIZE,3.7,6,AS7,Z,12.8,8.9,11,26,253
HONDA,'RIDGELINE AWD','PICKUP TRUCK - STANDARD',3.5,6,A6,X,12.8,9.5,11.3,25,264
AUDI,'A7 quattro',MID-SIZE,3,6,AM7,Z,10.9,8.2,9.7,29,226
MITSUBISHI,LANCER,COMPACT,2,4,AV6,X,9.2,7,8.2,34,189
AUDI,'A4 QUATTRO',COMPACT,2,4,AS8,Z,11,7.8,9.6,29,221
'ASTON MARTIN','V8 VANTAGE S',TWO-SEATER,4.7,8,M6,Z,18.1,12.2,15.4,18,354
DODGE,'CHALLENGER SRT',MID-SIZE,6.4,8,M6,Z,16.7,10.4,13.9,20,325
BMW,'328d xDRIVE',COMPACT,2,4,AS8,D,7.8,5.9,7,40,184
BMW,M3,COMPACT,3,6,M6,Z,13.5,9.3,11.6,24,273
BUICK,'Envision AWD','SUV - SMALL',2,4,A9,Z,11.7,9.4,10.7,26,250
RAM,'1500 Classic','PICKUP TRUCK - STANDARD',5.7,8,A8,X,15.7,11,13.6,21,319
CHEVROLET,'SILVERADO 4WD','PICKUP TRUCK - STANDARD',5.3,8,A6,E,19.9,14.2,17.3,16,277
HYUNDAI,ELANTRA,MID-SIZE,1.8,4,M6,X,8.8,6.4,7.7,37,177
HYUNDAI,'ELANTRA GT',FULL-SIZE,2,4,M6,X,9.8,7.3,8.7,32,205
AUDI,'A3 CABRIOLET QUATTRO',SUBCOMPACT,2,4,AM6,Z,10.1,7.5,8.9,32,205
MERCEDES-BENZ,'AMG S 63 4MATIC',FULL-SIZE,5.5,8,AS7,Z,15.7,10.1,13.2,21,313
FORD,'F-150 4X4','PICKUP TRUCK - STANDARD',2.7,6,AS6,X,13.1,10.1,11.7,24,275
TOYOTA,COROLLA,MID-SIZE,1.8,4,AV7,X,8.3,6.7,7.5,38,178
BMW,'330i xDRIVE GRAN TURISMO',FULL-SIZE,2,4,AS8,Z,10.5,7.4,9.1,31,213
ROLLS-ROYCE,GHOST,FULL-SIZE,6.6,12,AS8,Z,19.2,12.4,16.1,18,370
HONDA,Odyssey,MINIVAN,3.5,6,AS9,X,12.6,8.4,10.7,26,252
PORSCHE,'911 Carrera 4S',MINICOMPACT,3,6,M7,Z,12.1,8.4,10.4,27,243
MINI,'COOPER S CONVERTIBLE',MINICOMPACT,1.6,4,M6,Z,9.1,6.8,8.1,35,186
DODGE,'CHALLENGER GT AWD FFV',MID-SIZE,3.6,6,A8,X,12.8,8.7,11,26,258
JEEP,Compass,'SUV - SMALL',2.4,4,A6,X,10.6,7.6,9.3,30,218
HYUNDAI,'ELANTRA GT',MID-SIZE,2,4,M6,X,9.8,6.9,8.5,33,196
'ALFA ROMEO','STELVIO AWD','SUV - SMALL',2,4,A8,Z,10.8,8.3,9.6,29,226
JEEP,Renegade,'SUV - SMALL',1.3,4,A9,X,9.8,7.4,8.7,32,204
MERCEDES-BENZ,'GLA 250 4MATIC','SUV - SMALL',2,4,AS7,Z,9.8,7.4,8.7,32,200
HYUNDAI,'ELANTRA GT',MID-SIZE,2,4,M6,X,9.8,6.9,8.5,33,196
MAZDA,'CX-5 4WD','SUV - SMALL',2,4,AS6,X,9.3,7.6,8.5,33,196
JEEP,'WRANGLER JK UNLIMITED 4X4','SUV - SMALL',3.6,6,M6,X,15,11.4,13.3,21,312
MERCEDES-BENZ,'E 350 CABRIOLET',SUBCOMPACT,3.5,6,AS7,Z,12,8.5,10.4,27,239
CHEVROLET,CORVETTE,TWO-SEATER,6.2,8,AS8,Z,15.5,9.2,12.7,22,297
JEEP,COMPASS,'SUV - SMALL',2,4,AV,X,10.8,8.9,10,28,234
PORSCHE,'CAYENNE TURBO','SUV - STANDARD',4.8,8,A8,Z,16.7,11.2,14.2,20,334
DODGE,Challenger,MID-SIZE,3.6,6,A8,X,12.4,7.8,10.3,27,242
JEEP,CHEROKEE,'SUV - SMALL',2.4,4,A9,X,10.9,7.7,9.5,30,223
JEEP,'COMPASS 4X4','SUV - SMALL',2.4,4,A6,X,11.4,8.7,10.2,28,235
CHEVROLET,'COLORADO 4WD','PICKUP TRUCK - SMALL',2.8,4,A6,D,12,8.2,10.3,27,277
HONDA,HR-V,'STATION WAGON - SMALL',1.8,4,M6,X,9.4,7.1,8.4,34,195
CHEVROLET,CORVETTE,TWO-SEATER,6.2,8,AS8,Z,15.5,9.2,12.7,22,297
TOYOTA,'SEQUOIA 4WD','SUV - STANDARD',5.7,8,AS6,X,19,13.9,16.7,17,384
MASERATI,'GHIBLI AWD',MID-SIZE,3,6,AS8,Z,15.2,9.6,12.7,22,292
MAZDA,MAZDA6,MID-SIZE,2.5,4,AS6,X,9.1,6.7,8,35,187
LAMBORGHINI,'GALLARDO COUPE',TWO-SEATER,5.2,10,A6,Z,18,12.8,15.7,18,361
KIA,'SPORTAGE AWD','SUV - SMALL',2.4,4,A6,X,12,9.1,10.7,26,246
ACURA,'TLX SH-AWD',COMPACT,3.5,6,AS9,Z,11.4,7.7,9.8,29,228
CHEVROLET,CORVETTE,TWO-SEATER,6.2,8,M7,Z,14.2,9,11.9,24,278
NISSAN,'MURANO AWD','STATION WAGON - MID-SIZE',3.5,6,AV7,X,11.2,8.4,9.9,29,232
ACURA,TLX,COMPACT,3.5,6,AS9,Z,11.2,6.9,9.2,31,212
GMC,'YUKON 4WD','SUV - STANDARD',5.3,8,A6,X,15.2,10.8,13.2,21,310
GMC,'TERRAIN FFV','SUV - SMALL',2.4,4,A6,X,10.5,7.3,9.1,31,214
'ASTON MARTIN','VANTAGE GT',TWO-SEATER,4.7,8,AM7,Z,17.4,11.3,14.7,19,343
JEEP,Compass,'SUV - SMALL',2.4,4,A6,X,10.6,7.6,9.3,30,218
BUICK,LACROSSE,MID-SIZE,3.6,6,AS6,E,18.7,12.4,15.8,18,253
MITSUBISHI,OUTLANDER,'SUV - SMALL',2.4,4,AV6,X,9.5,7.5,8.6,33,198
'ASTON MARTIN','DB11 V12',MINICOMPACT,5.2,12,A8,Z,15.5,11.4,13.7,21,322
CHRYSLER,300,FULL-SIZE,3.6,6,A8,X,12.4,7.8,10.3,27,242
MERCEDES-BENZ,'CLS 400 4MATIC',COMPACT,3,6,AS7,Z,12.2,8.8,10.7,26,252
VOLVO,'XC60 T5 AWD','SUV - SMALL',2.5,5,AS6,X,12.5,9.2,11,26,254
CADILLAC,'ATS AWD',COMPACT,2,4,AS8,Z,10.8,7.9,9.5,30,222
SCION,iQ,MINICOMPACT,1.3,4,AV,X,6.5,6.3,6.4,44,147
CADILLAC,CTS,MID-SIZE,2,4,AS6,Z,11.5,7.9,9.9,29,228
BMW,'330i xDRIVE GRAN TURISMO',FULL-SIZE,2,4,AS8,Z,10.5,7.4,9.1,31,213
GMC,'YUKON FFV','SUV - STANDARD',5.3,8,A6,E,19.8,13.9,17.2,16,285
FORD,'F-150 FFV 4X4','PICKUP TRUCK - STANDARD',3.3,6,AS6,X,12.8,10.2,11.6,24,273
PORSCHE,'911 TARGA 4 GTS',MINICOMPACT,3,6,AM7,Z,12.1,9.2,10.8,26,251
JAGUAR,'F-TYPE V8 R COUPE',TWO-SEATER,5,8,AS8,Z,15,10.2,12.8,22,294
JEEP,'RENEGADE FFV','SUV - SMALL',2.4,4,A9,X,10.8,7.8,9.5,30,222
LINCOLN,'Continental AWD',FULL-SIZE,3.7,6,AS6,X,14.3,9.7,12.2,23,287
BMW,'550i xDRIVE',MID-SIZE,4.4,8,A8,Z,14.4,9.6,12.2,23,281
CHEVROLET,'Camaro ZL1',SUBCOMPACT,6.2,8,M6,Z,17.2,12,14.9,19,349
AUDI,'TT ROADSTER QUATTRO',TWO-SEATER,2,4,AM6,X,10.1,7.8,9.1,31,209
MAZDA,CX-5,'SUV - SMALL',2.5,4,AS6,X,9.8,7.7,8.6,33,204
DODGE,CHALLENGER,MID-SIZE,3.6,6,A8,X,12.4,7.8,10.3,27,242
CHEVROLET,Tahoe,'SUV - STANDARD',5.3,8,A6,X,15.7,10.5,13.4,21,314
MERCEDES-BENZ,'S 560 4MATIC',FULL-SIZE,4,8,A9,Z,13.5,8.6,11.3,25,265
MERCEDES-BENZ,'E 300 4MATIC',MID-SIZE,3.5,6,AS7,Z,11.9,8.2,10.2,28,235
TOYOTA,'RAV4 Hybrid AWD','SUV - SMALL',2.5,4,AV6,X,5.8,6.3,6,47,140
PORSCHE,'911 TURBO S',MINICOMPACT,3.8,6,AM7,Z,12.6,9.9,11.4,25,266
KIA,SOUL,'STATION WAGON - SMALL',1.6,4,AS6,X,9.4,7.8,8.7,32,205
MERCEDES-BENZ,'C 300 4MATIC',COMPACT,2,4,A9,Z,11,7.3,9.4,30,219
JEEP,'NEW COMPASS 4X4','SUV - SMALL',2.4,4,M6,X,10.8,7.6,9.4,30,221
SCION,xD,SUBCOMPACT,1.8,4,M5,X,8.6,7.1,7.9,36,182
FORD,'F-150 4X4','PICKUP TRUCK - STANDARD',3,6,AS10,D,11.8,9.3,10.7,26,287
MITSUBISHI,'LANCER SPORTBACK','STATION WAGON - SMALL',2,4,AV6,X,9.6,7.3,8.6,33,198
PORSCHE,MACAN,'SUV - SMALL',2,4,A7,Z,11.6,9.3,10.6,27,248
HONDA,'Civic Coupe',COMPACT,1.5,4,AV7,X,7.8,6.4,7.2,39,167
HONDA,'CR-V AWD','SUV - SMALL',2.4,4,AV,X,9.5,7.5,8.6,33,202
DODGE,Challenger,MID-SIZE,5.7,8,M6,Z,15.6,10.1,13.1,22,307
MITSUBISHI,LANCER,COMPACT,2.4,4,AV6,X,9.8,7.6,8.8,32,204
CHEVROLET,'CAMARO ZL1',COMPACT,6.2,8,M6,Z,16.6,12.4,14.7,19,338
GMC,YUKON,'SUV - STANDARD',5.3,8,A6,E,21.5,14.6,18.4,15,294
DODGE,'Durango AWD SRT','SUV - STANDARD',6.4,8,A8,Z,18.3,12.2,15.6,18,363
SUBARU,'Outback AWD','SUV - SMALL',2.4,4,AV8,X,10.1,7.9,9.1,31,213
MAZDA,'CX-5 4WD','SUV - SMALL',2.5,4,AS6,X,9.8,7.9,9,31,210
CHEVROLET,Blazer,'SUV - SMALL',3.6,6,A9,X,12,9,10.6,27,250
FORD,'TRANSIT CONNECT VAN FFV','SPECIAL PURPOSE VEHICLE',2.5,4,AS6,X,11.9,8.7,10.4,27,244
BMW,'430i xDRIVE CABRIOLET',SUBCOMPACT,2,4,AS8,Z,10.7,7.3,9.1,31,214
TOYOTA,'Prius c',COMPACT,1.5,4,AV,X,4.9,5.5,5.1,55,120
GMC,'Yukon XL FFV','SUV - STANDARD',5.3,8,A6,E,21.2,13.9,17.9,16,298
VOLKSWAGEN,'GOLF SPORTWAGEN','STATION WAGON - SMALL',1.8,4,AS6,X,9.6,7.2,8.5,33,199
VOLVO,'XC60 T6 AWD','SUV - SMALL',2,4,AS8,Z,11.8,9.1,10.6,27,247
SUBARU,'Impreza 5-Door AWD','STATION WAGON - SMALL',2,4,AV7,X,8.4,6.6,7.6,37,177
HYUNDAI,'SANTA FE SPORT AWD','SUV - SMALL',2,4,AS6,X,12.9,9.7,11.5,25,266
NISSAN,Micra,COMPACT,1.6,4,A4,X,9,6.8,8,35,188
AUDI,'A3 CABRIOLET QUATTRO',SUBCOMPACT,2,4,AM6,X,10.8,8,9.5,30,223
GMC,'SAVANA 3500 PASSENGER','VAN - PASSENGER',4.8,8,A6,X,21.3,14.3,18.2,16,419
MINI,'COOPER COUNTRYMAN',COMPACT,1.6,4,M6,Z,8.6,6.8,7.8,36,179
JEEP,'COMPASS 4X4 TRAIL RATED','SUV - SMALL',2.4,4,AV,X,11.7,10.3,11.1,25,259
VOLKSWAGEN,'Golf SportWagen 4MOTION','STATION WAGON - SMALL',1.8,4,AM6,X,10.8,8.1,9.6,29,224
LEXUS,'RX 450h AWD','SUV - STANDARD',3.5,6,AV6,Z,7.5,8.4,7.9,36,185
SUBARU,'LEGACY AWD',MID-SIZE,2.5,4,AV7,X,9.3,7,8.3,34,193
JAGUAR,'XE 25t AWD',COMPACT,2,4,AS8,Z,9.8,6.9,8.5,33,200
PORSCHE,Boxster,TWO-SEATER,2,4,AM7,Z,10.5,8,9.4,30,219
GMC,'TERRAIN FFV','SUV - SMALL',2.4,4,A6,X,10.5,7.3,9.1,31,214
TOYOTA,AVALON,MID-SIZE,3.5,6,AS6,X,11.4,7.7,9.7,29,226
FIAT,'500 HATCHBACK',MINICOMPACT,1.4,4,M5,X,7.6,5.9,6.8,42,156
INFINITI,'Q60 AWD',SUBCOMPACT,2,4,AS7,Z,11.2,8.5,10,28,233
CHEVROLET,'Colorado ZR2 4WD','PICKUP TRUCK - SMALL',3.6,6,A8,X,15,13,14.1,20,331
LAMBORGHINI,'Huracan Coupe AWD',TWO-SEATER,5.2,10,AM7,Z,18,12.9,15.7,18,370
HYUNDAI,EQUUS,FULL-SIZE,5,8,AS8,Z,15.8,10.2,13.3,21,312
CHEVROLET,'Colorado ZR2 4WD','PICKUP TRUCK - SMALL',2.8,4,A6,D,13.3,10.6,12.1,23,326
SUBARU,'Ascent AWD','SUV - STANDARD',2.4,4,AV8,X,11.6,9,10.4,27,244
GMC,'YUKON DENALI XL AWD','SUV - STANDARD',6.2,8,A6,E,25.7,17.8,22.1,13,354
MAZDA,'CX-5 (Cylinder Deactivation)','SUV - SMALL',2.5,4,AS6,X,9.3,7.6,8.5,33,201
HONDA,CIVIC,COMPACT,1.8,4,AV7,X,8.1,6.2,7.2,39,166
CADILLAC,'CTS AWD',MID-SIZE,3.6,6,AS8,X,13.3,9.2,11.5,25,269
MERCEDES-BENZ,'AMG GLE 63 S 4MATIC','SUV - STANDARD',5.5,8,AS7,Z,17.3,13.5,15.6,18,366
'LAND ROVER',LR4,'SUV - STANDARD',3,6,AS8,Z,16.2,12.1,14.3,20,336
CHEVROLET,MALIBU,MID-SIZE,1.5,4,A6,X,8.7,6.3,7.6,37,179
CHEVROLET,'TAHOE FFV','SUV - STANDARD',5.3,8,A6,X,15.1,10.4,13,22,304
NISSAN,'SENTRA NISMO',MID-SIZE,1.6,4,AV7,Z,9.4,7.8,8.7,32,205
MERCEDES-BENZ,'AMG C 63 S CABRIOLET',SUBCOMPACT,4,8,AS7,Z,14,10.1,12.2,23,291
LAMBORGHINI,'AVENTADOR ROADSTER',TWO-SEATER,6.5,12,AM7,Z,23.6,14.1,19.3,15,452
BMW,'228i xDRIVE COUPE',SUBCOMPACT,2,4,AS8,Z,10.3,6.7,8.7,32,200
CHEVROLET,SUBURBAN,'SUV - STANDARD',5.3,8,A6,X,14.9,10.1,12.7,22,292
TOYOTA,'RAV4 AWD','SUV - SMALL',2.5,4,AS8,X,9.2,7.1,8.3,34,190
MERCEDES-BENZ,'B 250','STATION WAGON - SMALL',2,4,AS7,Z,9.2,6.6,8,35,184
BUICK,'LACROSSE eASSIST',MID-SIZE,2.4,4,AS6,X,9.6,6.5,8.2,34,189
RAM,'1500 (MDS)','PICKUP TRUCK - STANDARD',5.7,8,A8,X,15.7,10.9,13.6,21,313
MERCEDES-BENZ,'AMG SL 63',TWO-SEATER,5.5,8,AS7,Z,14.7,9.5,12.4,23,298
MAZDA,'Mazda3 5-Door (SIL)',MID-SIZE,2,4,M6,X,8.7,6.6,7.8,36,181
MAZDA,MX-5,TWO-SEATER,2,4,AS6,Z,11.5,8.5,10.1,28,232
BMW,'Z4 sDrive30i',TWO-SEATER,2,4,AS8,Z,9.5,7.4,8.5,33,200
MERCEDES-BENZ,'AMG GLA 45 4MATIC','STATION WAGON - MID-SIZE',2,4,AM7,Z,10.7,8.3,9.6,29,225
MERCEDES-BENZ,'AMG GT C COUPE',TWO-SEATER,4,8,AM7,Z,15.5,11.7,13.8,20,322
AUDI,'ALLROAD QUATTRO','STATION WAGON - SMALL',2,4,AS8,Z,11.8,8.8,10.5,27,242
PORSCHE,'PANAMERA 4S EXECUTIVE',FULL-SIZE,3,6,AM7,Z,13.7,8.9,11.5,25,264
MAZDA,'CX-5 (Cylinder Deactivation)','SUV - SMALL',2.5,4,AS6,X,9.3,7.6,8.5,33,201
FORD,Mustang,SUBCOMPACT,5,8,AS10,X,15,9.1,12.3,23,289
GMC,'Yukon XL','SUV - STANDARD',5.3,8,A6,X,15.7,10.5,13.4,21,314
FIAT,'124 Spider',TWO-SEATER,1.4,4,A6,X,9.3,6.5,8,35,187
NISSAN,'Titan 4WD Pro-4X','PICKUP TRUCK - STANDARD',5.6,8,AS9,Z,15.1,11.2,13.3,21,313
AUDI,'A4 allroad quattro','STATION WAGON - SMALL',2,4,AM7,Z,10,7.4,8.8,32,206
BMW,'X4 xDrive30i','SUV - SMALL',2,4,AS8,Z,10.8,8,9.6,29,223
KIA,'SORENTO AWD','SUV - SMALL',2,4,AS6,X,12.3,9.4,11,26,259
FORD,'TAURUS FFV AWD',FULL-SIZE,3.5,6,AS6,X,13.6,9.9,12.4,23,291
DODGE,'CHARGER FFV',FULL-SIZE,3.6,6,A5,E,18.7,12.4,15.9,18,264
FORD,'F-150 FFV (Payload Pkg)','PICKUP TRUCK - STANDARD',5,8,AS10,E,20.3,14,17.4,16,288
MITSUBISHI,MIRAGE,COMPACT,1.2,3,AV,X,6.4,5.5,6,47,141
GMC,'SIERRA FFV','PICKUP TRUCK - STANDARD',5.3,8,A6,X,14.6,10.4,12.7,22,298
CADILLAC,CTS-V,MID-SIZE,6.2,8,AS8,Z,16.6,11.1,14.1,20,332
TOYOTA,'CAMRY HYBRID XLE/SE',MID-SIZE,2.5,4,AV,X,5.7,6,5.9,48,137
CADILLAC,'CT6 AWD',FULL-SIZE,3.6,6,AS10,X,13,8.8,11.1,25,261
PORSCHE,'Cayenne S','SUV - STANDARD',2.9,6,AS8,Z,12.9,10.4,11.8,24,275
SUBARU,'CROSSTREK AWD','SUV - SMALL',2,4,AV6,X,9.1,7.2,8.2,34,193
BMW,320i,COMPACT,2,4,M6,Z,10.4,6.7,8.7,32,200
KIA,SOUL,'STATION WAGON - SMALL',1.6,4,AS6,X,9.4,7.8,8.7,32,205
GENESIS,'G70 AWD',COMPACT,2,4,AS8,Z,11.4,8.6,10.2,28,238
HYUNDAI,Elantra,MID-SIZE,1.6,4,M6,X,10.7,7.8,9.4,30,221
HONDA,'Pilot AWD','SUV - SMALL',3.5,6,AS9,X,12.4,9.3,11,26,257
CHEVROLET,EQUINOX,'SUV - SMALL',3.6,6,A6,E,18.8,13.1,16.2,17,259
AUDI,A8L,FULL-SIZE,4,8,AS8,Z,13.1,8.3,10.9,26,255
GMC,'SIERRA 4WD','PICKUP TRUCK - STANDARD',5.3,8,A6,X,15,10.7,13.1,22,307
FORD,'Edge AWD','SUV - SMALL',2,4,AS8,X,11.4,8.3,10,28,233
FORD,'FOCUS FFV',COMPACT,2,4,AM6,E,11.9,8.5,10.4,27,166
VOLVO,'XC70 T5','SUV - SMALL',2,4,AS8,X,10.3,7.6,9.1,31,213
DODGE,'DURANGO AWD FFV','SUV - STANDARD',3.6,6,A8,E,17.7,13,15.6,18,250
TOYOTA,PRIUS,MID-SIZE,1.8,4,AV,X,4.3,4.6,4.5,63,105
FORD,'TAURUS FFV',FULL-SIZE,3.5,6,AS6,X,13.1,8.7,11.1,25,260
CHEVROLET,Camaro,SUBCOMPACT,3.6,6,AS8,X,12.3,8.2,10.4,27,246
VOLVO,'S60 T5 AWD',COMPACT,2.5,5,AS6,X,11.6,8.2,10.1,28,232
GMC,'CANYON 4WD','PICKUP TRUCK - SMALL',2.8,4,A6,D,12.1,8.3,10.4,27,279
'ASTON MARTIN','V8 VANTAGE S',TWO-SEATER,4.7,8,AM7,Z,17.4,11.3,14.7,19,343
SCION,tC,COMPACT,2.5,4,AS6,X,10.2,7.5,9,31,207
CHEVROLET,Traverse,'SUV - STANDARD',3.6,6,A9,X,13,8.8,11.1,25,261
PORSCHE,'911 TURBO CABRIOLET',MINICOMPACT,3.8,6,AM7,Z,12.6,9.9,11.4,25,267
PORSCHE,Boxster,TWO-SEATER,2,4,AM7,Z,10.5,8,9.4,30,219
MASERATI,'QUATTROPORTE GTS',FULL-SIZE,3.8,8,AS8,Z,17.6,10.7,14.5,19,334
PORSCHE,'911 TARGA 4',MINICOMPACT,3,6,AM7,Z,10.9,8.4,9.8,29,228
HONDA,'Ridgeline AWD','PICKUP TRUCK - STANDARD',3.5,6,AS9,X,12.6,10,11.4,25,269
INFINITI,'Q70 AWD',MID-SIZE,5.6,8,AS7,Z,14.9,10.2,12.8,22,300
MINI,'John Cooper Works Convertible',MINICOMPACT,2,4,AS6,Z,9.4,7.2,8.4,34,197
DODGE,'DART TURBO AERO',MID-SIZE,1.4,4,M6,X,8.5,5.8,7.3,39,168
HYUNDAI,VELOSTER,COMPACT,1.6,4,AM6,X,8.3,6.7,7.6,37,180
CHEVROLET,SILVERADO,'PICKUP TRUCK - STANDARD',5.3,8,A6,E,19.9,13.8,17.2,16,275
NISSAN,GT-R,SUBCOMPACT,3.8,6,AM6,Z,14.4,10.9,12.8,22,300
RAM,'1500 Classic 4X4','PICKUP TRUCK - STANDARD',3.6,6,A8,X,14.5,10.2,12.6,22,294
FORD,'F-150 FFV 4X4 (Payload Pkg)','PICKUP TRUCK - STANDARD',5,8,AS10,X,16.8,12.4,14.8,19,347
ACURA,'RDX AWD','SUV - SMALL',2,4,AS10,Z,11,8.6,9.9,29,232
GMC,'CANYON 4WD','PICKUP TRUCK - SMALL',2.8,4,A6,D,12,8.2,10.3,27,277
CHRYSLER,'300 AWD FFV',FULL-SIZE,3.6,6,A8,E,17.6,12,15,19,248
MERCEDES-BENZ,'C 300 4MATIC',COMPACT,2,4,AS7,Z,10.1,7.8,9,31,207
PORSCHE,'MACAN GTS','SUV - SMALL',3,6,A7,Z,13.8,10.3,12.3,23,287
MAZDA,'MAZDA3 4-DOOR (i-ELOOP)',COMPACT,2.5,4,AS6,X,8.5,6.4,7.6,37,176
LINCOLN,MKZ,MID-SIZE,2,4,AS6,X,10.5,7,8.9,32,210
MINI,'JOHN COOPER WORKS COUPE',TWO-SEATER,1.6,4,AS6,Z,9.2,6.8,8.1,35,186
MITSUBISHI,'RVR 4WD','SUV - SMALL',2.4,4,AV6,X,10.3,8.3,9.4,30,219
HONDA,'CR-V AWD','SUV - SMALL',1.5,4,AV,X,8.7,7.4,8.1,35,189
LAMBORGHINI,'Huracan Performante Coupe',TWO-SEATER,5.2,10,AM7,Z,17.9,13,15.7,18,370
CHEVROLET,TRAVERSE,'SUV - STANDARD',2,4,A9,Z,11.7,9,10.5,27,246
DODGE,'Charger SRT Hellcat',FULL-SIZE,6.2,8,A8,Z,17.6,10.7,14.5,19,339
JEEP,'Wrangler JL Unlimited 4X4','SUV - SMALL',3.6,6,A8,X,12.9,10.2,11.7,24,275
AUDI,'A7 quattro',MID-SIZE,3,6,AM7,Z,10.9,8.2,9.7,29,226
FORD,'Mustang Convertible',SUBCOMPACT,2.3,4,AS10,X,11.9,8.4,10.4,27,243
PORSCHE,'911 Carrera T',MINICOMPACT,3,6,M7,Z,14.6,9.4,12.3,23,286
KIA,RONDO,'STATION WAGON - MID-SIZE',2,4,M6,X,10.8,7.4,9.3,30,214
BMW,'530i xDRIVE',MID-SIZE,2,4,AS8,Z,10.5,7.4,9.1,31,213
MITSUBISHI,'Outlander 4WD','SUV - SMALL',2.4,4,AV6,X,9.9,8.1,9.1,31,212
ACURA,'RLX HYBRID',MID-SIZE,3.5,6,AM7,Z,8.4,8.2,8.4,34,196
BMW,'228i COUPE',SUBCOMPACT,2,4,AS8,Z,10,6.5,8.4,34,193
MERCEDES-BENZ,'G 63 AMG','SUV - STANDARD',5.5,8,AS7,Z,20,16.6,18.5,15,426
AUDI,'TTS Coupe',SUBCOMPACT,2,4,AM7,Z,10.4,8.2,9.4,30,220
MERCEDES-BENZ,'GL 350 BLUETEC 4MATIC','SUV - STANDARD',3,6,AS7,D,13.6,10,12,24,322
MERCEDES-BENZ,'GLA 250 4MATIC','SUV - SMALL',2,4,AS7,Z,9.8,7.4,8.7,32,200
PORSCHE,'MACAN TURBO','SUV - SMALL',3.6,6,A7,Z,14.2,10.1,12.3,23,287
MERCEDES-BENZ,'AMG GLE 63 S COUPE 4MATIC','SUV - STANDARD',5.5,8,AS7,Z,17.2,12.8,15.2,19,363
MINI,'Cooper Clubman ALL4',MID-SIZE,1.5,3,AS8,Z,9.7,7,8.5,33,197
TOYOTA,'SEQUOIA 4WD','SUV - STANDARD',5.7,8,AS6,X,19,13.9,16.7,17,384
HONDA,'CIVIC SEDAN',MID-SIZE,2,4,AV,X,7.8,6,7,40,163
BMW,M2,SUBCOMPACT,3,6,M6,Z,13.1,9.2,11.4,25,267
HYUNDAI,'GENESIS AWD',FULL-SIZE,5,8,AS8,Z,17.3,10.5,14.2,20,327
FORD,FIESTA,SUBCOMPACT,1.6,4,M5,X,8.6,6.4,7.6,37,175
'ASTON MARTIN','Vantage V8',TWO-SEATER,4,8,M7,Z,16.7,11.2,14.2,20,333
PORSCHE,'911 CARRERA S',MINICOMPACT,3,6,AM7,Z,10.8,8.3,9.7,29,226
GMC,'Sierra WT 4WD','PICKUP TRUCK - STANDARD',2.7,4,A8,X,12.7,11,12,24,280
MERCEDES-BENZ,'AMG G 65','SUV - STANDARD',6,12,AS7,Z,24.3,17.9,21.4,13,476
JAGUAR,'F-PACE 25t','SUV - SMALL',2,4,AS8,Z,10.7,8.8,9.9,29,227
CADILLAC,ATS,COMPACT,2.5,4,AS8,X,10.6,7.3,9.1,31,214
MASERATI,'QUATTROPORTE GTS',FULL-SIZE,3.8,8,AS8,Z,17.6,10.7,14.5,19,334
GMC,'TERRAIN FFV','SUV - SMALL',2.4,4,A6,X,10.5,7.3,9.1,31,214
MERCEDES-BENZ,'GLA 250 4MATIC','SUV - SMALL',2,4,AS7,Z,9.8,7.4,8.7,32,200
JEEP,'CHEROKEE 4X4 ACTIVE DRIVE II','SUV - SMALL',3.2,6,A9,X,12.8,9,11.1,25,259
MINI,'COOPER CONVERTIBLE',MINICOMPACT,1.6,4,M6,Z,8.6,6.8,7.8,36,179
GMC,'YUKON 4WD','SUV - STANDARD',5.3,8,A6,X,15.2,10.8,13.2,21,310
GMC,'Sierra FFV','PICKUP TRUCK - STANDARD',5.3,8,A6,X,15.7,11.9,14,20,329
PORSCHE,'911 CARRERA 4 GTS CABRIOLET',MINICOMPACT,3,6,M7,Z,12.9,9.1,11.1,25,260
BENTLEY,'CONTINENTAL GT CONVERTIBLE',SUBCOMPACT,6,12,AS8,Z,19.6,11.7,16,18,375
ACURA,'RLX HYBRID',MID-SIZE,3.5,6,AM7,Z,8,7.5,7.7,37,177
CADILLAC,'XTS AWD',FULL-SIZE,3.6,6,AS6,X,13.9,8.9,11.6,24,273
PORSCHE,'911 TARGA 4',MINICOMPACT,3.4,6,M7,Z,12.9,9,11.1,25,255
CHEVROLET,TAHOE,'SUV - STANDARD',5.3,8,A6,E,20.2,13.6,17.2,16,275
INFINITI,'Q60 COUPE',SUBCOMPACT,3.7,6,M6,Z,13.5,9.3,11.6,24,267
MINI,'COOPER CLUBMAN ALL4',MID-SIZE,1.5,3,AS8,Z,10.2,7.8,9.1,31,213
ACURA,'MDX SH-AWD','SUV - SMALL',3.5,6,AS9,Z,12.6,9,11,26,259
FORD,Mustang,SUBCOMPACT,5,8,M6,X,16.1,9.9,13.3,21,311
BMW,'330i xDRIVE GRAN TURISMO',FULL-SIZE,2,4,AS8,Z,10.5,7.4,9.1,31,213
PORSCHE,MACAN,'SUV - SMALL',2,4,A7,Z,11.6,9.3,10.6,27,248
RAM,'1500 4X4 ECODIESEL','PICKUP TRUCK - STANDARD',3,6,A8,D,12.3,8.8,10.8,26,289
FORD,'FOCUS RS AWD',MID-SIZE,2.3,4,M6,Z,12.1,9.3,10.9,26,255
BMW,'650i xDRIVE GRAN COUPE',COMPACT,4.4,8,AS8,Z,15.2,9.8,12.8,22,294
CHEVROLET,SONIC,COMPACT,1.4,4,M6,X,8.5,6.2,7.5,38,173
SUBARU,'Ascent AWD','SUV - STANDARD',2.4,4,AV8,X,11.6,9,10.4,27,244
PORSCHE,'911 TURBO S EXCLUSIVE',MINICOMPACT,3.8,6,AM7,Z,13.8,10.3,12.3,23,285
BMW,M3,COMPACT,3,6,M6,Z,13.7,9,11.6,24,271
BMW,'320i SEDAN',COMPACT,2,4,AS8,Z,10,6.5,8.4,34,193
RAM,'1500 eTorque','PICKUP TRUCK - STANDARD',3.6,6,A8,X,11.9,9.4,10.8,26,253
DODGE,'Challenger (MDS)',MID-SIZE,5.7,8,A8,X,14.7,9.4,12.3,23,289
FIAT,'500 ABARTH CABRIO',MINICOMPACT,1.4,4,M5,X,8.5,6.9,7.8,36,179
KIA,Soul,'STATION WAGON - SMALL',2,4,M6,X,9.6,7.6,8.7,32,206
BMW,'428i COUPE',COMPACT,2,4,M6,Z,10.7,7,9,31,211
BMW,'M4 CABRIOLET',SUBCOMPACT,3,6,M6,Z,13.7,9.1,11.7,24,273
BUICK,'LACROSSE AWD',MID-SIZE,3.6,6,AS8,X,11.6,8.1,10,28,235
GMC,'SIERRA 4WD','PICKUP TRUCK - STANDARD',5.3,8,A6,X,15,10.7,13.1,22,307
PORSCHE,'911 CARRERA S CABRIOLET',MINICOMPACT,3,6,AM7,Z,10.8,8.4,9.7,29,228
MITSUBISHI,'OUTLANDER 4WD','SUV - SMALL',2.4,4,AV6,X,9.7,8.1,9,31,207
AUDI,S3,SUBCOMPACT,2,4,AM7,Z,10.7,8,9.5,30,222
JEEP,'CHEROKEE 4X4 ACTIVE DRIVE I','SUV - SMALL',3.2,6,A9,X,11.6,8.6,10.3,27,241
JEEP,'CHEROKEE 4X4 ACTIVE DRIVE II','SUV - SMALL',3.2,6,A9,X,12.8,9,11.1,25,259
GMC,'Yukon XL FFV','SUV - STANDARD',5.3,8,A6,E,21.2,13.9,17.9,16,298
MERCEDES-BENZ,'METRIS CARGO','SPECIAL PURPOSE VEHICLE',2,4,AS7,Z,11.1,9.1,10.2,28,240
GMC,'SIERRA 4WD FFV','PICKUP TRUCK - STANDARD',5.3,8,A6,E,20.5,14.4,17.8,16,295
KIA,'FORTE 5',FULL-SIZE,2,4,M6,X,9.7,6.9,8.4,34,197
GMC,'YUKON XL 4WD','SUV - STANDARD',6.2,8,A8,Z,16.4,11.7,14.3,20,334
BMW,'330i xDRIVE GRAN TURISMO',FULL-SIZE,2,4,AS8,Z,10.5,7.4,9.1,31,213
SUBARU,'FORESTER AWD','SUV - SMALL',2.5,4,AV,X,9.6,7.4,8.6,33,198
CHEVROLET,SILVERADO,'PICKUP TRUCK - STANDARD',5.3,8,A6,E,19.9,13.8,17.2,16,275
BUICK,LACROSSE,MID-SIZE,3.6,6,AS9,X,11.3,7.9,9.7,29,228
CHEVROLET,'SILVERADO 4WD','PICKUP TRUCK - STANDARD',6.2,8,A8,Z,16.3,11.6,14.2,20,327
VOLKSWAGEN,'GOLF WAGON TDI (modified)','STATION WAGON - SMALL',2,4,M6,D,8.3,6,7.3,39,196
CHEVROLET,CORVETTE,TWO-SEATER,6.2,8,M7,Z,13.7,8.2,11.2,25,263
JEEP,'RENEGADE 4X4','SUV - SMALL',2.4,4,A9,X,11.2,8,9.8,29,225
CHEVROLET,'CAMARO SS',COMPACT,6.2,8,M6,Z,15,9.9,12.7,22,292
MERCEDES-BENZ,'E 400 CABRIOLET',SUBCOMPACT,3.5,6,AS7,Z,11.5,8.1,10,28,230
VOLVO,'XC70 3.2 AWD','SUV - SMALL',3.2,6,AS6,X,13.1,9.1,11.3,25,260
JEEP,'GRAND CHEROKEE 4X4','SUV - STANDARD',5.7,8,A8,X,16.7,10.9,14.1,20,331
AUDI,Q7,'SUV - STANDARD',2,4,AS8,Z,12.2,9.5,11,26,258
AUDI,S5,SUBCOMPACT,3,6,AS8,Z,11.8,8.9,10.5,27,245
MERCEDES-BENZ,'C 300 4MATIC',COMPACT,2,4,AS7,Z,10.1,7.8,9,31,207
BMW,'X2 xDRIVE28i','SUV - SMALL',2,4,AS8,Z,11,7.7,9.5,30,222
LINCOLN,'Continental AWD',FULL-SIZE,3.7,6,AS6,X,14.3,9.7,12.2,23,287
JEEP,'RENEGADE FFV','SUV - SMALL',2.4,4,A9,X,10.8,7.8,9.5,30,222
BMW,M2,SUBCOMPACT,3,6,M6,Z,13.1,9.2,11.4,25,267
NISSAN,GT-R,SUBCOMPACT,3.8,6,AM6,Z,14.2,10.7,12.6,22,295
GMC,'Sierra WT 4WD','PICKUP TRUCK - STANDARD',2.7,4,A8,X,12.7,11,12,24,280
HONDA,'CIVIC COUPE',COMPACT,1.5,4,AV,X,7.5,5.9,6.8,42,158
PORSCHE,PANAMERA,FULL-SIZE,3.6,6,AM7,Z,12.9,8.4,10.9,26,255
BMW,'X3 xDrive30i','SUV - SMALL',2,4,AS8,Z,10,8.2,9.2,31,215
TOYOTA,'SIENNA AWD',MINIVAN,3.5,6,AS8,X,13.4,9.6,11.7,24,274
CHEVROLET,'SUBURBAN 4WD FFV','SUV - STANDARD',5.3,8,A6,X,15.3,10.9,13.3,21,312
MINI,'COOPER S PACEMAN ALL4',COMPACT,1.6,4,AS6,Z,10.1,7.8,9,31,207
BMW,'440i xDRIVE COUPE',COMPACT,3,6,AS8,Z,11.1,7.5,9.5,30,223
FIAT,'500 HATCHBACK',MINICOMPACT,1.4,4,M5,X,7.6,5.9,6.8,42,156
JEEP,'Cherokee 4X4 Active Drive I','SUV - SMALL',2.4,4,A9,X,11.2,8,9.8,29,230
BMW,320i,COMPACT,2,4,AS8,Z,10,6.5,8.4,34,200
CHEVROLET,EQUINOX,'SUV - SMALL',1.6,4,A6,D,8.5,6,7.4,38,198
PORSCHE,'911 TARGA 4',MINICOMPACT,3.4,6,M7,Z,12.9,9,11.1,25,255
FORD,FUSION,MID-SIZE,2.5,4,A6,X,11.3,7.5,9.6,29,224
RAM,'1500 4X4 FFV','PICKUP TRUCK - STANDARD',3.6,6,A8,E,20.7,14.7,18,16,300
AUDI,A8L,FULL-SIZE,3,6,AS8,Z,13.1,8.8,11.2,25,258
FORD,'TAURUS AWD',FULL-SIZE,3.5,6,AS6,X,13.7,9.4,11.8,24,271
PORSCHE,Boxster,TWO-SEATER,2,4,AM7,Z,10.5,8,9.4,30,219
PORSCHE,'911 CARRERA 4S',MINICOMPACT,3,6,M7,Z,12.1,8.4,10.4,27,243
BMW,'X4 M40i','SUV - SMALL',3,6,AS8,Z,11.3,8.7,10.1,28,235
MERCEDES-BENZ,'AMG SL 63',TWO-SEATER,5.5,8,AS7,Z,14.7,9.5,12.4,23,298
MINI,'JOHN COOPER WORKS CONVERTIBLE',MINICOMPACT,1.6,4,A6,Z,9.3,7,8.3,34,191
MERCEDES-BENZ,'E 400 COUPE',SUBCOMPACT,3,6,AS7,Z,11.8,8.4,10.2,28,239
BMW,'430i xDRIVE CABRIOLET',SUBCOMPACT,2,4,AS8,Z,10.7,7.3,9.1,31,214
VOLVO,'S60 T6 AWD',COMPACT,2,4,AS8,Z,11.1,7.3,9.4,30,218
PORSCHE,'CAYENNE TURBO S','SUV - STANDARD',4.8,8,A8,Z,18,11.9,15.2,19,358
BUICK,LACROSSE,MID-SIZE,3.6,6,AS6,X,13.7,8.7,11.5,25,264
FORD,'F-150 Raptor 4X4','PICKUP TRUCK - STANDARD',3.5,6,AS10,X,15.3,13.1,14.3,20,336
BUICK,LACROSSE,MID-SIZE,3.6,6,AS6,X,13.7,8.7,11.5,25,264
JEEP,Compass,'SUV - SMALL',2.4,4,M6,X,10.4,7.3,9,31,211
CHEVROLET,SPARK,SUBCOMPACT,1.2,4,AV,X,7.7,6.1,7,40,161
PORSCHE,MACAN,'SUV - SMALL',2,4,A7,Z,11.6,9.3,10.6,27,248
VOLKSWAGEN,'Jetta GLI',COMPACT,2,4,M6,X,9.6,7.1,8.5,33,198
PORSCHE,'911 CARRERA',MINICOMPACT,3.4,6,M7,Z,12.5,8.6,10.7,26,246
VOLVO,'V60 CC T5 AWD','STATION WAGON - SMALL',2,4,AS8,X,10.8,7.8,9.4,30,220
JEEP,'RENEGADE FFV','SUV - SMALL',2.4,4,A9,E,14.2,9.9,12.2,23,195
BUICK,'REGAL eASSIST',MID-SIZE,2.4,4,AS6,X,9.6,6.5,8.2,34,193
FIAT,'124 SPIDER',TWO-SEATER,1.4,4,A6,X,9.3,6.5,8,35,187
'LAND ROVER','RANGE ROVER SPORT V6 3.0 SC FFV','SUV - STANDARD',3,6,AS8,Z,14.2,10.2,12.4,23,285
MITSUBISHI,'Mirage G4',COMPACT,1.2,3,M5,X,7.2,5.9,6.6,43,153
TOYOTA,Corolla,MID-SIZE,1.8,4,AV,X,8.3,6.5,7.5,38,174
TOYOTA,'Tacoma 4WD D-Cab Off-Road','PICKUP TRUCK - SMALL',3.5,6,M6,X,13.8,11.7,12.9,22,300
FIAT,500X,'SUV - SMALL',1.4,4,M6,X,9.5,7.1,8.4,34,197
MERCEDES-BENZ,'AMG S 65',FULL-SIZE,6,12,AS7,Z,17.6,10.9,14.6,19,349
SCION,FR-S,MINICOMPACT,2,4,M6,Z,10.9,7.9,9.6,29,224
MAZDA,MX-5,TWO-SEATER,2,4,AS6,Z,11.5,8.5,10.1,28,232
TOYOTA,C-HR,COMPACT,2,4,AS7,X,8.7,7.5,8.2,34,189
'LAND ROVER',LR4,'SUV - STANDARD',3,6,AS8,Z,16.2,12.1,14.3,20,336
FORD,'EXPEDITION 4X4','SUV - STANDARD',3.5,6,AS6,X,15.9,12,14.2,20,333
HONDA,PILOT,'SUV - SMALL',3.5,6,A6,X,12.4,8.8,10.8,26,254
LEXUS,'GS 450h',MID-SIZE,3.5,6,AV8,Z,8.1,6.9,7.6,37,177
GMC,YUKON,'SUV - STANDARD',5.3,8,A6,X,16,11.1,13.8,20,317
FORD,'FOCUS FFV',COMPACT,2,4,AM6,E,11.9,8.5,10.4,27,166
PORSCHE,'911 CARRERA 4 CABRIOLET',MINICOMPACT,3.4,6,M7,Z,12.5,9,10.9,26,257
AUDI,'TT Roadster quattro',TWO-SEATER,2,4,AM7,X,10.3,7.7,9.2,31,213
KIA,'SEDONA SX',MINIVAN,3.3,6,AS6,X,12.9,9.5,11.4,25,269
HONDA,'HR-V AWD','STATION WAGON - SMALL',1.8,4,AV,X,8.9,7.5,8.2,34,194
LEXUS,'LX 570','SUV - STANDARD',5.7,8,AS6,Z,19,13.6,16.6,17,382
AUDI,'A5 Cabriolet quattro',SUBCOMPACT,2,4,AM7,Z,10,7.4,8.8,32,206
LINCOLN,MKZ,MID-SIZE,2,4,AS6,X,10.5,7,8.9,32,210
BMW,'X4 M40i','SUV - SMALL',3,6,AS8,Z,11.9,8.7,10.4,27,245
CADILLAC,'CTS COUPE',MID-SIZE,3.6,6,AS6,X,13.2,8.7,11.2,25,258
JEEP,'NEW WRANGLER UNLIMITED 4X4','SUV - SMALL',3.6,6,A8,X,12.9,10.2,11.7,24,275
BMW,'335i xDRIVE SEDAN',COMPACT,3,6,AS8,Z,11.9,7.8,10,28,230
BMW,'X4 xDRIVE28i','SUV - SMALL',2,4,AS8,Z,11.7,8.4,10.2,28,235
SUBARU,BRZ,MINICOMPACT,2,4,AS6,Z,9.7,7.2,8.6,33,200
TOYOTA,'YARIS HATCHBACK',COMPACT,1.5,4,M5,X,7.8,6.5,7.2,39,168
AUDI,'RS 5',SUBCOMPACT,4.2,8,AM7,Z,14.9,10.1,12.8,22,294
BMW,'M4 Coupe Competition',COMPACT,3,6,M6,Z,13.4,9.6,11.7,24,273
HYUNDAI,VELOSTER,COMPACT,1.6,4,AM6,X,8.3,6.7,7.6,37,180
PORSCHE,'911 Targa 4 GTS',MINICOMPACT,3,6,AM7,Z,12.1,9.2,10.8,26,251
JEEP,'GRAND CHEROKEE SRT 4X4 (MDS)','SUV - STANDARD',6.4,8,A8,Z,18.5,12.6,15.8,18,363
BMW,320i,COMPACT,2,4,AS8,Z,10,6.5,8.4,34,200
PORSCHE,'911 CARRERA CABRIOLET',MINICOMPACT,3.4,6,M7,Z,12.3,8.7,10.7,26,246
GMC,'TERRAIN AWD','SUV - SMALL',2,4,A9,Z,11.2,9,10.2,28,239
BMW,'M235i xDRIVE CABRIOLET',SUBCOMPACT,3,6,AS8,Z,12,7.9,10.2,28,238
KIA,CADENZA,FULL-SIZE,3.3,6,AS8,X,11.5,8.5,10.2,28,237
AUDI,S4,COMPACT,3,6,AS8,Z,11.3,8,9.8,29,230
'ALFA ROMEO','GIULIA QUADRIFOGLIO',MID-SIZE,2.9,6,A8,Z,13.8,9.6,11.9,24,280
BENTLEY,'CONTINENTAL GT',COMPACT,6,12,AS8,Z,18.9,11.2,15.4,18,360
BUICK,LACROSSE,MID-SIZE,3.6,6,AS9,X,11.3,7.9,9.7,29,228
BMW,M2,SUBCOMPACT,3,6,M6,Z,13.1,9.2,11.4,25,267
TOYOTA,'Highlander Hybrid AWD','SUV - STANDARD',2.5,4,AV,X,6.7,6.8,6.7,42,158
MASERATI,'QUATTROPORTE GTS',FULL-SIZE,3.8,8,AS8,Z,17.6,10.7,14.5,19,334
BMW,'428i COUPE',COMPACT,2,4,M6,Z,10.7,7,9,31,211
MERCEDES-BENZ,'E 350 4MATIC COUPE',SUBCOMPACT,3.5,6,AS7,Z,11.9,8.5,10.4,27,239
NISSAN,QASHQAI,'STATION WAGON - SMALL',2,4,M6,X,10,8.1,9.2,31,216
JEEP,'CHEROKEE 4X4 ACTIVE DRIVE II','SUV - SMALL',3.2,6,A9,X,12.8,9,11.1,25,259
DODGE,'CHALLENGER SRT',MID-SIZE,6.4,8,M6,Z,16.7,10.4,13.9,20,325
GMC,'YUKON DENALI XL AWD','SUV - STANDARD',6.2,8,A6,E,25.7,17.8,22.1,13,354
GMC,'SAVANA 3500 PASSENGER FFV','VAN - PASSENGER',6,8,A6,X,22.2,15.1,19,15,437
RAM,'1500 4X4 (MDS)','PICKUP TRUCK - STANDARD',5.7,8,A8,X,16.3,11.5,14.1,20,324
MERCEDES-BENZ,'AMG C 43 4MATIC Wagon','STATION WAGON - SMALL',3,6,A9,Z,12.4,8.9,10.8,26,255
PORSCHE,'PANAMERA 4',FULL-SIZE,3.6,6,AM7,Z,13.1,8.7,11.1,25,262
TOYOTA,'Prius c',COMPACT,1.5,4,AV,X,4.9,5.5,5.1,55,120
MERCEDES-BENZ,'AMG GT R Coupe',TWO-SEATER,4,8,AM7,Z,15.9,11.8,14,20,327
BMW,'X3 xDRIVE28i','SUV - SMALL',2,4,AS8,Z,11.1,8.4,9.9,29,231
PORSCHE,'Panamera 4 ST',FULL-SIZE,3,6,AM8,Z,12.2,8.9,10.7,26,250
PORSCHE,'911 TURBO S',MINICOMPACT,3.8,6,AM7,Z,12.6,9.9,11.4,25,266
FORD,'F-150 FFV 4X4','PICKUP TRUCK - STANDARD',5,8,AS10,X,15.1,11.6,13.5,21,317
VOLKSWAGEN,'BEETLE CONVERTIBLE',SUBCOMPACT,1.8,4,AS6,X,9.8,7.3,8.7,32,200
'LAND ROVER','RANGE ROVER','SUV - STANDARD',3,6,AS8,Z,13.9,10.4,12.3,23,283
AUDI,Q5,'SUV - SMALL',2,4,AS7,Z,10.4,8.6,9.6,29,226
AUDI,'A3 CABRIOLET QUATTRO',SUBCOMPACT,2,4,AM6,X,10.8,8,9.5,30,223
VOLVO,'S60 AWD',COMPACT,2.5,5,AS6,X,11.6,8.3,10.1,28,232
LINCOLN,'MKT AWD','SUV - STANDARD',3.5,6,AS6,X,15.7,11.2,13.7,21,322
INFINITI,'Q60 AWD',SUBCOMPACT,2,4,AS7,Z,11.2,8.5,10,28,233
MITSUBISHI,'LANCER EVOLUTION',COMPACT,2,4,M5,Z,14,10.3,12.3,23,283
NISSAN,'370Z ROADSTER',TWO-SEATER,3.7,6,M6,Z,13.6,9.7,11.8,24,278
BMW,'X4 M40i','SUV - SMALL',3,6,AS8,Z,11.9,8.7,10.4,27,245
SCION,FR-S,MINICOMPACT,2,4,M6,Z,10.9,7.9,9.6,29,221
CHEVROLET,SILVERADO,'PICKUP TRUCK - STANDARD',6.2,8,A8,Z,16.1,11.4,14,20,322
CHEVROLET,'TAHOE 4WD','SUV - STANDARD',5.3,8,A6,E,21.5,14.6,18.4,15,294
GMC,'YUKON DENALI 4WD','SUV - STANDARD',6.2,8,A6,Z,16.2,11.4,14,20,322
CHEVROLET,'Colorado ZR2 4WD','PICKUP TRUCK - SMALL',2.8,4,A6,D,13.3,10.6,12.1,23,326
CHEVROLET,TAHOE,'SUV - STANDARD',5.3,8,A6,X,15.1,10.4,13,22,305
CHEVROLET,CORVETTE,TWO-SEATER,6.2,8,M7,Z,14.2,9,11.9,24,278
MAZDA,'MAZDA3 4-DOOR',COMPACT,2.5,4,AS6,X,8.4,6.1,7.4,38,173
PORSCHE,'911 Carrera 4 GTS',MINICOMPACT,3,6,M7,Z,12.8,8.9,11,26,257
BMW,'X6 M','SUV - STANDARD',4.4,8,A6,Z,18.1,13.7,16.1,18,370
GMC,'SIERRA 4WD FFV','PICKUP TRUCK - STANDARD',5.3,8,A6,E,20.5,14.4,17.8,16,295
FORD,'F-150 (LT Tire Pkg)','PICKUP TRUCK - STANDARD',3.5,6,AS10,X,13,10.2,11.7,24,274
MITSUBISHI,MIRAGE,COMPACT,1.2,3,AV,X,6.4,5.5,6,47,141
TOYOTA,'TUNDRA 4WD','PICKUP TRUCK - STANDARD',4.6,8,AS6,X,16.8,12.6,14.9,19,349
SUBARU,'IMPREZA WAGON AWD','STATION WAGON - SMALL',2.5,4,M5,Z,12.6,9.5,11.2,25,258
TOYOTA,'CAMRY HYBRID XLE/SE',MID-SIZE,2.5,4,AV,X,5.7,6,5.9,48,137
JEEP,RENEGADE,'SUV - SMALL',2.4,4,A9,X,10.8,7.8,9.5,30,222
BMW,'X1 xDRIVE28i','SUV - SMALL',2,4,AS8,Z,10.7,7.4,9.2,31,215
RAM,'1500 (MDS)','PICKUP TRUCK - STANDARD',5.7,8,A8,X,15.7,10.9,13.6,21,313
'ALFA ROMEO','Giulia Quadrifoglio',MID-SIZE,2.9,6,A8,Z,13.5,9.3,11.6,24,271
AUDI,'TT Roadster quattro',TWO-SEATER,2,4,AM7,X,10.3,7.7,9.2,31,213
SCION,FR-S,MINICOMPACT,2,4,M6,Z,10.9,7.9,9.6,29,224
LEXUS,'RX 450h AWD','SUV - SMALL',3.5,6,AV6,Z,8,8.5,8.2,34,189
CHEVROLET,CORVETTE,TWO-SEATER,6.2,8,M7,Z,13.7,8.2,11.2,25,263
CHEVROLET,Camaro,SUBCOMPACT,3.6,6,AS8,X,12.3,8.2,10.4,27,246
MITSUBISHI,'Mirage G4',COMPACT,1.2,3,M5,X,7.2,5.9,6.6,43,153
PORSCHE,CAYENNE,'SUV - STANDARD',3.6,6,M6,Z,15.8,10.9,13.6,21,313
INFINITI,Q70,MID-SIZE,3.7,6,AS7,Z,12.8,8.9,11,26,253
CHEVROLET,'EXPRESS 3500 PASSENGER FFV','VAN - PASSENGER',6,8,A6,X,22.2,15.1,19,15,437
BMW,'430i xDRIVE CABRIOLET',SUBCOMPACT,2,4,AS8,Z,10.7,7.3,9.1,31,214
DODGE,'Grand Caravan FFV',MINIVAN,3.6,6,A6,E,19.4,13.3,16.7,17,274
BMW,'Z4 sDRIVE28i',TWO-SEATER,2,4,AS8,Z,10.7,7.1,9.1,31,209
MAZDA,'MAZDA3 5-DOOR',MID-SIZE,2,4,AS6,X,8,5.9,7.1,40,163
TOYOTA,'SEQUOIA 4WD','SUV - STANDARD',5.7,8,AS6,X,19,13.9,16.7,17,384
SUBARU,'CROSSTREK AWD','SUV - SMALL',2,4,AV6,X,9.1,7.2,8.2,34,193
CHEVROLET,Camaro,SUBCOMPACT,3.6,6,AS10,X,12.5,8.1,10.5,27,247
HONDA,HR-V,'STATION WAGON - SMALL',1.8,4,AV,X,8.4,7,7.8,36,181
JAGUAR,'XF 20d AWD',MID-SIZE,2,4,AS8,D,7.8,5.8,6.9,41,186
RAM,'1500 (MDS)','PICKUP TRUCK - STANDARD',5.7,8,A8,X,15.7,10.9,13.6,21,313
VOLKSWAGEN,GOLF,COMPACT,1.8,4,AS6,X,9.3,6.5,8.1,35,189
TOYOTA,'HIGHLANDER AWD','SUV - STANDARD',3.5,6,AS6,X,13,9.8,11.6,24,272
PORSCHE,'911 TARGA 4',MINICOMPACT,3,6,AM7,Z,10.9,8.4,9.8,29,228
SUBARU,'Outback AWD','SUV - SMALL',2.4,4,AV8,X,10.1,7.9,9.1,31,213
FORD,'Edge AWD','SUV - SMALL',2,4,AS8,X,11.4,8.3,10,28,233
PORSCHE,'911 CARRERA 4 GTS CABRIOLET',MINICOMPACT,3,6,M7,Z,12.9,9.1,11.1,25,260
AUDI,'A3 TDI (modified)',SUBCOMPACT,2,4,AM6,D,7.6,5.5,6.5,43,177
INFINITI,'Q50S AWD',MID-SIZE,3,6,AS7,Z,12.9,9,11.1,25,262
AUDI,'A5 QUATTRO',SUBCOMPACT,2,4,M6,Z,10.6,7.3,9.1,31,214
MERCEDES-BENZ,'AMG GLE 63 S COUPE 4MATIC','SUV - STANDARD',5.5,8,AS7,Z,17.2,12.8,15.2,19,363
JEEP,'CHEROKEE 4X4','SUV - SMALL',2.4,4,A9,X,11.3,8.3,10,28,230
CHRYSLER,'300 AWD FFV',FULL-SIZE,3.6,6,A8,E,17.6,12,15,19,248
CHEVROLET,SPARK,SUBCOMPACT,1.2,4,AV,X,7.7,6.1,7,40,161
RAM,'1500 4X4 FFV','PICKUP TRUCK - STANDARD',3.6,6,A8,X,14.6,10.1,12.6,22,294
HONDA,'CIVIC SEDAN',MID-SIZE,2,4,AV,X,7.8,5.8,6.9,41,162
BMW,'340i xDRIVE GRAN TURISMO',FULL-SIZE,3,6,AS8,Z,11.8,7.9,10,28,235
CHEVROLET,'EXPRESS 1500 CARGO CONV AWD','VAN - CARGO',5.3,8,A4,X,18.3,14.2,16.5,17,380
MASERATI,'GHIBLI S',MID-SIZE,3,6,AS8,Z,14.5,10,12.4,23,293
PORSCHE,'911 CARRERA 4S',MINICOMPACT,3,6,M7,Z,12.1,8.4,10.4,27,243
MINI,'JOHN COOPER WORKS',SUBCOMPACT,2,4,AS6,Z,9.4,7.5,8.5,33,199
JEEP,PATRIOT,'SUV - SMALL',2,4,AV,X,10.7,8.8,9.9,29,228
TOYOTA,'HIGHLANDER HYBRID AWD','SUV - STANDARD',3.5,6,AV6,X,8.6,8.5,8.5,33,196
HONDA,'RIDGELINE AWD','PICKUP TRUCK - STANDARD',3.5,6,A6,X,12.8,9.5,11.3,25,264
CHEVROLET,SONIC,COMPACT,1.8,4,AS6,X,9.6,6.7,8.3,34,195
AUDI,'A6 quattro',MID-SIZE,3,6,AM7,Z,10.7,8.2,9.6,29,224
AUDI,S3,SUBCOMPACT,2,4,AM7,Z,10.7,8,9.5,30,222
PORSCHE,'911 TARGA 4',MINICOMPACT,3.4,6,M7,Z,12.9,9,11.1,25,255
BUICK,ENCLAVE,'SUV - STANDARD',3.6,6,AS9,X,12.9,9,11.2,25,263
CHEVROLET,EQUINOX,'SUV - SMALL',2.4,4,A6,X,10.5,7.3,9.1,31,209
INFINITI,'Q60 AWD COUPE',SUBCOMPACT,3.7,6,AS7,Z,13.3,9.4,11.5,25,265
GMC,'Yukon XL','SUV - STANDARD',5.3,8,A6,X,15.7,10.5,13.4,21,314
DODGE,'CHARGER AWD',FULL-SIZE,3.6,6,A8,X,12.8,8.6,10.9,26,251
FORD,'EDGE AWD','SUV - SMALL',2,4,AS6,X,11.8,8.4,10.3,27,240
SUBARU,'XV CROSSTREK AWD','SUV - SMALL',2,4,AV6,X,9.1,7,8.1,35,191
JEEP,'CHEROKEE TRAILHAWK 4X4','SUV - SMALL',2.4,4,A9,X,12.1,9.4,10.9,26,255
MERCEDES-BENZ,'AMG G 63','SUV - STANDARD',5.5,8,A7,Z,19.9,15.5,17.9,16,419
MAZDA,'MAZDA3 4-DOOR',COMPACT,2.5,4,AS6,X,8.4,6.1,7.4,38,173
AUDI,'A6 QUATTRO',MID-SIZE,3,6,AS8,Z,11.6,7.9,9.9,29,232
MASERATI,'GHIBLI S',MID-SIZE,3,6,AS8,Z,14.5,10,12.4,23,293
BENTLEY,'Continental GT',COMPACT,6,12,AM8,Z,19,11.6,15.7,18,364
JAGUAR,'F-TYPE CONVERTIBLE',TWO-SEATER,3,6,M6,Z,14.9,9.8,12.6,22,296
MERCEDES-BENZ,'E 400 CABRIOLET',SUBCOMPACT,3.5,6,AS7,Z,11.5,8.1,10,28,230
MERCEDES-BENZ,'GLC 300 4MATIC','SUV - SMALL',2,4,A9,Z,11,8.7,10,28,234
VOLVO,S60,COMPACT,2.5,5,AS6,X,11.3,7.8,9.7,29,223
JEEP,'CHEROKEE 4X4 ACTIVE DRIVE I','SUV - SMALL',3.2,6,A9,X,11.6,8.6,10.3,27,241
GMC,Canyon,'PICKUP TRUCK - SMALL',2.8,4,A6,D,11.8,7.9,10.1,28,270
MASERATI,'GranTurismo Convertible',SUBCOMPACT,4.7,8,AS6,Z,17.8,11.6,15,19,354
FORD,'Shelby GT350 Mustang',SUBCOMPACT,5.2,8,M6,Z,17.1,11.4,14.5,19,342
FORD,'EXPLORER FFV AWD','SUV - STANDARD',3.5,6,AS6,E,19.7,14.3,17.3,16,288
MASERATI,'QUATTROPORTE GTS',FULL-SIZE,3.8,8,AS8,Z,17.6,10.7,14.5,19,334
MERCEDES-BENZ,'AMG C 43 4MATIC Wagon','STATION WAGON - SMALL',3,6,A9,Z,12.4,8.9,10.8,26,255
NISSAN,VERSA,COMPACT,1.6,4,M5,X,8.6,6.5,7.7,37,177
BMW,'M4 COUPE',COMPACT,3,6,M6,Z,13.7,9.1,11.7,24,273
CHEVROLET,'CITY EXPRESS','SPECIAL PURPOSE VEHICLE',2,4,AV,X,9.8,8.8,9.3,30,218
GMC,'TERRAIN FFV','SUV - SMALL',2.4,4,A6,X,10.5,7.3,9.1,31,214
MERCEDES-BENZ,'AMG S 65',FULL-SIZE,6,12,AS7,Z,17.6,10.9,14.6,19,349
GMC,'ACADIA AWD','SUV - STANDARD',3.6,6,A6,X,16.1,10.8,13.7,21,323
GMC,Canyon,'PICKUP TRUCK - SMALL',2.5,4,A6,X,12.1,9.2,10.8,26,253
MAZDA,'CX-5 4WD','SUV - SMALL',2,4,AS6,X,9.3,7.6,8.5,33,196
MAZDA,CX-9,'SUV - SMALL',3.7,6,AS6,X,14.2,10,12.3,23,283
CHEVROLET,'CAMARO SS',COMPACT,6.2,8,M6,Z,15,9.9,12.7,22,292
MERCEDES-BENZ,'AMG CLA 45 4MATIC',COMPACT,2,4,AM7,Z,10.3,7.9,9.2,31,217
BENTLEY,'Continental GT',COMPACT,6,12,AM8,Z,19,11.6,15.7,18,364
CHEVROLET,'CRUZE ECO',MID-SIZE,1.4,4,A6,X,9.1,6,7.7,37,177
FORD,'F-150 4X4 (Payload Pkg)','PICKUP TRUCK - STANDARD',3.5,6,AS10,X,14.7,11.2,13.1,22,308
ROLLS-ROYCE,WRAITH,MID-SIZE,6.6,12,AS8,Z,19,12.5,16.1,18,375
CHRYSLER,'TOWN & COUNTRY FFV',MINIVAN,3.6,6,A6,X,14.1,9.5,12,24,276
GMC,'TERRAIN FFV','SUV - SMALL',2.4,4,A6,X,10.5,7.3,9.1,31,214
BMW,'X5 xDRIVE35i','SUV - STANDARD',3,6,AS8,Z,13,9.8,11.5,25,270
TOYOTA,'Sequoia 4WD','SUV - STANDARD',5.7,8,AS6,X,18.5,13.9,16.4,17,385
BMW,'440i COUPE',COMPACT,3,6,AS8,Z,9.2,6.2,7.8,36,183
MERCEDES-BENZ,'CL 63 AMG',COMPACT,5.5,8,AS7,Z,15.4,11,13.4,21,308
GMC,'YUKON 4WD','SUV - STANDARD',5.3,8,A6,E,20.5,14,17.6,16,282
FORD,'TRANSIT CONNECT WAGON TAXI','SPECIAL PURPOSE VEHICLE',2.5,4,AS6,X,12,8.5,10.4,27,239
RAM,'1500 FFV','PICKUP TRUCK - STANDARD',3.6,6,A8,X,13.9,9.5,11.9,24,274
HYUNDAI,'VELOSTER TURBO',COMPACT,1.6,4,M6,X,9.7,7,8.5,33,196
CHEVROLET,'CORVETTE Z06',TWO-SEATER,6.2,8,AS8,Z,17.7,10.2,14.3,20,335
GMC,ACADIA,'SUV - STANDARD',3.6,6,A6,X,14.3,9.9,12.3,23,283
GMC,'ACADIA AWD','SUV - STANDARD',3.6,6,A6,X,16.1,10.8,13.7,21,323
CHEVROLET,Camaro,SUBCOMPACT,2,4,M6,Z,11.9,7.9,10.1,28,235
FORD,'E150 WAGON FFV','VAN - PASSENGER',4.6,8,A4,X,18.6,14.6,16.8,17,386
NISSAN,FRONTIER,'PICKUP TRUCK - SMALL',4,6,A5,X,14.8,10.6,12.9,22,304
MINI,'Cooper Clubman ALL4',MID-SIZE,1.5,3,AS8,Z,9.7,7,8.5,33,197
FORD,'EXPEDITION 4X4','SUV - STANDARD',3.5,6,AS6,X,15.9,12,14.2,20,333
AUDI,'A7 quattro',MID-SIZE,3,6,AM7,Z,10.9,8.2,9.7,29,226
GMC,'YUKON 4WD','SUV - STANDARD',5.3,8,A6,X,15.2,10.8,13.2,21,310
GMC,'SIERRA FFV','PICKUP TRUCK - STANDARD',5.3,8,A6,E,19.7,13.9,17.1,17,284
HYUNDAI,'ELANTRA GT',MID-SIZE,2,4,A6,X,9.8,7.2,8.6,33,198
MAZDA,'MAZDA3 5-DOOR',MID-SIZE,2,4,AS6,X,8,5.9,7.1,40,163
BENTLEY,MULSANNE,MID-SIZE,6.8,8,AS8,Z,21,13.1,17.5,16,408
DODGE,'CHARGER AWD (MDS)',FULL-SIZE,5.7,8,A5,X,16.1,10,13.4,21,313
VOLKSWAGEN,'GOLF ALLTRACK','STATION WAGON - SMALL',1.8,4,AM6,X,10.7,8,9.4,30,220
MERCEDES-BENZ,'AMG E 53 4MATIC+',MID-SIZE,3,6,A9,Z,11.2,8.3,9.9,29,232
GMC,'YUKON FFV','SUV - STANDARD',5.3,8,A6,X,15.1,10.4,13,22,304
JEEP,CHEROKEE,'SUV - SMALL',3.2,6,A9,X,11.4,8.3,10,28,234
CHEVROLET,EQUINOX,'SUV - SMALL',2.4,4,A6,X,10.5,7.3,9.1,31,209
JEEP,'GRAND CHEROKEE 4X4 TRACKHAWK','SUV - STANDARD',6.2,8,A8,Z,20.9,13.8,17.7,16,413
NISSAN,'NV200 CARGO VAN','SPECIAL PURPOSE VEHICLE',2,4,AV,X,9.8,8.8,9.3,30,218
PORSCHE,BOXSTER,TWO-SEATER,2,4,AM7,Z,10.5,8,9.4,30,219
GMC,'Sierra FFV','PICKUP TRUCK - STANDARD',5.3,8,A6,X,15.7,11.9,14,20,329
DODGE,Challenger,MID-SIZE,5.7,8,M6,Z,15.6,10.1,13.1,22,307
CHEVROLET,'CRUZE LIMITED',MID-SIZE,1.8,4,M6,X,9.4,6.6,8.1,35,190
MITSUBISHI,'OUTLANDER 4WD','SUV - SMALL',2.4,4,AV6,X,9.7,8.1,9,31,207
JEEP,'CHEROKEE FFV','SUV - SMALL',2.4,4,A9,X,11,7.8,9.6,29,225
FORD,'F-150 FFV 4X4','PICKUP TRUCK - STANDARD',5,8,AS10,E,20.3,14.7,17.8,16,296
CADILLAC,CTS,MID-SIZE,2,4,AS8,Z,11,7.6,9.5,30,221
KIA,'SORENTO AWD','SUV - SMALL',2,4,AS6,X,12.3,9.4,11,26,259
VOLVO,'XC60 T6 AWD','SUV - SMALL',2,4,AS8,Z,11.8,9.1,10.6,27,247
JEEP,'RENEGADE 4X4','SUV - SMALL',2.4,4,A9,X,11.2,8,9.8,29,225
GMC,Sierra,'PICKUP TRUCK - STANDARD',2.7,4,A8,X,11.9,10.3,11.1,25,261
KIA,'FORTE KOUP',COMPACT,2,4,M6,X,10,7.4,8.8,32,206
PORSCHE,'PANAMERA TURBO EXECUTIVE',FULL-SIZE,4,8,AM8,Z,12.8,9.2,11.2,25,261
AUDI,S5,SUBCOMPACT,3,6,A7,Z,13.2,9.2,11.4,25,262
PORSCHE,'911 CARRERA 4',MINICOMPACT,3.4,6,M7,Z,12.3,8.7,10.7,26,251
PORSCHE,'911 CARRERA S',MINICOMPACT,3.8,6,AM7,Z,11.9,8.7,10.5,27,245
FORD,'F-150 FFV','PICKUP TRUCK - STANDARD',5,8,AS10,E,20,14.8,17.6,16,293
TOYOTA,86,MINICOMPACT,2,4,AS6,Z,9.9,7.3,8.7,32,204
AUDI,'A4 ALLROAD QUATTRO','STATION WAGON - SMALL',2,4,AS8,Z,11.2,8.4,9.9,28,228
AUDI,'A5 CABRIOLET QUATTRO',SUBCOMPACT,2,4,AS8,Z,11.3,8,9.8,29,230
BMW,'M235i CABRIOLET',SUBCOMPACT,3,6,AS8,Z,11.6,7.7,9.9,29,232
KIA,'SORENTO AWD FE','SUV - SMALL',3.3,6,AS6,X,13.2,9.3,11.4,25,270
HYUNDAI,'SANTA FE SPORT','SUV - SMALL',2.4,4,AS6,X,11.7,8.7,10.3,27,237
VOLVO,'XC90 AWD','SUV - STANDARD',3.2,6,AS6,X,14.9,10.2,12.8,22,294
HYUNDAI,ACCENT,COMPACT,1.6,4,M6,X,8.7,6.4,7.7,37,177
CHEVROLET,'CRUZE LIMITED ECO',MID-SIZE,1.4,4,M6,X,8.4,5.6,7.1,40,167
TOYOTA,HIGHLANDER,'SUV - SMALL',3.5,6,AS6,X,12.5,9.3,11.1,25,255
HONDA,FIT,'STATION WAGON - SMALL',1.5,4,AV,X,7,5.9,6.5,43,151
CHEVROLET,CRUZE,MID-SIZE,1.8,4,AS6,X,10.5,6.8,8.8,32,202
DODGE,'CHALLENGER GT AWD FFV',MID-SIZE,3.6,6,A8,X,12.8,8.7,11,26,258
GMC,'YUKON XL','SUV - STANDARD',5.3,8,A6,X,15.1,10.4,13,22,305
HONDA,'CR-V AWD','SUV - SMALL',2.4,4,AV,X,9.5,7.5,8.6,33,202
MINI,'COOPER S CLUBMAN ALL4',MID-SIZE,2,4,M6,Z,11.4,7.8,9.7,29,227
FORD,'Edge AWD','SUV - SMALL',2,4,A8,X,11.4,8.3,10,28,233
MAZDA,'CX-5 4WD','SUV - SMALL',2.5,4,AS6,X,9.9,7.9,9,31,207
ROLLS-ROYCE,WRAITH,MID-SIZE,6.6,12,AS8,Z,19,12.5,16.1,18,375
MITSUBISHI,LANCER,COMPACT,2.4,4,AV6,X,9.8,7.6,8.8,32,204
MERCEDES-BENZ,'CL 63 AMG',COMPACT,5.5,8,AS7,Z,15.4,11,13.4,21,308
LEXUS,'RX 450h AWD','SUV - STANDARD',3.5,6,AV6,Z,7.5,8.4,7.9,36,185
KIA,'FORTE KOUP',COMPACT,2,4,M6,X,10,7.4,8.8,32,206
NISSAN,Frontier,'PICKUP TRUCK - SMALL',4,6,A5,X,14.7,10.3,12.7,22,299
SCION,tC,COMPACT,2.5,4,M6,X,10.2,7.7,9,31,207
GMC,SIERRA,'PICKUP TRUCK - STANDARD',6.2,8,A8,Z,15.9,11.2,13.8,20,323
JAGUAR,'F-TYPE COUPE',TWO-SEATER,3,6,AS8,Z,11.8,8.4,10.3,27,237
MINI,'COOPER S CLUBMAN',MID-SIZE,2,4,AS8,Z,10,7.2,8.7,32,205
HONDA,'Civic Hatchback Sport',FULL-SIZE,1.5,4,M6,Z,8,6.2,7.2,39,167
PORSCHE,CAYMAN,TWO-SEATER,2,4,AM7,Z,10.5,8,9.4,30,219
KIA,'FORTE KOUP',COMPACT,2,4,M6,X,10,7.4,8.8,32,206
PORSCHE,'911 CARRERA 4 GTS CABRIOLET',MINICOMPACT,3,6,M7,Z,12.9,9.1,11.1,25,260
CHEVROLET,TRAX,'SUV - SMALL',1.4,4,AS6,X,9.4,7.1,8.4,34,193
GMC,'Yukon FFV','SUV - STANDARD',5.3,8,A6,X,15.7,10.5,13.4,21,314
LEXUS,'LS 460 L AWD',MID-SIZE,4.6,8,AS8,Z,15.2,10.2,12.9,22,303
CHEVROLET,TAHOE,'SUV - STANDARD',5.3,8,A6,E,20.2,13.6,17.2,16,275
MINI,'COOPER S CLUBMAN',MID-SIZE,2,4,M6,Z,10.8,7.7,9.4,30,220
JEEP,COMPASS,'SUV - SMALL',2,4,AV,X,10.8,8.9,10,28,234
MERCEDES-BENZ,'ML 350 BLUETEC 4MATIC','SUV - STANDARD',3,6,AS7,D,11.8,8.5,10.3,27,278
BUICK,'Envision AWD','SUV - SMALL',2,4,A9,Z,11.7,9.4,10.7,26,250
TOYOTA,'Highlander Hybrid AWD','SUV - STANDARD',2.5,4,AV,X,6.7,6.8,6.7,42,158
MITSUBISHI,'OUTLANDER 4WD','SUV - SMALL',2.4,4,AV6,X,9.7,8.1,9,31,207
CADILLAC,SRX,'SUV - STANDARD',3.6,6,AS6,X,14.2,9.8,12.3,23,287
KIA,'SPORTAGE AWD','SUV - SMALL',2.4,4,A6,X,12,9.1,10.7,26,246
TOYOTA,AVALON,MID-SIZE,3.5,6,AS6,X,11.4,7.7,9.7,29,226
TOYOTA,'HIGHLANDER HYBRID AWD','SUV - STANDARD',3.5,6,AV6,X,8,8.6,8.3,34,191
BMW,'435i xDRIVE COUPE',COMPACT,3,6,M6,Z,12.3,8.4,10.5,27,247
TOYOTA,'HIGHLANDER HYBRID AWD','SUV - STANDARD',3.5,6,AV6,X,8,8.6,8.3,34,191
DODGE,'CHALLENGER SRT HELLCAT',MID-SIZE,6.2,8,M6,Z,18.1,11.4,15.1,19,352
MINI,'JOHN COOPER WORKS',SUBCOMPACT,2,4,AS6,Z,9.4,7.5,8.5,33,199
FORD,'F-150 4X4 (LT Tire Pkg)','PICKUP TRUCK - STANDARD',3,6,AS10,D,11.8,9.3,10.7,26,287
BMW,'320i SEDAN',COMPACT,2,4,AS8,Z,10,6.5,8.4,34,193
VOLKSWAGEN,BEETLE,COMPACT,1.8,4,M5,X,9.5,7.1,8.4,34,198
HYUNDAI,'SONATA SPORT/LIMITED',FULL-SIZE,2.4,4,AS6,X,10,7.2,8.7,32,207
NISSAN,FRONTIER,'PICKUP TRUCK - SMALL',2.5,4,M5,X,12.2,10.4,11.4,25,268
CHEVROLET,Camaro,SUBCOMPACT,3.6,6,M6,X,14.3,8.8,11.8,24,277
KIA,'FORTE 5',FULL-SIZE,2,4,M6,X,9.7,6.9,8.4,34,197
JAGUAR,'F-TYPE CONVERTIBLE',TWO-SEATER,3,6,M6,Z,14.9,9.8,12.6,22,296
KIA,'FORTE 5',FULL-SIZE,2,4,M6,X,9.7,6.9,8.4,34,197
CHEVROLET,SONIC,COMPACT,1.8,4,M5,X,9,6.8,8,35,187
VOLKSWAGEN,BEETLE,COMPACT,1.8,4,M5,X,9.5,7.1,8.4,34,198
FORD,'EDGE AWD','SUV - SMALL',2,4,AS6,X,11.8,8.4,10.3,27,240
MAZDA,'MAZDA6 (i-ELOOP)',MID-SIZE,2.5,4,AS6,X,8.9,6.7,7.9,36,186
JAGUAR,'F-PACE 25t','SUV - SMALL',2,4,AS8,Z,10.7,8.8,9.9,29,227
CHEVROLET,MALIBU,MID-SIZE,2,4,AS8,Z,10.6,7.1,9,31,211
JEEP,'CHEROKEE 4X4 ACTIVE DRIVE I','SUV - SMALL',3.2,6,A9,X,11.6,8.6,10.3,27,241
MERCEDES-BENZ,'SL 550',TWO-SEATER,4.7,8,AS7,Z,13.4,9.6,11.7,24,269
MERCEDES-BENZ,'CLS 400 4MATIC',COMPACT,3,6,AS7,Z,12.2,8.8,10.7,26,252
BMW,'ACTIVEHYBRID 5',MID-SIZE,3,6,AS8,Z,10.6,7.9,9.4,30,216
CHEVROLET,'Camaro SS',SUBCOMPACT,6.2,8,M6,Z,14.9,9.9,12.6,22,296
KIA,RIO,COMPACT,1.6,4,M6,X,8.7,6.4,7.7,37,177
CHEVROLET,TAHOE,'SUV - STANDARD',5.3,8,A6,E,20.2,13.6,17.2,16,275
GMC,'SIERRA 4WD FFV','PICKUP TRUCK - STANDARD',5.3,8,A6,X,15,10.7,13.1,22,306
DODGE,'JOURNEY FFV','SUV - SMALL',3.6,6,A6,E,18.9,12.9,16.2,17,259
KIA,Soul,'STATION WAGON - SMALL',2,4,M6,X,9.6,7.6,8.7,32,206
FORD,'EDGE AWD','SUV - SMALL',2.7,6,AS6,X,13.8,9.8,12,24,281
MERCEDES-BENZ,'GLA 250 4MATIC','SUV - SMALL',2,4,AS7,Z,9.8,7.4,8.7,32,200
FORD,MUSTANG,SUBCOMPACT,5,8,AS6,X,14.9,9.5,12.4,23,285
DODGE,'CHALLENGER SRT (MDS)',MID-SIZE,6.4,8,A8,Z,15.6,9.6,12.9,22,302
VOLKSWAGEN,'GOLF R',COMPACT,2,4,M6,Z,11.1,8.1,9.8,29,227
LINCOLN,'Continental AWD',FULL-SIZE,3.7,6,AS6,X,14.3,9.7,12.2,23,287
LAMBORGHINI,'Huracan Coupe',TWO-SEATER,5.2,10,AM7,Z,18,12.9,15.7,18,370
HYUNDAI,Veloster,COMPACT,2,4,AS6,X,9.1,7.1,8.2,34,193
KIA,SOUL,'STATION WAGON - SMALL',1.6,4,AS6,X,9.4,7.8,8.7,32,205
FIAT,'500 ABARTH HATCHBACK',MINICOMPACT,1.4,4,A6,X,9.7,7.4,8.7,32,202
BMW,'X6 M','SUV - STANDARD',4.4,8,AS8,Z,16.6,12.1,14.6,19,341
LEXUS,'GS 350 AWD',MID-SIZE,3.5,6,AS6,Z,12.3,9.1,10.9,26,254
INFINITI,'Q50 HYBRID AWD',COMPACT,3.5,6,AS7,Z,9.1,7.7,8.5,33,200
CHEVROLET,'CRUZE LIMITED ECO',MID-SIZE,1.4,4,A6,X,9,6.1,7.7,37,181
JAGUAR,'F-TYPE CONVERTIBLE',TWO-SEATER,3,6,M6,Z,14.9,9.8,12.6,22,296
FORD,MUSTANG,SUBCOMPACT,5,8,AS6,X,14.9,9.5,12.4,23,285
GMC,SIERRA,'PICKUP TRUCK - STANDARD',5.3,8,A6,X,14.6,10.3,12.7,22,292
NISSAN,MICRA,COMPACT,1.6,4,M5,X,8.6,6.6,7.7,37,177
PORSCHE,'911 TARGA 4',MINICOMPACT,3.4,6,M7,Z,12.9,9,11.1,25,255
MAZDA,'CX-5 (Cylinder Deactivation)','SUV - SMALL',2.5,4,AS6,X,9.3,7.6,8.5,33,201
HYUNDAI,Elantra,MID-SIZE,1.6,4,AM7,X,8.9,7,8.1,35,192
HONDA,'Ridgeline AWD','PICKUP TRUCK - STANDARD',3.5,6,AS9,X,12.6,10,11.4,25,269
GMC,'SAVANA 3500 PASSENGER FFV','VAN - PASSENGER',6,8,A6,X,22.2,15.1,19,15,437
JEEP,'RENEGADE 4X4','SUV - SMALL',2.4,4,A9,X,11.2,8,9.8,29,225
BMW,'X4 xDrive30i','SUV - SMALL',2,4,AS8,Z,10.8,8,9.6,29,223
HONDA,HR-V,'SUV - SMALL',1.8,4,M6,X,9.3,7,8.3,34,193
MERCEDES-BENZ,'AMG GLE 43 4MATIC','SUV - STANDARD',3,6,A9,Z,13.6,10.1,12,24,281
NISSAN,'370Z ROADSTER',TWO-SEATER,3.7,6,M6,Z,13.6,9.7,11.8,24,278
MERCEDES-BENZ,'E 400 CABRIOLET',SUBCOMPACT,3,6,AS7,Z,11.5,8.1,10,28,233
GMC,YUKON,'SUV - STANDARD',5.3,8,A6,X,15.1,10.4,13,22,305
AUDI,'A3 CABRIOLET QUATTRO',SUBCOMPACT,2,4,AM6,X,10.8,8,9.5,30,223
AUDI,'RS 5 Sportback',MID-SIZE,2.9,6,AS8,Z,13.5,9,11.5,25,268
GMC,'YUKON 4WD FFV','SUV - STANDARD',5.3,8,A6,E,20.8,14.5,18,16,299
PORSCHE,'911 CARRERA 4 GTS CABRIOLET',MINICOMPACT,3,6,M7,Z,12.9,9.1,11.1,25,260
PORSCHE,'Panamera GTS ST',FULL-SIZE,4,8,AM8,Z,15.7,10.5,13.4,21,313
DODGE,Challenger,MID-SIZE,5.7,8,M6,Z,15.6,10.1,13.1,22,307
PORSCHE,'Macan S','SUV - SMALL',3,6,AM7,Z,12.9,10.2,11.7,24,272
CHEVROLET,'Blazer AWD','SUV - SMALL',3.6,6,A9,X,13.1,9.4,11.4,25,269
FORD,'F-150 4X4 (LT Tire Pkg)','PICKUP TRUCK - STANDARD',3,6,AS10,D,11.8,9.3,10.7,26,287
GMC,YUKON,'SUV - STANDARD',5.3,8,A6,X,15.1,10.4,13,22,305
CHEVROLET,Camaro,SUBCOMPACT,3.6,6,AS8,X,12.3,8.2,10.4,27,246
MINI,'Cooper Countryman ALL4',MID-SIZE,1.5,3,AS8,Z,9.8,7.1,8.6,33,200
SUBARU,'BRZ tS',MINICOMPACT,2,4,M6,Z,11.6,8.6,10.2,28,239
MERCEDES-BENZ,'E 350 4MATIC COUPE',SUBCOMPACT,3.5,6,AS7,Z,11.9,8.5,10.4,27,239
PORSCHE,'911 CARRERA 4 CABRIOLET',MINICOMPACT,3.4,6,M7,Z,12.5,9,10.9,26,257
TOYOTA,AVALON,MID-SIZE,3.5,6,AS6,X,11.4,7.7,9.7,29,226
MERCEDES-BENZ,'C 300 4MATIC FFV',COMPACT,3.5,6,AS7,E,16.4,11.1,14,20,224
DODGE,'Charger SRT Hellcat',FULL-SIZE,6.2,8,A8,Z,17.6,10.7,14.5,19,339
MERCEDES-BENZ,'C 250 COUPE',SUBCOMPACT,1.8,4,AS7,Z,11,7.4,9.4,30,216
VOLKSWAGEN,'TIGUAN 4MOTION','SUV - SMALL',2,4,AS6,Z,12,10,11.1,25,263
PORSCHE,'911 CARRERA 4 CABRIOLET',MINICOMPACT,3,6,AM7,Z,11,8.4,9.8,29,230
AUDI,'A7 quattro',MID-SIZE,3,6,AM7,Z,10.9,8.2,9.7,29,226
RAM,'1500 FFV','PICKUP TRUCK - STANDARD',3.6,6,A8,X,13.9,9.5,11.9,24,274
HYUNDAI,'ELANTRA GT',MID-SIZE,2,4,M6,X,9.8,7.2,8.7,32,204
PORSCHE,'911 TURBO S',MINICOMPACT,3.8,6,AM7,Z,12.6,9.9,11.4,25,266
BMW,'X1 xDRIVE35i','SUV - SMALL',3,6,A6,Z,13.2,8.9,11.3,25,260
CHRYSLER,'TOWN & COUNTRY FFV',MINIVAN,3.6,6,A6,X,14.1,9.5,12,24,276
CADILLAC,'CT6 AWD',FULL-SIZE,3.6,6,AS10,X,13,8.8,11.1,25,261
MITSUBISHI,'OUTLANDER 4WD','SUV - SMALL',3,6,AS6,Z,11.5,8.5,10.2,28,235
VOLVO,'S60 T5 AWD',COMPACT,2.5,5,AS6,X,11.6,8.2,10.1,28,232
MAZDA,'MAZDA6 (SIL)',MID-SIZE,2.5,4,M6,X,9.4,6.4,8.1,35,188
DODGE,'CHALLENGER SRT HELLCAT',MID-SIZE,6.2,8,A8,Z,17.6,10.7,14.5,19,339
MERCEDES-BENZ,'B 250 4MATIC','STATION WAGON - SMALL',2,4,AM7,Z,10.3,7.8,9.1,31,215
CHEVROLET,'Blazer AWD','SUV - SMALL',3.6,6,A9,X,12.7,9.5,11.3,25,265
KIA,'FORTE KOUP',COMPACT,2,4,A6,X,9.6,7,8.4,34,193
JAGUAR,'XE 35t AWD',COMPACT,3,6,AS8,Z,11.8,8.2,10.2,28,238
HONDA,'HR-V AWD','STATION WAGON - SMALL',1.8,4,AV,X,8.9,7.5,8.2,34,194
MITSUBISHI,'OUTLANDER 4WD','SUV - SMALL',3,6,AS6,Z,11.5,8.4,10.1,28,232
MASERATI,'QUATTROPORTE GTS',FULL-SIZE,3.8,8,AS8,Z,17.5,10.7,14.5,19,334
HONDA,HR-V,'SUV - SMALL',1.8,4,M6,X,9.3,7,8.3,34,193
PORSCHE,'911 CARRERA S CABRIOLET',MINICOMPACT,3,6,M7,Z,12.1,8.3,10.4,27,243
BMW,340i,COMPACT,3,6,M6,Z,11.6,7.8,9.9,29,231
LEXUS,'ES 300h',MID-SIZE,2.5,4,AV6,X,5.8,6.1,5.9,48,139
LAMBORGHINI,'Aventador Coupe',TWO-SEATER,6.5,12,AM7,Z,26.2,15.5,21.4,13,485
AUDI,'A3 CABRIOLET QUATTRO',SUBCOMPACT,2,4,AM6,X,10.8,8,9.5,30,223
CHEVROLET,'SUBURBAN 4WD','SUV - STANDARD',5.3,8,A6,X,15.4,10.8,13.3,21,312
KIA,RIO,COMPACT,1.6,4,M6,X,8.7,6.4,7.7,37,177
AUDI,'TT COUPE QUATTRO',SUBCOMPACT,2,4,AM6,Z,10.4,7.6,9.1,31,209
LEXUS,'NX 200t AWD','SUV - SMALL',2,4,AS6,Z,10.6,8.4,9.6,29,225
MINI,'COOPER CLUBMAN ALL4',MID-SIZE,1.5,3,AS8,Z,10.2,7.8,9.1,31,213
MITSUBISHI,'OUTLANDER 4WD','SUV - SMALL',2.4,4,AV6,X,9.7,8.1,9,31,207
TOYOTA,'TACOMA 4WD D-CAB OFF-ROAD','PICKUP TRUCK - SMALL',3.5,6,M6,X,13.8,11.7,12.9,22,300
VOLKSWAGEN,'GOLF WAGON TDI (modified)','STATION WAGON - SMALL',2,4,M6,D,8.3,6,7.3,39,196
FORD,'F-150 (LT Tire Pkg)','PICKUP TRUCK - STANDARD',2.7,6,AS6,X,12.4,9.8,11.2,25,263
PORSCHE,'Panamera GTS',FULL-SIZE,4,8,AM8,Z,14.5,10.2,12.6,22,295
TOYOTA,SIENNA,MINIVAN,3.5,6,AS8,X,12.5,8.9,10.9,26,256
MERCEDES-BENZ,'C 300 4MATIC',COMPACT,2,4,AS7,Z,10.1,7.8,9,31,212
LEXUS,'RX 350 AWD','SUV - SMALL',3.5,6,AS8,X,12.2,8.9,10.7,26,251
TOYOTA,'HIGHLANDER HYBRID AWD LE','SUV - STANDARD',3.5,6,AV6,X,8.4,8.3,8.4,34,195
BUICK,LACROSSE,MID-SIZE,3.6,6,AS9,X,11.3,7.9,9.7,29,228
BMW,'X4 M40i','SUV - SMALL',3,6,AS8,Z,12.7,9.1,11.1,25,260
HYUNDAI,Elantra,MID-SIZE,1.6,4,M6,X,10.7,7.8,9.4,30,221
MINI,'John Cooper Works Convertible',MINICOMPACT,2,4,AS6,Z,9.4,7.2,8.4,34,197
LINCOLN,'MKZ AWD',MID-SIZE,3,6,AS6,X,14,9.2,11.8,24,278
MINI,'COOPER 5 DOOR',SUBCOMPACT,1.5,3,AS6,Z,8.5,6.3,7.5,38,172
PORSCHE,'911 TARGA 4',MINICOMPACT,3.4,6,M7,Z,12.9,9,11.1,25,255
BMW,'M235i CABRIOLET',SUBCOMPACT,3,6,M6,Z,12.1,8.4,10.5,27,246
CHEVROLET,'Silverado LD','PICKUP TRUCK - STANDARD',5.3,8,A6,X,15.6,10.9,13.5,21,317
'LAND ROVER',LR4,'SUV - STANDARD',3,6,AS8,Z,16.2,12.1,14.3,20,336
BMW,'X6 M','SUV - STANDARD',4.4,8,A6,Z,18.1,13.7,16.1,18,370
DODGE,'Challenger SRT Hellcat',MID-SIZE,6.2,8,M6,Z,18.1,11.4,15.1,19,352
BMW,'M240i Cabriolet',SUBCOMPACT,3,6,AS8,Z,11.2,7.8,9.7,29,227
CHEVROLET,Blazer,'SUV - SMALL',3.6,6,A9,X,12,9,10.6,27,250
CHEVROLET,Spark,SUBCOMPACT,1.4,4,M5,X,8,6.2,7.2,39,170
FIAT,500X,'SUV - SMALL',1.4,4,M6,X,9.5,7.1,8.4,34,197
TOYOTA,CAMRY,MID-SIZE,2.5,4,AS8,X,8.1,5.7,6.9,41,164
DODGE,'CHALLENGER SRT (MDS)',MID-SIZE,6.4,8,A8,Z,15.7,9.5,12.9,22,302
CHEVROLET,Traverse,'SUV - STANDARD',3.6,6,A9,X,13,8.8,11.1,25,261
JEEP,PATRIOT,'SUV - SMALL',2,4,M5,X,10.2,7.8,9.2,31,212
PORSCHE,'911 GT3RS',TWO-SEATER,4,6,AM7,Z,16.3,11.8,14.3,20,334
INFINITI,'Q50 HYBRID AWD',COMPACT,3.5,6,AS7,Z,9.1,7.7,8.5,33,200
MERCEDES-BENZ,'METRIS CARGO','SPECIAL PURPOSE VEHICLE',2,4,AS7,Z,10.8,9.5,10.2,28,233
FORD,'F-150 FFV','PICKUP TRUCK - STANDARD',5,8,AS6,E,22.1,16.7,19.7,14,315
MERCEDES-BENZ,'S 560 4MATIC',FULL-SIZE,4,8,A9,Z,13.5,8.6,11.3,25,265
FORD,'Mustang Convertible',SUBCOMPACT,2.3,4,AS10,X,11.9,8.4,10.4,27,243
PORSCHE,'PANAMERA TURBO S EXECUTIVE',FULL-SIZE,4.8,8,AM7,Z,15.4,9.8,12.9,22,297
CHEVROLET,EQUINOX,'SUV - SMALL',3.6,6,A6,E,18.8,13.1,16.2,17,259
BMW,M3,COMPACT,3,6,M6,Z,13.5,9.3,11.6,24,273
DODGE,'DART FFV',MID-SIZE,2,4,A6,E,14.2,9.8,12.2,23,195
KIA,'Sorento AWD','SUV - SMALL',3.3,6,AS8,X,12.3,9.5,11.1,25,261
HYUNDAI,'SANTA FE','SUV - SMALL',3.3,6,AS6,X,12.9,9.4,11.3,25,265
CHEVROLET,Traverse,'SUV - STANDARD',3.6,6,A9,X,13,8.8,11.1,25,261
DODGE,'CHARGER (MDS)',FULL-SIZE,5.7,8,A8,X,14.8,9.3,12.3,23,289
ROLLS-ROYCE,Ghost,FULL-SIZE,6.6,12,AS8,Z,20.3,13,17,17,397
DODGE,'Durango AWD SRT','SUV - STANDARD',6.4,8,A8,Z,18.3,12.2,15.6,18,363
AUDI,'RS 5 Sportback',MID-SIZE,2.9,6,AS8,Z,13.5,9,11.5,25,268
BMW,'X4 M40i','SUV - SMALL',3,6,AS8,Z,11.9,8.7,10.4,27,245
JEEP,PATRIOT,'SUV - SMALL',2,4,M5,X,10.2,7.8,9.2,31,212
BMW,'430i xDRIVE CABRIOLET',SUBCOMPACT,2,4,AS8,Z,10.7,7.3,9.1,31,214
JAGUAR,'XJR  LWB',FULL-SIZE,5,8,AS8,Z,15.8,10.3,13.3,21,313
CHRYSLER,'200 FFV',MID-SIZE,2.4,4,A9,E,13.6,8.5,11.3,25,181
MINI,'COOPER CONVERTIBLE',MINICOMPACT,1.6,4,M6,Z,8.6,6.8,7.8,36,179
CHEVROLET,'CRUZE LIMITED ECO',MID-SIZE,1.4,4,M6,X,8.4,5.6,7.1,40,167
GENESIS,'G80 AWD',FULL-SIZE,3.8,6,AS8,X,14.3,9.5,12.1,23,286
INFINITI,'Q50 AWD',MID-SIZE,2,4,AS7,Z,10.7,8.4,9.6,29,226
CHEVROLET,'CAMARO ZL1',COMPACT,6.2,8,M6,Z,16.6,12.4,14.7,19,338
GMC,'YUKON XL','SUV - STANDARD',5.3,8,A6,X,14.9,10.1,12.7,22,292
HONDA,'CIVIC HATCHBACK',FULL-SIZE,1.5,4,M6,X,8,6.2,7.2,39,167
JEEP,COMPASS,'SUV - SMALL',2,4,M5,X,10.2,7.8,9.2,31,212
MITSUBISHI,RVR,'SUV - SMALL',2,4,M5,X,10.3,8.2,9.3,30,216
CHEVROLET,MALIBU,MID-SIZE,1.5,4,A6,X,8.8,6.5,7.8,36,182
PORSCHE,'911 CARRERA S',MINICOMPACT,3.8,6,AM7,Z,11.9,8.7,10.5,27,245
DODGE,'JOURNEY FFV','SUV - SMALL',3.6,6,A6,X,14.2,9.4,12.1,23,283
CHEVROLET,'Silverado 4WD','PICKUP TRUCK - STANDARD',5.3,8,A8,X,14.7,10.7,12.9,22,303
TOYOTA,'4Runner 4WD (Part-Time 4WD)','SUV - STANDARD',4,6,AS5,X,14.3,11.9,13.2,21,308
GMC,'TERRAIN AWD','SUV - SMALL',2.4,4,A6,X,11.5,8.2,10,28,235
CHEVROLET,'SONIC 5','STATION WAGON - SMALL',1.8,4,AS6,X,9.6,6.7,8.3,34,195
VOLKSWAGEN,'Atlas 4MOTION','SUV - STANDARD',3.6,6,AS8,X,13.8,10.2,12.2,23,286
TOYOTA,'HIGHLANDER HYBRID AWD LE','SUV - STANDARD',3.5,6,AV6,X,8.4,8.3,8.4,34,195
KIA,'Telluride AWD','SUV - SMALL',3.8,6,AS8,X,12.5,9.6,11.2,25,264
PORSCHE,'CAYENNE TURBO','SUV - STANDARD',4.8,8,A8,Z,16.7,11.2,14.2,20,334
HYUNDAI,SONATA,FULL-SIZE,2.4,4,AS6,X,9.8,6.7,8.4,34,193
FORD,ESCAPE,'SUV - SMALL',2,4,AS6,X,10.9,8,9.6,29,221
LINCOLN,'Continental AWD',FULL-SIZE,3.7,6,AS6,X,14.3,9.7,12.2,23,287
MERCEDES-BENZ,'AMG GLE 43 4MATIC','SUV - STANDARD',3,6,A9,Z,14,10.6,12.4,23,292
TOYOTA,TACOMA,'PICKUP TRUCK - SMALL',2.7,4,M5,X,11.3,8.9,10.2,28,235
MERCEDES-BENZ,'SLS AMG ROADSTER',TWO-SEATER,6.2,8,AS7,Z,18.2,12.6,15.7,18,361
VOLVO,'S60 T5 AWD',COMPACT,2.5,5,AS6,X,11.6,8.2,10.1,28,232
FORD,'ESCAPE AWD','SUV - SMALL',2,4,AS6,X,11.4,8.4,10.1,28,232
CADILLAC,'CTS Vsport',MID-SIZE,3.6,6,AS8,Z,15,9.9,12.7,22,299
HONDA,'Civic Coupe',COMPACT,1.5,4,AV7,X,7.8,6.4,7.2,39,167
PORSCHE,'PANAMERA TURBO S EXECUTIVE',FULL-SIZE,4.8,8,AM7,Z,15.4,9.8,12.9,22,297
HONDA,'Insight Touring',MID-SIZE,1.5,4,AV,X,4.6,5.3,4.9,58,114
CHEVROLET,'SONIC 5','STATION WAGON - SMALL',1.8,4,M5,X,9,6.8,8,35,187
SUBARU,'Impreza 4-Door AWD',MID-SIZE,2,4,AV7,X,8.3,6.4,7.5,38,174
INFINITI,'Q70 AWD',MID-SIZE,3.7,6,AS7,Z,13.2,9.6,11.6,24,267
NISSAN,Micra,COMPACT,1.6,4,A4,X,9,6.8,8,35,188
TOYOTA,'RAV4 HYBRID AWD','SUV - SMALL',2.5,4,AV6,X,6.9,7.6,7.2,39,169
NISSAN,'NV200 CARGO VAN','SPECIAL PURPOSE VEHICLE',2,4,AV,X,9.8,8.8,9.3,30,218
JAGUAR,'E-PACE P250','SUV - SMALL',2,4,AS9,Z,11,8.4,9.8,29,231
PORSCHE,'911 CARRERA CABRIOLET',MINICOMPACT,3,6,AM7,Z,10.8,8.3,9.7,29,227
MERCEDES-BENZ,'CLS 400 4MATIC',COMPACT,3,6,AS7,Z,12.2,8.8,10.7,26,252
CHEVROLET,'Silverado 4WD LT Trail Boss','PICKUP TRUCK - STANDARD',5.3,8,A10,X,14.7,11.2,13.1,22,307
GMC,'SAVANA 3500 PASSENGER','VAN - PASSENGER',4.8,8,A6,X,21.3,14.3,18.2,16,419
HONDA,'PILOT AWD','SUV - SMALL',3.5,6,A6,X,13,9.3,11.3,25,266
MERCEDES-BENZ,'AMG GT ROADSTER',TWO-SEATER,4,8,AM7,Z,14.7,11,13,22,304
MERCEDES-BENZ,'AMG SL 63',TWO-SEATER,5.5,8,AS7,Z,14.7,9.5,12.4,23,298
FORD,'Flex AWD GTDI','SUV - STANDARD',3.5,6,AS6,X,15.7,11.2,13.7,21,322
TOYOTA,'Prius c',COMPACT,1.5,4,AV,X,4.9,5.5,5.1,55,120
BMW,'435i xDRIVE GRAN COUPE',COMPACT,3,6,AS8,Z,11.9,7.8,10,28,230
GMC,'YUKON FFV','SUV - STANDARD',5.3,8,A6,X,15.1,10.4,13,22,305
DODGE,Challenger,MID-SIZE,3.6,6,A8,X,12.4,7.8,10.3,27,242
HONDA,'HR-V AWD','STATION WAGON - SMALL',1.8,4,AV,X,8.9,7.5,8.2,34,194
SUBARU,WRX,COMPACT,2,4,M6,Z,11.3,8.4,10,28,233
FORD,FUSION,MID-SIZE,2.5,4,AS6,X,10.5,7,8.9,32,205
AUDI,'A4 allroad quattro','STATION WAGON - SMALL',2,4,AM7,Z,10,7.4,8.8,32,206
TOYOTA,VENZA,'SUV - SMALL',2.7,4,AS6,X,11.4,8.2,10,28,230
KIA,'FORTE (MPI)',MID-SIZE,2,4,AS6,X,7.9,6.3,7.2,39,170
FORD,'MUSTANG (Performance Pkg)',SUBCOMPACT,5,8,M6,X,16.7,10.2,13.8,20,324
GMC,'ACADIA AWD','SUV - STANDARD',3.6,6,A6,X,16.1,10.8,13.7,21,323
JEEP,COMPASS,'SUV - SMALL',2.4,4,A6,X,11.1,8.3,9.8,29,225
SUBARU,BRZ,MINICOMPACT,2,4,AS6,Z,9.7,7.2,8.6,33,200
FORD,'F-150 FFV 4X4','PICKUP TRUCK - STANDARD',5,8,A6,E,22.4,17,20,14,320
CADILLAC,CTS,MID-SIZE,2,4,AS6,Z,11.5,7.9,9.9,29,228
PORSCHE,BOXSTER,TWO-SEATER,2,4,AM7,Z,10.5,8,9.4,30,219
HONDA,'Odyssey Touring',MINIVAN,3.5,6,AS10,X,12.2,8.5,10.6,27,247
CHRYSLER,'300 AWD',FULL-SIZE,3.6,6,A8,X,12.8,8.6,10.9,26,251
BMW,'328i xDRIVE GRAN TURISMO',FULL-SIZE,2,4,A8,Z,10.6,7.2,9.1,31,209
GMC,'YUKON 4WD FFV','SUV - STANDARD',5.3,8,A6,E,20.8,14.5,18,16,299
MINI,'JOHN COOPER WORKS COUPE',TWO-SEATER,1.6,4,M6,Z,9.1,6.7,8,35,184
BMW,M2,SUBCOMPACT,3,6,M6,Z,13.1,9.2,11.4,25,267
FORD,'F-150 FFV 4X4','PICKUP TRUCK - STANDARD',5,8,AS10,E,20.3,14.7,17.8,16,296
MITSUBISHI,LANCER,COMPACT,2,4,AV6,X,9.2,7,8.2,34,189
CHEVROLET,'COLORADO 4WD','PICKUP TRUCK - SMALL',2.8,4,A6,D,12,8.2,10.3,27,277
PORSCHE,'911 CARRERA 4S',MINICOMPACT,3,6,M7,Z,12.1,8.4,10.4,27,243
CHEVROLET,'COLORADO 4WD','PICKUP TRUCK - SMALL',2.8,4,A6,D,12,8.2,10.3,27,277
BMW,M3,COMPACT,3,6,M6,Z,13.5,9.3,11.6,24,273
VOLKSWAGEN,CC,COMPACT,2,4,M6,Z,11.4,7.4,9.6,29,221
TOYOTA,'SEQUOIA 4WD','SUV - STANDARD',5.7,8,AS6,X,19,13.9,16.7,17,384
RAM,'1500 4X4 FFV','PICKUP TRUCK - STANDARD',3.6,6,A8,X,14.5,10.2,12.6,22,294
DODGE,'GRAND CARAVAN FFV',MINIVAN,3.6,6,A6,X,13.7,9.4,11.8,24,271
INFINITI,'Q60 AWD COUPE',SUBCOMPACT,3.7,6,AS7,Z,13.3,9.4,11.5,25,265
LEXUS,'ES 300h',MID-SIZE,2.5,4,AV6,X,5.8,6.1,5.9,48,139
HONDA,FIT,'STATION WAGON - SMALL',1.5,4,AV7,X,7.6,6.4,7,40,164
VOLKSWAGEN,'GOLF SPORTWAGEN 4MOTION','STATION WAGON - SMALL',1.8,4,M6,X,10.8,7.6,9.3,30,218
'ALFA ROMEO',4C,TWO-SEATER,1.8,4,AM6,Z,9.7,6.9,8.4,34,197
PORSCHE,PANAMERA,FULL-SIZE,3.6,6,AM7,Z,12.9,8.4,10.9,26,255
CHEVROLET,EQUINOX,'SUV - SMALL',3.6,6,A6,E,18.8,13.1,16.2,17,259
BMW,'X1 xDRIVE35i','SUV - SMALL',3,6,A6,Z,13.2,8.9,11.3,25,260
HONDA,'Insight Touring',MID-SIZE,1.5,4,AV,X,4.6,5.3,4.9,58,114
JEEP,'GRAND CHEROKEE 4X4','SUV - STANDARD',5.7,8,A8,X,16.6,10.7,14,20,328
HONDA,'Ridgeline AWD','PICKUP TRUCK - STANDARD',3.5,6,AS9,X,12.6,10,11.4,25,269
DODGE,Challenger,MID-SIZE,5.7,8,M6,Z,15.6,10.1,13.1,22,307
'ASTON MARTIN','VANTAGE GT',TWO-SEATER,4.7,8,AM7,Z,17.4,11.3,14.7,19,338
CHEVROLET,'SILVERADO 4WD FFV','PICKUP TRUCK - STANDARD',4.3,6,A6,E,20.2,15.2,18,16,294
FORD,'E350 WAGON FFV','VAN - PASSENGER',5.4,8,A4,E,26.7,20.5,23.9,12,382
MAZDA,'MAZDA6 (i-ELOOP)',MID-SIZE,2.5,4,AS6,X,8.9,6.7,7.9,36,186
HONDA,'Civic Hatchback Sport',FULL-SIZE,1.5,4,M6,Z,8,6.2,7.2,39,167
HYUNDAI,'Sonata Hybrid SE',MID-SIZE,2,4,AM6,X,5.9,5.1,5.6,50,132
HONDA,'PILOT AWD','SUV - SMALL',3.5,6,A6,X,13,9.3,11.3,25,266
ROLLS-ROYCE,WRAITH,MID-SIZE,6.6,12,AS8,Z,19,12.5,16.1,18,375
SUBARU,'OUTBACK AWD','SUV - SMALL',3.6,6,AV6,X,12,8.6,10.5,27,242
CADILLAC,'CTS Vsport',MID-SIZE,3.6,6,AS8,Z,15,9.9,12.7,22,299
JEEP,'Cherokee 4X4 Active Drive II','SUV - SMALL',2,4,A9,X,11.5,8.6,10.2,28,240
DODGE,'JOURNEY FFV','SUV - SMALL',3.6,6,A6,E,18.9,12.9,16.2,17,259
FORD,'Mustang Convertible (Performance Pkg)',SUBCOMPACT,2.3,4,AS10,X,11.8,8.7,10.4,27,244
JAGUAR,'XJR LWB',FULL-SIZE,5,8,AS8,Z,15.8,10.2,13.3,21,306
BMW,'X5 M50i','SUV - STANDARD',4.4,8,AS8,Z,14.5,10.7,12.8,22,302
MERCEDES-BENZ,'C 300 4MATIC CABRIOLET',SUBCOMPACT,2,4,A9,Z,10.8,8,9.6,29,224
VOLKSWAGEN,'GOLF R',COMPACT,2,4,M6,Z,11.1,8.1,9.8,29,227
MERCEDES-BENZ,'AMG GT R Coupe',TWO-SEATER,4,8,AM7,Z,15.9,11.8,14,20,327
GMC,'SIERRA eASSIST 4WD','PICKUP TRUCK - STANDARD',5.3,8,A8,X,14.4,11.2,13,22,304
RAM,'1500 (MDS)','PICKUP TRUCK - STANDARD',5.7,8,A8,X,15.7,10.9,13.6,21,313
'ASTON MARTIN','DB11 V12',MINICOMPACT,5.2,12,A8,Z,15.5,11.4,13.7,21,322
HYUNDAI,Elantra,MID-SIZE,1.6,4,M6,X,10.7,7.8,9.4,30,221
CHEVROLET,SPARK,SUBCOMPACT,1.2,4,M5,X,7.6,6,6.9,41,159
NISSAN,JUKE,'STATION WAGON - SMALL',1.6,4,M6,Z,8.5,6.9,7.8,36,183
BMW,'M760Li xDrive',FULL-SIZE,6.6,12,AS8,Z,17.7,11.9,15.1,19,355
MINI,'JOHN COOPER WORKS',SUBCOMPACT,2,4,AS6,Z,9.4,7.5,8.5,33,199
BMW,'330i xDrive',COMPACT,2,4,AS8,Z,9.5,6.9,8.3,34,194
FORD,'F-150 4X4 (Payload Pkg)','PICKUP TRUCK - STANDARD',3.5,6,AS10,X,14.7,11.2,13.1,22,308
GENESIS,'G70 AWD',COMPACT,2,4,AS8,Z,11.5,8.7,10.3,27,241
HONDA,'Pilot AWD','SUV - SMALL',3.5,6,AS9,X,12.4,9.3,11,26,257
MAZDA,MAZDA5,MINIVAN,2.5,4,AS5,X,10.8,8.2,9.6,29,226
DODGE,'CHARGER AWD',FULL-SIZE,5.7,8,A5,X,16,10.1,13.3,21,312
MINI,'JOHN COOPER WORKS',SUBCOMPACT,2,4,AS6,Z,9.4,7.5,8.5,33,199
FORD,'FLEX AWD','SUV - STANDARD',3.5,6,AS6,X,13.7,10.1,12.1,23,278
MINI,'Cooper Countryman ALL4',MID-SIZE,1.5,3,AS8,Z,9.8,7.1,8.6,33,200
BMW,M235i,SUBCOMPACT,3,6,AS8,Z,11.6,7.7,9.9,29,232
HYUNDAI,'ELANTRA GT',MID-SIZE,2,4,M6,X,9.8,6.9,8.5,33,196
VOLVO,'XC90 T5 AWD','SUV - STANDARD',2,4,AS8,Z,11.3,8.5,10,28,233
MERCEDES-BENZ,'GLA 250 4MATIC','SUV - SMALL',2,4,AS7,Z,9.8,7.4,8.7,32,200
PORSCHE,'MACAN TURBO','SUV - SMALL',3.6,6,A7,Z,14.2,10.1,12.3,23,287
AUDI,'TTS Coupe',SUBCOMPACT,2,4,AM7,Z,10.4,8.2,9.4,30,220
VOLKSWAGEN,'JETTA HYBRID',COMPACT,1.4,4,AM7,Z,5.6,4.9,5.3,53,122
KIA,'FORTE 5',FULL-SIZE,2,4,M6,X,9.7,6.9,8.4,34,197
NISSAN,'370Z ROADSTER',TWO-SEATER,3.7,6,M6,Z,13.6,9.7,11.8,24,278
LEXUS,'LS 600h L',MID-SIZE,5,8,AV8,Z,12.7,10.1,11.5,25,268
GENESIS,'G70 AWD',COMPACT,2,4,AS8,Z,11.4,8.6,10.2,28,238
HYUNDAI,ELANTRA,MID-SIZE,2,4,AS6,X,8.3,6.4,7.4,38,174
LINCOLN,'CONTINENTAL AWD',FULL-SIZE,2.7,6,AS6,X,14,9.4,12,24,280
BUICK,'Envision AWD','SUV - SMALL',2,4,A9,Z,11.7,9.4,10.7,26,250
INFINITI,'Q50 AWD',MID-SIZE,2,4,AS7,Z,10.6,8.4,9.6,29,226
RAM,'1500 4X4 FFV','PICKUP TRUCK - STANDARD',3.6,6,A8,X,14.6,10.1,12.6,22,294
CHEVROLET,SILVERADO,'PICKUP TRUCK - STANDARD',5.3,8,A6,E,19.9,13.8,17.2,16,275
NISSAN,Micra,COMPACT,1.6,4,A4,X,9,6.8,8,35,188
MAZDA,'MAZDA3 5-DOOR',MID-SIZE,2,4,AS6,X,8,5.9,7.1,40,163
FORD,'Mustang (Performance Pkg)',SUBCOMPACT,2.3,4,AS10,X,11.8,8.4,10.3,27,242
AUDI,'A7 quattro',MID-SIZE,3,6,AM7,Z,10.9,8.2,9.7,29,226
LINCOLN,'CONTINENTAL AWD',FULL-SIZE,3,6,AS6,X,14.4,9.7,12.3,23,288
HONDA,'CIVIC HATCHBACK',FULL-SIZE,1.5,4,AV,X,7.7,6,6.9,41,162
JEEP,'NEW COMPASS 4X4','SUV - SMALL',2.4,4,M6,X,10.8,7.6,9.4,30,221
GMC,'ACADIA AWD','SUV - STANDARD',3.6,6,A6,X,16.1,10.8,13.7,21,323
BMW,'430i xDRIVE CABRIOLET',SUBCOMPACT,2,4,AS8,Z,10.7,7.3,9.1,31,214
MERCEDES-BENZ,'B 250','STATION WAGON - SMALL',2,4,AS7,Z,9.2,6.6,8,35,184
CHEVROLET,'SILVERADO 4WD','PICKUP TRUCK - STANDARD',5.3,8,A6,E,19.9,14.2,17.3,16,277
GMC,'Yukon 4WD','SUV - STANDARD',6.2,8,A10,Z,16.5,10.9,13.9,20,327
GENESIS,'G80 AWD',FULL-SIZE,5,8,AS8,Z,15.6,10.4,13.2,21,312
DODGE,DART,MID-SIZE,2.4,4,A6,X,10.1,6.8,8.6,33,198
AUDI,'A5 CABRIOLET QUATTRO',SUBCOMPACT,2,4,AS8,Z,11.5,8.1,10,28,230
VOLKSWAGEN,CC,COMPACT,2,4,M6,Z,11.4,7.4,9.6,29,221
SUBARU,BRZ,MINICOMPACT,2,4,AS6,Z,9.6,7.1,8.5,33,196
KIA,'Sorento AWD','SUV - SMALL',3.3,6,AS8,X,12.3,9.5,11.1,25,261
FIAT,500X,'SUV - SMALL',1.4,4,M6,X,9.5,7.1,8.4,34,197
JAGUAR,'F-TYPE Coupe',TWO-SEATER,3,6,M6,Z,14.9,9.8,12.6,22,296
PORSCHE,'911 Targa 4 GTS',MINICOMPACT,3,6,AM7,Z,12.1,9.2,10.8,26,251
MERCEDES-BENZ,'E 400 CABRIOLET',SUBCOMPACT,3.5,6,AS7,Z,11.5,8.1,10,28,230
CHEVROLET,'EQUINOX AWD','SUV - SMALL',2,4,A9,Z,10.9,8.3,9.7,29,228
FORD,'EXPLORER FFV AWD','SUV - STANDARD',3.5,6,AS6,E,19.7,14.3,17.3,16,288
HONDA,'Odyssey Touring',MINIVAN,3.5,6,AS10,X,12.2,8.5,10.6,27,247
TOYOTA,TUNDRA,'PICKUP TRUCK - STANDARD',4.6,8,AS6,X,15.8,12.3,14.2,20,334
CHEVROLET,Tahoe,'SUV - STANDARD',5.3,8,A6,X,15.7,10.5,13.4,21,314
GMC,CANYON,'PICKUP TRUCK - SMALL',2.8,4,A6,D,10.8,7.9,9.5,30,255
LINCOLN,'MKT AWD','SUV - STANDARD',3.5,6,AS6,X,15.7,11.2,13.7,21,322
SUBARU,'OUTBACK AWD','SUV - SMALL',2.5,4,AV7,X,9.4,7.3,8.5,33,198
JAGUAR,'XF 35t AWD',MID-SIZE,3,6,AS8,Z,12,8.4,10.4,27,243
VOLVO,'XC70 T5','SUV - SMALL',2,4,AS8,X,10.3,7.6,9.1,31,213
PORSCHE,'911 CARRERA CABRIOLET',MINICOMPACT,3,6,AM7,Z,10.8,8.3,9.7,29,227
HONDA,'CR-V AWD','SUV - SMALL',2.4,4,AV,X,9.5,7.5,8.6,33,202
NISSAN,'JUKE AWD','STATION WAGON - SMALL',1.6,4,AV7,Z,8.8,7.5,8.2,34,194
CHEVROLET,'EXPRESS 1500 CARGO CONV AWD','VAN - CARGO',5.3,8,A4,X,18.3,14.2,16.5,17,380
FORD,'F-150 FFV 4X4 (Payload Pkg)','PICKUP TRUCK - STANDARD',5,8,AS10,E,21.4,17.2,19.5,14,325
MAZDA,'MAZDA6 (i-ELOOP)',MID-SIZE,2.5,4,AS6,X,8.4,5.9,7.3,39,168
FORD,'ESCAPE AWD','SUV - SMALL',1.5,4,AS6,X,10.7,8.3,9.6,29,226
FORD,'F-150 FFV 4X4','PICKUP TRUCK - STANDARD',3.5,6,A6,E,18.9,14.2,16.8,17,269
MERCEDES-BENZ,'CLA 250 4MATIC',SUBCOMPACT,2,4,AS7,Z,9.9,7.4,8.8,32,202
SUBARU,'CROSSTREK AWD','SUV - SMALL',2,4,AV6,X,9.1,7.2,8.2,34,193
CHEVROLET,SILVERADO,'PICKUP TRUCK - STANDARD',5.3,8,A6,X,14.6,10.4,12.7,22,298
TOYOTA,'SEQUOIA 4WD','SUV - STANDARD',5.7,8,AS6,X,19,13.9,16.7,17,384
'ASTON MARTIN','VANTAGE GT',TWO-SEATER,4.7,8,AM7,Z,17.4,11.3,14.7,19,338
HYUNDAI,Elantra,MID-SIZE,1.6,4,AM7,X,8.9,7,8.1,35,189
PORSCHE,'911 GT3 Touring',TWO-SEATER,4,6,M6,Z,16.4,11.2,14.1,20,334
FORD,'FOCUS FFV',COMPACT,2,4,AM6,E,12.2,8.8,10.6,27,177
GMC,'Sierra 4WD','PICKUP TRUCK - STANDARD',4.3,6,A6,X,15.8,11.9,14,20,329
AUDI,'A4 QUATTRO',COMPACT,2,4,AS8,Z,11,7.8,9.6,29,224
HONDA,'CIVIC SEDAN',MID-SIZE,2,4,AV,X,7.8,5.8,6.9,41,162
FORD,'TRANSIT CONNECT WAGON TAXI','SPECIAL PURPOSE VEHICLE',2.5,4,AS6,X,12,8.5,10.4,27,239
MASERATI,'QUATTROPORTE GTS',FULL-SIZE,3.8,8,AS8,Z,17.6,10.7,14.5,19,334
HONDA,'CR-V AWD','SUV - SMALL',2.4,4,AV,X,9.5,7.5,8.6,33,202
NISSAN,ALTIMA,MID-SIZE,2.5,4,AV,X,8.7,6.3,7.6,37,179
PORSCHE,'911 CARRERA S',MINICOMPACT,3.8,6,AM7,Z,12.1,8.7,10.6,27,244
AUDI,S5,SUBCOMPACT,3,6,A7,Z,13.2,9.2,11.4,25,262
BMW,'Z4 sDrive30i',TWO-SEATER,2,4,AS8,Z,9.5,7.4,8.5,33,200
MERCEDES-BENZ,'ML 350 BLUETEC 4MATIC','SUV - STANDARD',3,6,AS7,D,11.8,8.5,10.3,27,278
MERCEDES-BENZ,'AMG GLE 43 4MATIC Coupe','SUV - STANDARD',3,6,A9,Z,14.1,10.9,12.6,22,297
CADILLAC,ATS,COMPACT,2.5,4,AS6,X,11.1,7.2,9.3,30,214
MERCEDES-BENZ,'GLC 300 4MATIC','SUV - SMALL',2,4,A9,Z,11,8.7,10,28,234
MAZDA,'MAZDA3 4-DOOR',COMPACT,2.5,4,AS6,X,8.4,6.1,7.4,38,173
CHEVROLET,'CAMARO SS',COMPACT,6.2,8,M6,Z,15,9.9,12.7,22,292
DODGE,'Charger (MDS)',FULL-SIZE,5.7,8,A5,X,15.6,9.7,12.9,22,302
GMC,ACADIA,'SUV - STANDARD',2.5,4,A6,X,11,9.2,10.2,28,239
VOLKSWAGEN,'Atlas 4MOTION','SUV - STANDARD',3.6,6,AS8,X,13.8,10.2,12.2,23,286
MINI,'JOHN COOPER WORKS COUNTRYMAN ALL4',COMPACT,1.6,4,AS6,Z,10.1,7.7,9,31,212
MAZDA,'CX-5 4WD','SUV - SMALL',2.5,4,AS6,X,9.9,7.9,9,31,207
GMC,'SAVANA 3500 PASSENGER FFV','VAN - PASSENGER',6,8,A6,X,22.2,15.1,19,15,437
CHEVROLET,SILVERADO,'PICKUP TRUCK - STANDARD',5.3,8,A6,E,19.9,13.8,17.2,16,275
LINCOLN,'Navigator 4X4','SUV - STANDARD',3.5,6,AS10,X,15,11.5,13.4,21,315
FORD,'EXPLORER FFV AWD','SUV - STANDARD',3.5,6,AS6,E,19.7,14.3,17.3,16,288
DODGE,'CHARGER AWD',FULL-SIZE,5.7,8,A5,X,16,10.1,13.3,21,312
DODGE,'JOURNEY FFV','SUV - SMALL',3.6,6,A6,E,19.1,13.2,16.4,17,274
CHEVROLET,SONIC,COMPACT,1.8,4,AS6,X,9.6,6.7,8.3,34,195
GMC,SIERRA,'PICKUP TRUCK - STANDARD',6.2,8,A8,Z,15.9,11.2,13.8,20,323
MITSUBISHI,'OUTLANDER 4WD','SUV - SMALL',3,6,AS6,Z,11.5,8.4,10.1,28,232
CHEVROLET,'EXPRESS 2500 PASSENGER FFV','VAN - PASSENGER',6,8,A6,E,30.3,20.5,25.9,11,414
HONDA,'ACCORD COUPE',MID-SIZE,3.5,6,M6,X,12.9,8.4,10.9,26,254
JEEP,'COMPASS 4X4','SUV - SMALL',2.4,4,A6,X,11.4,8.7,10.2,28,235
MERCEDES-BENZ,'AMG CLA 45 4MATIC',COMPACT,2,4,AM7,Z,10.3,7.9,9.2,31,217
NISSAN,Sentra,MID-SIZE,2,4,M6,X,9.4,6.4,8,35,188
'ALFA ROMEO','Stelvio AWD Quadrifoglio','SUV - SMALL',2.9,6,A8,Z,13.9,10.3,12.3,23,288
RAM,'1500 ECODIESEL HFE','PICKUP TRUCK - STANDARD',3,6,A8,D,11.3,8,9.8,29,264
CHEVROLET,MALIBU,MID-SIZE,1.5,4,A6,X,8.8,6.5,7.8,36,182
MASERATI,GRANTURISMO,SUBCOMPACT,4.7,8,AS6,Z,18.2,11.4,15.1,19,357
CADILLAC,'CTS AWD',MID-SIZE,3.6,6,AS8,X,13.3,9.2,11.5,25,269
CHEVROLET,TRAVERSE,'SUV - STANDARD',2,4,A9,Z,11.7,9,10.5,27,246
MAZDA,'MAZDA6 (i-ELOOP)',MID-SIZE,2.5,4,AS6,X,8.9,6.7,7.9,36,186
CADILLAC,CTS-V,MID-SIZE,6.2,8,AS8,Z,16.6,11.1,14.1,20,332
CHEVROLET,'SUBURBAN 4WD FFV','SUV - STANDARD',5.3,8,A6,X,15.3,10.9,13.3,21,312
CADILLAC,CTS-V,MID-SIZE,6.2,8,AS8,Z,16.6,11.1,14.1,20,332
PORSCHE,BOXSTER,TWO-SEATER,2,4,AM7,Z,10.5,8,9.4,30,219
CADILLAC,SRX,'SUV - STANDARD',3.6,6,AS6,X,14.2,9.8,12.3,23,287
DODGE,'CHALLENGER (MDS)',MID-SIZE,5.7,8,A8,X,14.7,9.4,12.3,23,289
PORSCHE,'911 CARRERA 4',MINICOMPACT,3.4,6,M7,Z,12.3,8.7,10.7,26,251
FORD,'F-150 FFV (Payload Pkg)','PICKUP TRUCK - STANDARD',5,8,AS10,E,19.9,15.8,18,16,300
MERCEDES-BENZ,'AMG CLA 45',COMPACT,2,4,AS7,Z,10.2,7.7,9.1,31,214
NISSAN,'PATHFINDER 4WD','SUV - SMALL',3.5,6,AV,X,12.1,8.9,10.7,26,250
MERCEDES-BENZ,'C 300 4MATIC',COMPACT,2,4,A9,Z,11,7.3,9.4,30,219
GMC,'Sierra 4WD','PICKUP TRUCK - STANDARD',5.3,8,A6,X,15.9,11.8,14.1,20,331
KIA,CADENZA,FULL-SIZE,3.3,6,AS8,X,11.5,8.5,10.2,28,237
FORD,'TAURUS AWD',FULL-SIZE,3.5,6,AS6,X,14.7,9.8,12.5,23,293
ACURA,'RDX AWD A-SPEC','SUV - SMALL',2,4,AS10,Z,11.3,9.1,10.3,27,242
NISSAN,JUKE,'STATION WAGON - SMALL',1.6,4,M6,X,8.4,6.9,7.7,37,177
CHRYSLER,300,FULL-SIZE,3.6,6,A8,X,12.4,7.8,10.3,27,242
PORSCHE,'911 Carrera 4S Cabriolet',MINICOMPACT,3,6,AM7,Z,11,8.5,9.9,29,231
FORD,'Transit Connect Van FFV','SPECIAL PURPOSE VEHICLE',2,4,AS8,X,9.8,8.8,9.3,30,219
MERCEDES-BENZ,'SL 550',TWO-SEATER,4.7,8,AS7,Z,13.4,9.6,11.7,24,269
FORD,FUSION,MID-SIZE,2.5,4,AS6,X,10.5,6.9,8.9,32,209
NISSAN,Micra,COMPACT,1.6,4,A4,X,9,6.8,8,35,188
FORD,'ESCAPE AWD','SUV - SMALL',2,4,AS6,X,11.4,8.4,10,28,236
MAZDA,'Mazda3 4-Door',COMPACT,2.5,4,AS6,X,8.8,6.4,7.7,37,181
ROLLS-ROYCE,WRAITH,MID-SIZE,6.6,12,AS8,Z,19,12.5,16.1,18,375
PORSCHE,Cayenne,'SUV - STANDARD',3,6,AS8,Z,12.5,10,11.4,25,265
VOLVO,'XC60 T6 AWD','SUV - SMALL',2,4,AS8,Z,11.8,9.1,10.6,27,247
HONDA,'CIVIC HATCHBACK',FULL-SIZE,1.5,4,AV,X,7.7,6,6.9,41,162
BMW,M2,SUBCOMPACT,3,6,M6,Z,13.1,9.2,11.4,25,267
MITSUBISHI,RVR,'SUV - SMALL',2,4,M5,X,10.3,8,9.3,30,214
LEXUS,'CT 200h',COMPACT,1.8,4,AV,X,5.5,5.8,5.6,50,129
MERCEDES-BENZ,'E 300 4MATIC',MID-SIZE,3.5,6,AS7,Z,11.9,8.2,10.2,28,235
GMC,Terrain,'SUV - SMALL',1.5,4,A9,X,9.2,7.8,8.6,33,202
FORD,MUSTANG,SUBCOMPACT,5,8,AS6,X,14.9,9.5,12.4,23,285
MERCEDES-BENZ,'GLA 250 4MATIC','SUV - SMALL',2,4,AS7,Z,9.8,7.4,8.7,32,200
MAZDA,'CX-5 (Cylinder Deactivation)','SUV - SMALL',2.5,4,AS6,X,9.3,7.6,8.5,33,201
TOYOTA,'Highlander AWD LE','SUV - STANDARD',3.5,6,AS8,X,11.7,8.8,10.4,27,242
CHRYSLER,'300 AWD',FULL-SIZE,3.6,6,A8,X,12.8,8.6,10.9,26,251
BMW,'230i COUPE',SUBCOMPACT,2,4,M6,Z,11.1,7.3,9.4,30,219
LEXUS,'GX 460','SUV - STANDARD',4.6,8,AS6,Z,16,12.9,14.6,19,341
MINI,'John Cooper Works Clubman ALL4',MID-SIZE,2,4,AS8,Z,10.1,7.6,9,31,210
DODGE,'CHALLENGER SRT',MID-SIZE,6.4,8,M6,Z,16.8,10.4,13.9,20,320
GMC,'Sierra WT 4WD','PICKUP TRUCK - STANDARD',2.7,4,A8,X,12.7,11,12,24,280
BMW,M235i,SUBCOMPACT,3,6,AS8,Z,11.6,7.7,9.9,29,232
VOLVO,'S60 T5 AWD',COMPACT,2.5,5,AS6,X,11.6,8.2,10.1,28,232
INFINITI,Q70,MID-SIZE,3.7,6,AS7,Z,12.8,8.9,11,26,253
CHEVROLET,'EXPRESS 1500 CARGO CONV AWD','VAN - CARGO',5.3,8,A4,X,18.3,14.2,16.5,17,380
MASERATI,'QUATTROPORTE GTS',FULL-SIZE,3.8,8,AS8,Z,17.6,10.7,14.5,19,334
TOYOTA,'TUNDRA 4WD','PICKUP TRUCK - STANDARD',4.6,8,AS6,X,16.8,12.6,14.9,19,349
BENTLEY,'CONTINENTAL GT CONVERTIBLE',SUBCOMPACT,6,12,AS8,Z,19.6,11.7,16,18,375
PORSCHE,'911 CARRERA S',MINICOMPACT,3.8,6,AM7,Z,11.9,8.7,10.5,27,245
JEEP,CHEROKEE,'SUV - SMALL',2.4,4,A9,X,10.9,7.7,9.5,30,218
FORD,ECOSPORT,'SUV - SMALL',1,3,AS6,X,8.6,8.1,8.4,34,195
MERCEDES-BENZ,'S 560 4MATIC',FULL-SIZE,4,8,A9,Z,13.5,8.6,11.3,25,265
JEEP,'NEW WRANGLER UNLIMITED 4X4','SUV - SMALL',3.6,6,A8,X,12.9,10.2,11.7,24,275
MERCEDES-BENZ,'AMG GLE 43 4MATIC','SUV - STANDARD',3,6,A9,Z,14,10.6,12.4,23,292
PORSCHE,'911 CARRERA 4',MINICOMPACT,3.4,6,M7,Z,12.3,8.7,10.7,26,251
JEEP,'Grand Cherokee 4X4','SUV - STANDARD',5.7,8,A8,X,16.7,10.9,14.1,20,331
HYUNDAI,'ELANTRA GT',FULL-SIZE,2,4,M6,X,9.8,7.3,8.7,32,205
MAZDA,'MAZDA6 (SIL)',MID-SIZE,2.5,4,M6,X,9.4,6.4,8.1,35,188
DODGE,'JOURNEY FFV','SUV - SMALL',3.6,6,A6,X,14.2,9.5,12.1,23,284
CHEVROLET,'IMPALA DUAL FUEL',MID-SIZE,3.6,6,AS6,N,15.2,9.5,12.7,22,213
FORD,'F-150 FFV 4X4','PICKUP TRUCK - STANDARD',5,8,AS10,E,20.3,14.7,17.8,16,296
JAGUAR,'F-TYPE Coupe',TWO-SEATER,3,6,M6,Z,14.9,9.8,12.6,22,296
CADILLAC,CTS-V,MID-SIZE,6.2,8,AS8,Z,16.6,11.1,14.1,20,332
GMC,'CANYON 4WD','PICKUP TRUCK - SMALL',2.8,4,A6,D,12.1,8.3,10.4,27,279
CHEVROLET,'SONIC RS',COMPACT,1.4,4,M6,X,8.9,7,8,35,189
LEXUS,'GS 350 F SPORT',MID-SIZE,3.5,6,AS8,Z,12.5,8.6,10.7,26,251
SUBARU,'IMPREZA WAGON AWD','STATION WAGON - SMALL',2,4,M5,X,9.6,7.1,8.5,33,196
BMW,'X2 xDRIVE28i','SUV - SMALL',2,4,AS8,Z,11,7.7,9.5,30,222
NISSAN,Micra,COMPACT,1.6,4,A4,X,9,6.8,8,35,188
HONDA,'Civic Sedan',MID-SIZE,2,4,AV,X,7.9,6.1,7.1,40,167
CHEVROLET,'Cruze Diesel',COMPACT,1.6,4,A9,D,7.6,4.9,6.4,44,172
CHEVROLET,SONIC,COMPACT,1.4,4,M6,X,8.5,6.2,7.5,38,173
FORD,'EDGE AWD','SUV - SMALL',2,4,AS6,X,11.8,8.4,10.3,27,240
LAMBORGHINI,'AVENTADOR COUPE LP 740',TWO-SEATER,6.5,12,AM7,Z,23.9,14.5,19.7,14,461
PORSCHE,'CAYENNE S','SUV - STANDARD',4.8,8,A8,Z,15.5,10.7,13.2,21,310
MAZDA,'MAZDA3 4-DOOR (i-ELOOP)',COMPACT,2.5,4,AS6,X,8.5,6.4,7.6,37,176
VOLVO,'S60 AWD',COMPACT,3,6,AS6,X,13.2,9.5,11.5,25,264
DODGE,'CHALLENGER SRT (MDS)',MID-SIZE,6.4,8,A8,Z,15.7,9.5,12.9,22,302
'LAND ROVER','Range Rover Sport TD6 Diesel','SUV - STANDARD',3,6,AS8,D,10.7,8.3,9.6,29,256
HONDA,CIVIC,COMPACT,1.8,4,AV7,X,8.1,6.2,7.2,39,166
MITSUBISHI,RVR,'SUV - SMALL',2,4,M5,X,10.3,8,9.3,30,214
BMW,'Alpina B7 xDrive',FULL-SIZE,4.4,8,AS8,Z,14.5,9.9,12.4,23,290
BENTLEY,'CONTINENTAL GT CONVERTIBLE',SUBCOMPACT,4,8,AS8,Z,17.7,10.3,14.4,20,337
GMC,'YUKON XL','SUV - STANDARD',5.3,8,A6,X,15.1,10.4,13,22,305
PORSCHE,CAYMAN,TWO-SEATER,2.7,6,M6,Z,11.5,7.9,9.9,29,232
KIA,RIO,COMPACT,1.6,4,M6,X,8.7,6.4,7.7,37,177
MERCEDES-BENZ,'AMG GT ROADSTER',TWO-SEATER,4,8,AM7,Z,14.7,11,13,22,304
NISSAN,'370Z ROADSTER',TWO-SEATER,3.7,6,M6,Z,13.6,9.7,11.8,24,278
INFINITI,'Q50 HYBRID AWD',COMPACT,3.5,6,AS7,Z,9.1,7.7,8.5,33,200
PORSCHE,BOXSTER,TWO-SEATER,2,4,AM7,Z,10.5,8,9.4,30,219
CHEVROLET,'SONIC 5','STATION WAGON - SMALL',1.8,4,AS6,X,9.6,6.7,8.3,34,195
LEXUS,'RC 350 AWD',SUBCOMPACT,3.5,6,AS6,Z,13.1,9.8,11.2,25,262
FIAT,'500 HATCHBACK',MINICOMPACT,1.4,4,M5,X,7.6,5.9,6.8,42,156
LEXUS,'GS 350 AWD',MID-SIZE,3.5,6,AS6,Z,12.3,9.1,10.9,26,254
VOLVO,S60,COMPACT,2.5,5,AS6,X,11.3,7.8,9.7,29,223
MERCEDES-BENZ,'AMG SLC 43',TWO-SEATER,3,6,A9,Z,11.6,8.2,10.1,28,236
FORD,MUSTANG,SUBCOMPACT,3.7,6,M6,X,13.6,8.4,11.2,25,264
'ALFA ROMEO',4C,TWO-SEATER,1.8,4,AM6,Z,9.7,6.9,8.4,34,193
PORSCHE,'911 CARRERA S',MINICOMPACT,3.8,6,AM7,Z,11.9,8.7,10.5,27,245
MAZDA,'CX-5 (Cylinder Deactivation)','SUV - SMALL',2.5,4,AS6,X,9.3,7.6,8.5,33,201
FORD,'Mustang Convertible',SUBCOMPACT,5,8,AS10,X,15.4,9.7,12.9,22,302
SUBARU,'FORESTER AWD','SUV - SMALL',2.5,4,M6,X,10.9,8.3,9.7,29,228
DODGE,'JOURNEY FFV','SUV - SMALL',3.6,6,A6,X,14.2,9.5,12.1,23,284
CHEVROLET,'Suburban FFV','SUV - STANDARD',5.3,8,A6,E,21.2,13.9,17.9,16,298
SUBARU,'FORESTER AWD','SUV - SMALL',2.5,4,M6,X,10.9,8.3,9.7,29,228
JEEP,'Wrangler JL Unlimited 4X4','SUV - SMALL',3.6,6,A8,X,12.9,10.2,11.7,24,275
VOLKSWAGEN,JETTA,COMPACT,1.4,4,AS6,X,8.5,6,7.3,39,173
LINCOLN,'MKS AWD',FULL-SIZE,3.7,6,AS6,X,14.2,9.8,12.2,23,287
MERCEDES-BENZ,'AMG C 63 CABRIOLET',SUBCOMPACT,4,8,A7,Z,14,10.4,12.4,23,291
HONDA,CIVIC,COMPACT,1.8,4,AV7,X,8.1,6.2,7.2,39,166
CHEVROLET,TAHOE,'SUV - STANDARD',5.3,8,A6,X,15.1,10.4,13,22,305
BMW,'440i COUPE',COMPACT,3,6,M6,Z,12.2,8.2,10.4,27,242
CHEVROLET,'EQUINOX AWD','SUV - SMALL',3.6,6,A6,X,14.8,9.9,12.6,22,290
GMC,'YUKON DENALI 4WD','SUV - STANDARD',6.2,8,A6,Z,16.2,11.4,14,20,322
DODGE,Challenger,MID-SIZE,3.6,6,A8,X,12.4,7.8,10.3,27,242
NISSAN,'NV200 CARGO VAN','SPECIAL PURPOSE VEHICLE',2,4,AV,X,9.8,8.8,9.3,30,218
CHEVROLET,'EXPRESS 1500 PASSENGER AWD','VAN - PASSENGER',5.3,8,A4,X,18.3,14.2,16.5,17,380
HONDA,HR-V,'SUV - SMALL',1.8,4,AV,X,8.3,6.7,7.6,37,177
VOLVO,'V60 CC T5 AWD','STATION WAGON - SMALL',2,4,AS8,X,10.8,7.8,9.4,30,220
CHEVROLET,'Malibu Hybrid',MID-SIZE,1.8,4,AV,X,4.8,5.5,5.1,55,121
VOLVO,'V60 CC T5 AWD','STATION WAGON - SMALL',2,4,AS8,X,10.8,7.8,9.4,30,220
BMW,M2,SUBCOMPACT,3,6,M6,Z,13.1,9.2,11.4,25,267
CADILLAC,'XT5 AWD','SUV - SMALL',3.6,6,AS8,X,12.8,9.3,11.2,25,263
MITSUBISHI,'LANCER SPORTBACK','STATION WAGON - SMALL',2,4,AV6,X,9.6,7.3,8.6,33,198
CHEVROLET,'CAMARO SS',COMPACT,6.2,8,M6,Z,15,9.9,12.7,22,292
TOYOTA,86,MINICOMPACT,2,4,AS6,Z,9.9,7.3,8.7,32,204
MAZDA,'CX-5 4WD','SUV - SMALL',2,4,AS6,X,9.3,7.6,8.5,33,196
LINCOLN,'MKZ HYBRID',MID-SIZE,2,4,AV,X,5.7,6.2,5.9,48,139
AUDI,'A3 CABRIOLET QUATTRO',SUBCOMPACT,2,4,AM6,Z,10.1,7.5,8.9,32,205
SUBARU,WRX,COMPACT,2.5,4,M6,Z,13.8,10.2,12.2,23,281
HYUNDAI,'TUCSON AWD','SUV - SMALL',2,4,AS6,X,11,9,10.1,28,240
VOLKSWAGEN,CC,COMPACT,2,4,M6,Z,11.6,7.7,9.8,29,225
AUDI,A4,COMPACT,2,4,AM7,Z,8.6,6.4,7.6,37,177
BMW,'X1 xDRIVE28i','SUV - SMALL',2,4,AS8,Z,10.7,7.5,9.3,30,217
PORSCHE,'911 CARRERA CABRIOLET',MINICOMPACT,3,6,AM7,Z,10.8,8.3,9.7,29,227
CHEVROLET,'TAHOE 4WD','SUV - STANDARD',5.3,8,A6,E,21.5,14.6,18.4,15,294
BMW,'M4 COUPE',COMPACT,3,6,M6,Z,13.7,9.1,11.7,24,273
AUDI,'A5 QUATTRO',SUBCOMPACT,2,4,M6,Z,10.6,7.3,9.1,31,209
CHEVROLET,'EQUINOX FFV','SUV - SMALL',2.4,4,A6,X,10.5,7.3,9.1,31,209
FORD,ESCAPE,'SUV - SMALL',2,4,AS6,X,10.9,8,9.6,29,221
HONDA,'Accord Sport/Touring',MID-SIZE,2,4,AS10,X,10.4,7.4,9.1,31,211
MERCEDES-BENZ,'B 250','STATION WAGON - SMALL',2,4,AS7,Z,9.2,6.6,8,35,184
PORSCHE,'911 CARRERA 4S CABRIOLET',MINICOMPACT,3.8,6,M7,Z,12.9,9.2,11.2,25,258
JAGUAR,'XJR LWB',FULL-SIZE,5,8,AS8,Z,15.8,10.3,13.3,21,313
HONDA,Accord,FULL-SIZE,1.5,4,M6,X,8.9,6.7,7.9,36,185
MERCEDES-BENZ,'AMG SL 65',TWO-SEATER,6,12,A7,Z,17.6,10.8,14.5,19,339
MERCEDES-BENZ,'AMG SLC 43',TWO-SEATER,3,6,A9,Z,11.6,8.2,10.1,28,236
PORSCHE,'911 CARRERA 4 CABRIOLET',MINICOMPACT,3,6,AM7,Z,11,8.4,9.8,29,230
MINI,'John Cooper Works Convertible',MINICOMPACT,2,4,AS6,Z,9.4,7.2,8.4,34,197
VOLVO,'S60 T5 AWD',COMPACT,2.5,5,AS6,X,11.6,8.2,10.1,28,232
KIA,'FORTE KOUP',COMPACT,2,4,M6,X,10,7.4,8.8,32,206
CHEVROLET,MALIBU,MID-SIZE,1.5,4,A6,X,8.8,6.5,7.8,36,182
HYUNDAI,'TUCSON AWD','SUV - SMALL',2,4,AS6,X,11,9,10.1,28,240
CHEVROLET,'Camaro SS',SUBCOMPACT,6.2,8,M6,Z,14.9,9.9,12.6,22,296
INFINITI,'QX50 AWD','SUV - SMALL',2,4,AV8,Z,10.8,8.3,9.7,29,228
MERCEDES-BENZ,'AMG G 63','SUV - STANDARD',5.5,8,A7,Z,19.9,15.5,17.9,16,419
RAM,'1500 4X4 (MDS)','PICKUP TRUCK - STANDARD',5.7,8,A6,X,17.7,12.7,15.4,18,362
INFINITI,'QX80 4WD','SUV - STANDARD',5.6,8,AS7,Z,16.9,11.9,14.7,19,338
TOYOTA,COROLLA,MID-SIZE,1.8,4,M6,X,8.3,6.3,7.4,38,170
MAZDA,'MAZDA6 (SIL)',MID-SIZE,2.5,4,M6,X,9.8,6.9,8.4,34,196
FORD,'ESCAPE AWD','SUV - SMALL',1.5,4,AS6,X,10.7,8.3,9.6,29,226
FORD,'ESCAPE AWD','SUV - SMALL',2,4,AS6,X,11.4,8.4,10.1,28,232
DODGE,'CHARGER AWD',FULL-SIZE,5.7,8,A5,X,16,10.1,13.3,21,312
JEEP,COMPASS,'SUV - SMALL',2.4,4,A6,X,11.1,8.3,9.8,29,225
FORD,'F-150 FFV 4X4','PICKUP TRUCK - STANDARD',5,8,AS10,X,15.1,11.6,13.5,21,317
CHEVROLET,'Cruze Diesel',COMPACT,1.6,4,A9,D,7.6,4.9,6.4,44,172
JAGUAR,'F-TYPE S COUPE',TWO-SEATER,3,6,AS8,Z,12.4,8.8,10.8,26,253
KIA,'FORTE KOUP',COMPACT,1.6,4,AS6,X,10.6,7.8,9.4,30,216
TOYOTA,PRIUS,MID-SIZE,1.8,4,AV,X,4.3,4.6,4.5,63,105
GMC,ACADIA,'SUV - STANDARD',3.6,6,A6,X,14.3,9.9,12.3,23,283
BMW,'M240i COUPE',SUBCOMPACT,3,6,AS8,Z,11.1,7.8,9.6,29,224
PORSCHE,'911 CARRERA 4',MINICOMPACT,3.4,6,M7,Z,12.3,8.7,10.7,26,251
PORSCHE,'911 CARRERA S CABRIOLET',MINICOMPACT,3.8,6,M7,Z,12.5,8.9,10.9,26,255
'ALFA ROMEO','Stelvio AWD','SUV - SMALL',2,4,A8,Z,10.8,8.3,9.6,29,226
GMC,YUKON,'SUV - STANDARD',5.3,8,A6,X,15.1,10.4,13,22,305
BMW,'328d xDRIVE',COMPACT,2,4,A8,D,7.6,5.5,6.7,42,181
FIAT,500L,'STATION WAGON - SMALL',1.4,4,M6,X,9.3,7.1,8.3,34,191
AUDI,'S5 CABRIOLET QUATTRO',SUBCOMPACT,3,6,AM7,Z,13.3,9.1,11.4,25,266
FORD,'F-150 FFV 4X4 (Payload Pkg)','PICKUP TRUCK - STANDARD',5,8,AS10,E,21.4,17.2,19.5,14,325
HONDA,HR-V,'SUV - SMALL',1.8,4,M6,X,9.3,7,8.3,34,193
BMW,'440i Coupe',COMPACT,3,6,AS8,Z,11.2,7.3,9.4,30,227
HONDA,CIVIC,COMPACT,1.8,4,AV,X,7.9,6.1,7.1,40,163
MERCEDES-BENZ,'CLS 400 4MATIC',COMPACT,3,6,AS7,Z,12.1,8.5,10.5,27,242
TOYOTA,COROLLA,MID-SIZE,1.8,4,M6,X,8.3,6.3,7.4,38,170
NISSAN,FRONTIER,'PICKUP TRUCK - SMALL',4,6,A5,X,14.8,10.6,12.9,22,304
RAM,'1500 (MDS)','PICKUP TRUCK - STANDARD',5.7,8,A8,X,15.7,10.9,13.6,21,313
VOLKSWAGEN,JETTA,COMPACT,2,4,AM6,X,9.8,7,8.6,33,201
LEXUS,'GS 350 AWD',MID-SIZE,3.5,6,AS6,Z,12.5,9.1,11,26,253
MASERATI,'Ghibli S',MID-SIZE,3,6,AS8,Z,14.7,9.9,12.6,22,295
BMW,'230i COUPE',SUBCOMPACT,2,4,M6,Z,11.1,7.3,9.4,30,219
FORD,ESCAPE,'SUV - SMALL',2.5,4,AS6,X,10.9,7.6,9.4,30,220
SUBARU,'TRIBECA AWD','SUV - SMALL',3.6,6,AS5,X,14.7,11.1,13.1,22,301
HYUNDAI,ACCENT,COMPACT,1.6,4,AS6,X,8.9,6.3,7.7,37,179
BMW,'328i xDRIVE TOURING','STATION WAGON - SMALL',2,4,AS8,Z,10.5,6.9,8.9,32,209
PORSCHE,'911 CARRERA 4',MINICOMPACT,3.4,6,M7,Z,12.3,8.7,10.7,26,251
RAM,'1500 ECODIESEL HFE','PICKUP TRUCK - STANDARD',3,6,A8,D,11.3,8,9.8,29,264
MITSUBISHI,RVR,'SUV - SMALL',2,4,M5,X,9.9,7.6,8.8,32,202
BMW,'430i xDRIVE CABRIOLET',SUBCOMPACT,2,4,AS8,Z,10.7,7.3,9.1,31,214
JEEP,'Grand Cherokee 4X4','SUV - STANDARD',5.7,8,A8,X,16.7,10.9,14.1,20,331
HYUNDAI,ACCENT,COMPACT,1.6,4,AS6,X,8.9,6.6,7.9,36,182
CHEVROLET,'Camaro SS',SUBCOMPACT,6.2,8,M6,Z,14.9,9.9,12.6,22,296
AUDI,'A3 CABRIOLET QUATTRO',SUBCOMPACT,2,4,AM6,X,10.8,8,9.5,30,223
'LAND ROVER','RANGE ROVER SPORT V6 3.0 SC FFV','SUV - STANDARD',3,6,AS8,Z,14.2,10.2,12.4,23,285
HONDA,Odyssey,MINIVAN,3.5,6,AS9,X,12.6,8.4,10.7,26,252
JAGUAR,'F-TYPE Coupe R-Dynamic',TWO-SEATER,3,6,AS8,Z,12.4,8.8,10.8,26,253
MINI,'COOPER ROADSTER',TWO-SEATER,1.6,4,AS6,Z,8.6,6.5,7.7,37,177
MAZDA,CX-30,'SUV - SMALL',2.5,4,AS6,X,9.3,7.1,8.3,34,194
LINCOLN,'MKT LIVERY','SPECIAL PURPOSE VEHICLE',2,4,AS6,X,11.5,8.4,10.1,28,232
LINCOLN,'Navigator 4X4','SUV - STANDARD',3.5,6,AS10,X,15,11.5,13.4,21,315
AUDI,'A5 QUATTRO',SUBCOMPACT,2,4,M6,Z,9.9,7.1,8.7,32,204
VOLKSWAGEN,'BEETLE CONVERTIBLE',SUBCOMPACT,1.8,4,AS6,X,9.8,7.3,8.7,32,200
BMW,'650i xDRIVE CABRIOLET',SUBCOMPACT,4.4,8,AS8,Z,14.3,9.3,12.1,23,283
CADILLAC,ATS-V,COMPACT,3.6,6,M6,Z,14.2,10.2,12.4,23,289
PORSCHE,'911 CARRERA GTS',MINICOMPACT,3.8,6,M7,Z,12.9,9,11.2,25,262
FORD,'E350 WAGON FFV','VAN - PASSENGER',5.4,8,A4,E,26.7,20.5,23.9,12,382
FORD,'EXPLORER FFV AWD','SUV - STANDARD',3.5,6,AS6,X,14.4,10.4,12.6,22,295
TOYOTA,'COROLLA LE ECO (2-mode)',MID-SIZE,1.8,4,AV,X,8,6.3,7.2,39,168
VOLKSWAGEN,'BEETLE CONVERTIBLE',SUBCOMPACT,1.8,4,AS6,X,9.8,7.3,8.7,32,200
NISSAN,'Armada 4WD','SUV - STANDARD',5.6,8,AS7,X,17.5,12.9,15.4,18,362
CHEVROLET,'Cruze Hatchback Premier',MID-SIZE,1.4,4,AS6,X,8.5,6.4,7.5,38,175
JAGUAR,'F-TYPE CONVERTIBLE',TWO-SEATER,3,6,M6,Z,14.9,9.8,12.6,22,296
MERCEDES-BENZ,'E 400 CABRIOLET',SUBCOMPACT,3,6,AS7,Z,11.5,8.1,10,28,233
TOYOTA,'Tacoma 4WD D-Cab Off-Road','PICKUP TRUCK - SMALL',3.5,6,M6,X,13.8,11.7,12.9,22,300
JAGUAR,'XJ AWD',FULL-SIZE,3,6,AS8,Z,14.6,9.6,12.4,23,285
JAGUAR,'E-PACE P250','SUV - SMALL',2,4,AS9,Z,11,8.4,9.8,29,231
AUDI,SQ5,'SUV - SMALL',3,6,AS8,Z,12.7,10,11.5,25,270
CHEVROLET,CORVETTE,TWO-SEATER,6.2,8,AS8,Z,15.5,9.2,12.7,22,297
INFINITI,'Q60 AWD',SUBCOMPACT,2,4,AS7,Z,11.2,8.5,10,28,233
HYUNDAI,Palisade,'SUV - STANDARD',3.8,6,AS8,X,11.9,8.8,10.5,27,250
LINCOLN,'NAVIGATOR 4X4','SUV - STANDARD',3.5,6,AS6,X,15.9,12,14.2,20,333
CHEVROLET,'EQUINOX AWD','SUV - SMALL',3.6,6,A6,E,19.8,13.6,17,17,272
MERCEDES-BENZ,'C 300 4MATIC',COMPACT,2,4,A9,Z,11,7.3,9.4,30,219
HYUNDAI,ELANTRA,MID-SIZE,2,4,AS6,X,8.3,6.4,7.4,38,174
MERCEDES-BENZ,'AMG SL 65',TWO-SEATER,6,12,A7,Z,17.6,10.8,14.5,19,339
LEXUS,'GS 450h',MID-SIZE,3.5,6,AV8,Z,8.1,6.9,7.6,37,177
CHEVROLET,'SONIC 5 RS',MID-SIZE,1.4,4,M6,X,8.9,6.9,8,35,184
JAGUAR,'XF 20d AWD',MID-SIZE,2,4,AS8,D,7.8,5.8,6.9,41,186
CADILLAC,'Escalade 4WD','SUV - STANDARD',6.2,8,A10,Z,16.6,10.9,14,20,328
BMW,'428i COUPE',COMPACT,2,4,M6,Z,10.7,7,9,31,211
SUBARU,'Ascent AWD','SUV - STANDARD',2.4,4,AV8,X,11.6,9,10.4,27,244
ACURA,'RDX AWD','SUV - SMALL',2,4,AS10,Z,11,8.6,9.9,29,232
TOYOTA,'HIGHLANDER HYBRID AWD LE','SUV - STANDARD',3.5,6,AV6,X,8.4,8.3,8.4,34,193
MERCEDES-BENZ,'AMG GLE 43 4MATIC','SUV - STANDARD',3,6,A9,Z,13.6,10.1,12,24,281
HYUNDAI,Elantra,MID-SIZE,1.6,4,AM7,X,8.9,7,8.1,35,192
PORSCHE,'Cayman GTS',TWO-SEATER,2.5,4,M6,Z,12.3,9.4,11,26,257
CHEVROLET,CORVETTE,TWO-SEATER,6.2,8,AS8,Z,15.5,9.2,12.7,22,297
MERCEDES-BENZ,'AMG GLE 63 S 4MATIC','SUV - STANDARD',5.5,8,AS7,Z,17.3,13.5,15.6,18,366
SUBARU,'Impreza 5-Door AWD','STATION WAGON - SMALL',2,4,AV7,X,8.4,6.6,7.6,37,177
BMW,'440i xDRIVE GRAN COUPE',COMPACT,3,6,AS8,Z,11.4,7.8,9.8,29,228
TOYOTA,'RAV4 AWD','SUV - SMALL',2.5,4,AS8,X,9.2,7.1,8.3,34,190
NISSAN,'ROGUE AWD','SUV - SMALL',2.5,4,AV,X,9.5,7.4,8.6,33,198
JEEP,'Cherokee 4X4 Active Drive II','SUV - SMALL',2,4,A9,X,11.5,8.6,10.2,28,240
FORD,'TAURUS AWD',FULL-SIZE,3.5,6,AS6,X,13.9,9.5,11.9,24,274
ACURA,'MDX SH-AWD ELITE','SUV - SMALL',3.5,6,AS9,Z,12.2,9,10.7,26,251
BMW,'M235i CABRIOLET',SUBCOMPACT,3,6,AS8,Z,11.6,7.7,9.9,29,232
BUICK,VERANO,COMPACT,2.4,4,AS6,X,11.3,7.4,9.6,29,224
MITSUBISHI,'OUTLANDER 4WD','SUV - SMALL',2.4,4,AV6,X,9.7,8.1,9,31,207
KIA,'SOUL TURBO','STATION WAGON - SMALL',1.6,4,AM7,X,9.1,7.7,8.5,33,199
AUDI,'ALLROAD QUATTRO','STATION WAGON - SMALL',2,4,AS8,Z,11.8,8.8,10.5,27,242
SUBARU,'Impreza 5-Door AWD','STATION WAGON - SMALL',2,4,M5,X,10.1,7.7,9,31,211
FORD,'F-150 FFV','PICKUP TRUCK - STANDARD',3.5,6,A6,X,13.2,9.7,11.6,24,272
GENESIS,'G80 AWD',FULL-SIZE,5,8,AS8,Z,15.6,10.4,13.2,21,312
PORSCHE,'BOXSTER GTS',TWO-SEATER,3.4,6,AM7,Z,10.9,7.7,9.5,30,222
LINCOLN,MKZ,MID-SIZE,2,4,AS6,X,10.5,7,8.9,32,210
BUICK,'LaCrosse AWD',MID-SIZE,3.6,6,AS9,X,11.7,8.2,10.1,28,238
ACURA,'TLX SH-AWD A-SPEC',COMPACT,3.5,6,AS9,Z,12,8.2,10.3,27,240
JAGUAR,'F-TYPE Coupe R-Dynamic',TWO-SEATER,3,6,AS8,Z,12.4,8.8,10.8,26,253
JAGUAR,'XE 25t AWD',COMPACT,2,4,AS8,Z,9.8,6.9,8.5,33,200
CADILLAC,ATS,COMPACT,2.5,4,AS8,X,10.6,7.3,9.1,31,214
MINI,'COOPER CONVERTIBLE',MINICOMPACT,1.5,3,M6,Z,8.4,6.3,7.4,38,174
AUDI,'A3 CABRIOLET QUATTRO',SUBCOMPACT,2,4,AM6,X,10.8,8,9.5,30,223
MERCEDES-BENZ,'S 560 CABRIOLET',SUBCOMPACT,4,8,A9,Z,13.9,9.2,11.8,24,276
MINI,'COOPER CLUBMAN ALL4',MID-SIZE,1.5,3,AS8,Z,10.2,7.8,9.1,31,213
FORD,'EXPLORER FFV AWD','SUV - STANDARD',3.5,6,AS6,X,14.4,10.4,12.6,22,295
VOLVO,S60,COMPACT,2.5,5,AS6,X,11.3,7.8,9.7,29,223
VOLKSWAGEN,EOS,SUBCOMPACT,2,4,A6,Z,10.9,8,9.6,29,221
GMC,'Sierra 4WD','PICKUP TRUCK - STANDARD',5.3,8,A8,X,15.3,11.2,13.5,21,316
PORSCHE,'911 CARRERA 4S CABRIOLET',MINICOMPACT,3,6,M7,Z,12.2,8.5,10.5,27,246
BUICK,LACROSSE,MID-SIZE,3.6,6,AS6,X,13.7,8.7,11.5,25,264
BMW,'330i xDRIVE GRAN TURISMO',FULL-SIZE,2,4,AS8,Z,10.5,7.4,9.1,31,213
CHEVROLET,SONIC,COMPACT,1.8,4,AS6,X,9.6,6.7,8.3,34,195
'LAND ROVER','RANGE ROVER V8 5.0 SC FFV','SUV - STANDARD',5,8,AS8,Z,17.2,12.5,15.1,19,347
FORD,'EXPLORER FFV AWD','SUV - STANDARD',3.5,6,AS6,E,18.9,13.9,16.7,17,267
KIA,NIRO,'STATION WAGON - SMALL',1.6,4,AM6,X,4.6,5.1,4.8,59,114
MERCEDES-BENZ,'C 300 4MATIC',COMPACT,2,4,AS7,Z,10.1,7.8,9,31,212
LEXUS,'IS 350 AWD',COMPACT,3.5,6,AS6,Z,12.6,9.1,11,26,253
MERCEDES-BENZ,'GLA 250 4MATIC','SUV - SMALL',2,4,AS7,Z,9.8,7.4,8.7,32,200
MERCEDES-BENZ,'C 300 4MATIC',COMPACT,2,4,AS7,Z,10.1,7.8,9,31,212
KIA,SOUL,'STATION WAGON - SMALL',1.6,4,AS6,X,9.4,7.8,8.7,32,205
CHEVROLET,EQUINOX,'SUV - SMALL',3.6,6,A6,E,18.8,13.1,16.2,17,259
JAGUAR,'XJL SUPERCHARGED',FULL-SIZE,5,8,AS8,E,20.6,13.6,17.5,16,280
ACURA,'RLX HYBRID',MID-SIZE,3.5,6,AM7,Z,8.4,8.2,8.4,34,196
DODGE,'CHALLENGER SRT HELLCAT',MID-SIZE,6.2,8,M6,Z,18.1,11.4,15.1,19,352
PORSCHE,'911 CARRERA CABRIOLET',MINICOMPACT,3,6,AM7,Z,10.8,8.3,9.7,29,227
PORSCHE,CAYENNE,'SUV - STANDARD',3.6,6,M6,Z,15.8,10.9,13.6,21,313
MERCEDES-BENZ,'B 250',MID-SIZE,2,4,AS7,Z,9.2,6.6,8,35,188
'ASTON MARTIN','VANTAGE GT',TWO-SEATER,4.7,8,AM7,Z,17.4,11.3,14.7,19,338
GMC,ACADIA,'SUV - STANDARD',2.5,4,A6,X,11,9.2,10.2,28,239
PORSCHE,Boxster,TWO-SEATER,2,4,AM7,Z,10.5,8,9.4,30,219
CHEVROLET,CORVETTE,TWO-SEATER,6.2,8,M7,Z,13.7,8.2,11.2,25,263
FORD,'F-150 FFV','PICKUP TRUCK - STANDARD',5,8,AS10,E,20,14.8,17.6,16,293
LEXUS,'GS 350 F SPORT',MID-SIZE,3.5,6,AS8,Z,12.5,8.6,10.7,26,251
PORSCHE,'CAYMAN S',TWO-SEATER,3.4,6,AM7,Z,11.3,7.9,9.8,29,230
DODGE,'Challenger (MDS)',MID-SIZE,5.7,8,A8,X,14.7,9.4,12.3,23,289
MERCEDES-BENZ,'S 63 AMG 4MATIC',FULL-SIZE,5.5,8,AS7,Z,15.6,10.3,13.2,21,304
CADILLAC,'ESCALADE 4WD','SUV - STANDARD',6.2,8,A6,Z,16.2,11.4,14,20,322
VOLVO,'S60 T5 AWD',COMPACT,2.5,5,AS6,X,11.6,8.2,10.1,28,232
MAZDA,'MX-5 (SIL)',TWO-SEATER,2,4,M6,Z,8.8,6.9,7.8,36,183
GMC,YUKON,'SUV - STANDARD',5.3,8,A6,E,21.5,14.6,18.4,15,294
VOLKSWAGEN,'GOLF TDI (modified)',COMPACT,2,4,AM6,D,7.6,5.5,6.5,43,177
ROLLS-ROYCE,'PHANTOM EWB',FULL-SIZE,6.7,12,AS8,Z,20.7,12.9,17.2,16,404
GMC,'Sierra WT 4WD','PICKUP TRUCK - STANDARD',2.7,4,A8,X,12.7,11,12,24,280
LAMBORGHINI,'Aventador Roadster',TWO-SEATER,6.5,12,AM7,Z,26.6,15.8,21.7,13,493
DODGE,'CHARGER AWD FFV',FULL-SIZE,3.6,6,A8,E,17.3,11.7,14.8,19,243
LEXUS,'GS 350 F SPORT',MID-SIZE,3.5,6,AS8,Z,12.5,8.6,10.7,26,251
GMC,'YUKON XL','SUV - STANDARD',5.3,8,A6,X,14.9,10.1,12.7,22,292
TOYOTA,TACOMA,'PICKUP TRUCK - SMALL',2.7,4,M5,X,11.3,8.9,10.2,28,235
HONDA,PILOT,'SUV - SMALL',3.5,6,A6,X,12.4,8.8,10.8,26,254
FORD,'EDGE AWD','SUV - SMALL',2,4,AS6,X,11.8,8.4,10.3,27,240
BMW,'M240i COUPE',SUBCOMPACT,3,6,AS8,Z,11.1,7.8,9.6,29,224
HONDA,'CR-V AWD','SUV - SMALL',1.5,4,AV,X,8.7,7.4,8.1,35,189
JEEP,'CHEROKEE 4X4 ACTIVE DRIVE I','SUV - SMALL',3.2,6,A9,X,11.6,8.6,10.3,27,241
PORSCHE,'CAYENNE PLATINUM','SUV - STANDARD',3.6,6,A8,Z,13.6,10.2,12.1,23,281
'ASTON MARTIN','Vantage V8',TWO-SEATER,4,8,M7,Z,16.7,11.2,14.2,20,333
VOLKSWAGEN,JETTA,COMPACT,1.4,4,AS6,X,8.5,6,7.3,39,173
SUBARU,'CROSSTREK AWD','SUV - SMALL',2,4,AV6,X,9.1,7.2,8.2,34,193
MERCEDES-BENZ,'E 400 CABRIOLET',SUBCOMPACT,3.5,6,AS7,Z,11.5,8.1,10,28,230
GMC,'YUKON FFV','SUV - STANDARD',5.3,8,A6,E,19.8,13.9,17.2,16,285
NISSAN,FRONTIER,'PICKUP TRUCK - SMALL',2.5,4,M5,X,12.2,10.4,11.4,25,268
JEEP,'RENEGADE FFV','SUV - SMALL',2.4,4,A9,X,10.8,7.8,9.5,30,222
DODGE,'JOURNEY FFV','SUV - SMALL',3.6,6,A6,E,18.9,12.9,16.2,17,259
HYUNDAI,'VELOSTER TURBO',COMPACT,1.6,4,M6,X,9.7,7.1,8.5,33,196
VOLKSWAGEN,JETTA,COMPACT,1.4,4,AS6,X,8.5,6,7.3,39,173
GMC,'SIERRA FFV','PICKUP TRUCK - STANDARD',4.3,6,A6,X,13.5,10,11.9,24,280
CHEVROLET,COLORADO,'PICKUP TRUCK - SMALL',2.5,4,A6,X,12,9.2,10.7,26,252
AUDI,'A3 QUATTRO',SUBCOMPACT,2,4,AM6,X,9.8,7.2,8.6,33,201
CHEVROLET,'EXPRESS 2500 PASSENGER','VAN - PASSENGER',6,8,A6,X,21.9,15,18.8,15,432
KIA,RIO,COMPACT,1.6,4,AS6,X,8.8,6.5,7.8,36,181
TOYOTA,'TUNDRA 4WD','PICKUP TRUCK - STANDARD',4.6,8,AS6,X,16.8,12.6,14.9,19,349
DODGE,'CHALLENGER SRT HELLCAT',MID-SIZE,6.2,8,M6,Z,18.1,11.4,15.1,19,352
ACURA,'MDX SH-AWD','SUV - SMALL',3.5,6,AS9,Z,12.3,9.2,10.9,26,254
CADILLAC,CTS,MID-SIZE,3.6,6,AS8,X,11.6,8,10,28,234
AUDI,'A6 QUATTRO',MID-SIZE,2,4,AS8,Z,10.8,7.3,9.2,31,211
PORSCHE,'911 Carrera S Cabriolet',MINICOMPACT,3,6,AM8,Z,12.7,10.2,11.6,24,272
KIA,'SORENTO 4WD','SUV - SMALL',3.3,6,A6,X,13.4,9.9,11.8,24,271
AUDI,'TTS Coupe',SUBCOMPACT,2,4,AM7,Z,10.4,8.2,9.4,30,220
KIA,RONDO,'STATION WAGON - MID-SIZE',2,4,M6,X,10.8,7.4,9.3,30,214
SUBARU,WRX,COMPACT,2,4,M6,Z,11.3,8.4,10,28,233
BUICK,VERANO,COMPACT,2,4,AS6,Z,11.4,7.9,9.8,29,231
GMC,'CANYON 4WD','PICKUP TRUCK - SMALL',3.6,6,A8,X,14,9.9,12.2,23,286
FORD,MUSTANG,SUBCOMPACT,5,8,AS6,X,14.9,9.5,12.4,23,285
DODGE,'CHARGER FFV',FULL-SIZE,3.6,6,A5,E,18.9,12.7,16.1,18,268
INFINITI,'QX70 AWD','SUV - SMALL',5,8,AS7,Z,16.6,11.9,14.5,19,334
KIA,'SORENTO AWD FE','SUV - SMALL',3.3,6,AS6,X,13.2,9.3,11.4,25,270
SUBARU,'Forester AWD','SUV - SMALL',2.5,4,AV7,X,9,7.2,8.2,34,192
MERCEDES-BENZ,'B 250','STATION WAGON - SMALL',2,4,AS7,Z,9.2,6.6,8,35,184
BMW,'530i xDrive',MID-SIZE,2,4,AS8,Z,10.2,7.2,8.8,32,207
FORD,'F-150 FFV 4X4','PICKUP TRUCK - STANDARD',3.3,6,AS6,E,17.6,13.7,15.8,18,263
JAGUAR,'F-PACE 25t','SUV - SMALL',2,4,AS8,Z,10.7,8.8,9.9,29,227
HYUNDAI,'Elantra GT',FULL-SIZE,2,4,AS6,X,9.4,7.1,8.4,34,200
BMW,'440i COUPE',COMPACT,3,6,M6,Z,12.2,8.2,10.4,27,242
TOYOTA,'TACOMA 4WD','PICKUP TRUCK - SMALL',4,6,A5,X,14.8,11.6,13.4,21,308
NISSAN,QASHQAI,'STATION WAGON - SMALL',2,4,M6,X,10,8.1,9.2,31,216
JEEP,'Wrangler JL Unlimited 4X4','SUV - SMALL',3.6,6,A8,X,12.9,10.2,11.7,24,275
CADILLAC,CTS-V,MID-SIZE,6.2,8,AS8,Z,16.5,11.1,14,20,329
AUDI,'A5 CABRIOLET QUATTRO',SUBCOMPACT,2,4,AS8,Z,11.3,8,9.8,29,230
HYUNDAI,ACCENT,COMPACT,1.6,4,AS6,X,8.9,6.3,7.7,37,179
PORSCHE,'911 Carrera S Cabriolet',MINICOMPACT,3,6,AM8,Z,12.7,10.2,11.6,24,272
LINCOLN,'MKT LIVERY','SPECIAL PURPOSE VEHICLE',2,4,AS6,X,11.5,8.5,10.2,28,235
GMC,Terrain,'SUV - SMALL',1.5,4,A9,X,9.2,7.8,8.6,33,202
GMC,'YUKON 4WD','SUV - STANDARD',5.3,8,A6,X,15.1,10.4,13,22,299
BUICK,'Regal AWD',MID-SIZE,3.6,6,AS9,X,12.4,8.7,10.7,26,251
RAM,'1500 FFV','PICKUP TRUCK - STANDARD',3.6,6,A8,E,19.7,13.8,17,17,283
TOYOTA,SIENNA,MINIVAN,3.5,6,AS6,X,13,9.5,11.4,25,267
FORD,'F-150 FFV 4X4 (Payload Pkg)','PICKUP TRUCK - STANDARD',5,8,AS6,X,16.8,12.4,14.8,19,347
BENTLEY,'FLYING SPUR',MID-SIZE,6,12,AS8,Z,20.4,12,16.6,17,389
SCION,xD,SUBCOMPACT,1.8,4,M5,X,8.6,7.1,7.9,36,182
BMW,'440i xDRIVE GRAN COUPE',COMPACT,3,6,AS8,Z,11.4,7.8,9.8,29,228
SUBARU,'Forester AWD','SUV - SMALL',2.5,4,AV7,X,9,7.2,8.2,34,192
BMW,M3,COMPACT,3,6,M6,Z,13.5,9.3,11.6,24,273
HYUNDAI,'SANTA FE SPORT AWD','SUV - SMALL',2,4,AS6,X,12.9,9.7,11.5,25,266
SUBARU,'XV CROSSTREK AWD','SUV - SMALL',2,4,AV6,X,9.1,7,8.1,35,191
GMC,'SIERRA 4WD','PICKUP TRUCK - STANDARD',4.3,6,A6,E,20,15.1,17.8,16,285
LEXUS,'RC F',SUBCOMPACT,5,8,AS8,Z,15.2,9.5,12.6,22,290
KIA,Soul,'STATION WAGON - SMALL',2,4,M6,X,9.6,7.6,8.7,32,206
KIA,'SPORTAGE AWD','SUV - SMALL',2.4,4,AS6,X,12,9.1,10.7,26,246
CHEVROLET,'IMPALA DUAL FUEL',MID-SIZE,3.6,6,AS6,N,15.2,9.5,12.7,22,213
GMC,'YUKON DENALI 4WD','SUV - STANDARD',6.2,8,A6,Z,16.2,11.4,14,20,322
CHEVROLET,Equinox,'SUV - SMALL',1.5,4,A6,X,9.2,7.3,8.3,34,196
JEEP,'CHEROKEE 4X4 ACTIVE DRIVE I','SUV - SMALL',2.4,4,A9,X,11.3,8.4,10,28,235
MASERATI,'QUATTROPORTE GTS',FULL-SIZE,3.8,8,AS8,Z,17.6,10.7,14.5,19,334
HYUNDAI,Elantra,MID-SIZE,1.6,4,M6,X,10.7,7.8,9.4,30,221
HYUNDAI,VELOSTER,COMPACT,1.6,4,M6,X,9.1,6.7,8,35,184
MERCEDES-BENZ,'CLS 400 4MATIC',COMPACT,3,6,AS7,Z,12.1,8.5,10.5,27,242
VOLKSWAGEN,'TIGUAN 4MOTION','SUV - SMALL',2,4,AS6,Z,12,10,11.1,25,263
MITSUBISHI,'Mirage G4',COMPACT,1.2,3,M5,X,7.2,5.9,6.6,43,153
HONDA,Accord,FULL-SIZE,1.5,4,AV,X,7.9,6.3,7.2,39,168
FORD,'F-150 4X4 (Payload Pkg)','PICKUP TRUCK - STANDARD',3.5,6,AS10,X,14.7,11.2,13.1,22,308
MERCEDES-BENZ,'AMG E 53 4MATIC+',MID-SIZE,3,6,A9,Z,11.2,8.3,9.9,29,232
FORD,'EXPLORER FFV AWD','SUV - STANDARD',3.5,6,AS6,X,14.4,10.4,12.6,22,295
CHRYSLER,'200 SEDAN FFV',MID-SIZE,3.6,6,A6,X,12.5,8.1,10.5,27,242
GMC,'YUKON DENALI XL AWD','SUV - STANDARD',6.2,8,A6,E,25.7,17.8,22.1,13,354
BMW,'Z4 sDrive30i',TWO-SEATER,2,4,AS8,Z,9.5,7.4,8.5,33,200
CHEVROLET,'TAHOE 4WD FFV','SUV - STANDARD',5.3,8,A6,E,20.8,14.5,18,16,299
MITSUBISHI,MIRAGE,COMPACT,1.2,3,AV,X,6.4,5.5,6,47,141
NISSAN,'NV200 CARGO VAN','SPECIAL PURPOSE VEHICLE',2,4,AV,X,9.7,9,9.4,30,216
MINI,'JOHN COOPER WORKS COUNTRYMAN ALL4',COMPACT,1.6,4,AS6,Z,10.1,7.8,9,31,207
MERCEDES-BENZ,'SL 550',TWO-SEATER,4.7,8,AS7,Z,13.4,9.6,11.7,24,269
TOYOTA,TACOMA,'PICKUP TRUCK - SMALL',2.7,4,A4,X,12.2,9.9,11.2,25,258
BMW,'530i xDRIVE',MID-SIZE,2,4,AS8,Z,10.5,7.4,9.1,31,213
CHRYSLER,'300 AWD',FULL-SIZE,3.6,6,A8,X,12.8,8.6,10.9,26,251
MASERATI,'QUATTROPORTE GTS',FULL-SIZE,3.8,8,AS8,Z,17.6,10.7,14.5,19,334
'ASTON MARTIN',VANQUISH,MINICOMPACT,6,12,A8,Z,17.6,11.4,14.8,19,340
MINI,'COOPER PACEMAN',COMPACT,1.6,4,A6,Z,9.4,7.9,8.7,32,200
GMC,Acadia,'SUV - STANDARD',2.5,4,A6,X,11.1,9.2,10.2,28,237
LEXUS,'ES 300h',MID-SIZE,2.5,4,AS6,X,5.5,5.2,5.3,53,124
GMC,'ACADIA AWD','SUV - STANDARD',3.6,6,A6,X,16.1,10.8,13.7,21,323
LEXUS,'ES 350',MID-SIZE,3.5,6,AS8,X,10.6,7.2,9.1,31,211
MERCEDES-BENZ,'AMG GT R Coupe',TWO-SEATER,4,8,AM7,Z,15.9,11.8,14,20,327
GMC,'Sierra 4WD','PICKUP TRUCK - STANDARD',2.7,4,A8,X,12.5,10.8,11.7,24,275
NISSAN,'Rogue AWD','SUV - SMALL',2.5,4,AV,X,9.6,7.5,8.7,32,204
GMC,Canyon,'PICKUP TRUCK - SMALL',2.8,4,A6,D,11.8,7.9,10.1,28,270
NISSAN,Sentra,MID-SIZE,1.8,4,AV,X,8.1,6.3,7.3,39,172
VOLVO,'S60 T5 ',COMPACT,2,4,AS8,X,9.8,6.6,8.4,34,193
'ALFA ROMEO','STELVIO AWD','SUV - SMALL',2,4,A8,Z,10.8,8.3,9.6,29,226
MAZDA,'MAZDA3 4-DOOR',COMPACT,2.5,4,AS6,X,8.4,6.1,7.4,38,173
MAZDA,'MAZDA3 4-DOOR',COMPACT,2,4,M6,X,8.5,6.2,7.5,38,175
PORSCHE,'911 Carrera 4 GTS',MINICOMPACT,3,6,M7,Z,12.8,8.9,11,26,257
KIA,Sorento,'SUV - SMALL',2.4,4,AS6,X,10.7,8.2,9.6,29,225
'ALFA ROMEO','Giulia Quadrifoglio',MID-SIZE,2.9,6,A8,Z,13.5,9.3,11.6,24,271
SUBARU,'BRZ tS',MINICOMPACT,2,4,M6,Z,11.6,8.6,10.2,28,239
MERCEDES-BENZ,'S 560 4MATIC',FULL-SIZE,4,8,A9,Z,13.5,8.6,11.3,25,265
DODGE,'CHARGER AWD',FULL-SIZE,3.6,6,A8,X,12.8,8.7,11,26,258
MITSUBISHI,RVR,'SUV - SMALL',2,4,AV6,X,9.7,7.8,8.8,32,204
PORSCHE,'911 CARRERA CABRIOLET',MINICOMPACT,3,6,M7,Z,12,8.2,10.3,27,241
TOYOTA,TUNDRA,'PICKUP TRUCK - STANDARD',5.7,8,AS6,X,17.2,12.8,15.2,19,350
KIA,'SEDONA SX',MINIVAN,3.3,6,AS6,X,12.9,9.5,11.4,25,269
PORSCHE,'PANAMERA 4S EXECUTIVE',FULL-SIZE,3,6,AM7,Z,13.7,8.9,11.5,25,264
CADILLAC,'CT6 AWD',FULL-SIZE,3.6,6,AS10,X,13,8.8,11.1,25,261
LEXUS,'GX 460','SUV - STANDARD',4.6,8,AS6,Z,15.7,11.8,13.9,20,320
FORD,'F-150 FFV (LT Tire Pkg)','PICKUP TRUCK - STANDARD',5,8,AS10,X,14.7,11.2,13.1,22,307
RAM,'1500 Classic','PICKUP TRUCK - STANDARD',5.7,8,A8,X,15.7,11,13.6,21,319
MERCEDES-BENZ,'AMG GT R Coupe',TWO-SEATER,4,8,AM7,Z,15.9,11.8,14,20,327
MITSUBISHI,OUTLANDER,'SUV - SMALL',2.4,4,AV6,X,9.2,7.5,8.4,34,193
BUICK,'LACROSSE eASSIST',MID-SIZE,2.4,4,AS6,X,9.6,6.5,8.2,34,189
MINI,'COOPER CLUBMAN',MID-SIZE,1.5,3,AS6,Z,9.5,7.2,8.4,34,197
'ASTON MARTIN','V8 VANTAGE',TWO-SEATER,4.7,8,M6,Z,18.1,12.3,15.5,18,356
CHEVROLET,'SILVERADO FFV','PICKUP TRUCK - STANDARD',5.3,8,A6,X,14.6,10.3,12.7,22,298
LEXUS,'GX 460','SUV - STANDARD',4.6,8,AS6,Z,16,12.9,14.6,19,341
BMW,340i,COMPACT,3,6,M6,Z,11.6,7.8,9.9,29,231
NISSAN,'MURANO AWD','STATION WAGON - MID-SIZE',3.5,6,AV7,X,11.2,8.4,9.9,29,232
DODGE,'DART FFV',MID-SIZE,2,4,A6,E,14.2,9.8,12.2,23,195
HONDA,'CIVIC HATCHBACK',FULL-SIZE,1.5,4,AV,X,7.7,6,6.9,41,162
CHEVROLET,'EQUINOX FFV','SUV - SMALL',2.4,4,A6,X,10.5,7.3,9.1,31,209
TOYOTA,'HIGHLANDER HYBRID AWD','SUV - STANDARD',3.5,6,AV6,X,8,8.6,8.3,34,191
AUDI,'TT ROADSTER QUATTRO',TWO-SEATER,2,4,AM6,Z,10.4,7.7,9.2,31,212
KIA,'SEDONA SX',MINIVAN,3.3,6,AS6,X,12.9,9.5,11.4,25,269
MINI,'JOHN COOPER WORKS COUPE',TWO-SEATER,1.6,4,AS6,Z,9.2,6.8,8.1,35,186
DODGE,'CHARGER FFV',FULL-SIZE,3.6,6,A5,E,18.7,12.4,15.9,18,264
'ALFA ROMEO',4C,TWO-SEATER,1.8,4,AM6,Z,9.7,6.9,8.4,34,197
PORSCHE,'MACAN TURBO','SUV - SMALL',3.6,6,A7,Z,14.2,10.1,12.3,23,287
HONDA,'Civic Hatchback Sport',FULL-SIZE,1.5,4,M6,Z,8,6.2,7.2,39,167
ACURA,'TLX SH-AWD',COMPACT,3.5,6,AS9,Z,11.4,7.7,9.8,29,228
LEXUS,'ES 350 F SPORT',MID-SIZE,3.5,6,AS8,X,10.9,7.5,9.4,30,219
CHEVROLET,'EQUINOX AWD','SUV - SMALL',1.6,4,A6,D,8.5,6.1,7.4,38,198
AUDI,'TT COUPE QUATTRO',SUBCOMPACT,2,4,AM6,X,10.1,7.8,9.1,31,209
CADILLAC,ATS,COMPACT,3.6,6,AS8,X,11.6,7.9,9.9,29,233
CADILLAC,ATS,COMPACT,2,4,AS8,Z,10.5,7.7,9.2,31,216
MAZDA,MAZDA6,MID-SIZE,2.5,4,AS6,X,9.1,6.7,8,35,187
MINI,'COOPER S PACEMAN ALL4',COMPACT,1.6,4,AS6,Z,10.1,7.8,9,31,207
BUICK,'Regal AWD',MID-SIZE,3.6,6,AS9,X,12.4,8.7,10.7,26,251
HYUNDAI,ACCENT,COMPACT,1.6,4,M6,X,8.7,6.4,7.7,37,177
FORD,'ESCAPE AWD','SUV - SMALL',2,4,AS6,X,11.4,8.4,10.1,28,232
MAZDA,'MAZDA3 4-DOOR (i-ELOOP)',COMPACT,2.5,4,AS6,X,8.5,6.4,7.6,37,176
GMC,'Sierra WT 4WD','PICKUP TRUCK - STANDARD',2.7,4,A8,X,12.7,11,12,24,280
MAZDA,'CX-5 4WD','SUV - SMALL',2,4,AS6,X,9.3,7.6,8.5,33,196
INFINITI,'QX60 HYBRID AWD','SUV - STANDARD',2.5,4,AV7,X,8.9,8.4,8.7,32,200
KIA,NIRO,'STATION WAGON - SMALL',1.6,4,AM6,X,4.6,5.1,4.8,59,114
GENESIS,'G90 AWD',FULL-SIZE,3.3,6,AS8,Z,13.6,9.5,11.8,24,280
CHEVROLET,'Colorado ZR2 4WD','PICKUP TRUCK - SMALL',2.8,4,A6,D,13.3,10.6,12.1,23,326
CHEVROLET,TRAVERSE,'SUV - STANDARD',2,4,A9,Z,11.7,9,10.5,27,246
GMC,SIERRA,'PICKUP TRUCK - STANDARD',5.3,8,A6,X,14.6,10.3,12.7,22,292
MASERATI,'Ghibli S',MID-SIZE,3,6,AS8,Z,14.1,9.8,12.2,23,286
CHEVROLET,'SONIC RS',COMPACT,1.4,4,M6,X,8.9,7,8,35,189
BMW,'440i COUPE',COMPACT,3,6,M6,Z,12.2,8.2,10.4,27,242
'LAND ROVER',LR4,'SUV - STANDARD',3,6,AS8,Z,16.2,12.1,14.3,20,336
TOYOTA,'RAV4 AWD','SUV - SMALL',2.5,4,AS6,X,10.5,8.2,9.5,30,220
PORSCHE,'BOXSTER S',TWO-SEATER,2.5,4,M6,Z,12.1,9,10.7,26,249
RAM,'1500 4X4 FFV','PICKUP TRUCK - STANDARD',3.6,6,A8,X,14.6,10.1,12.6,22,294
TOYOTA,'Tacoma 4WD','PICKUP TRUCK - SMALL',3.5,6,AS6,X,13,10.5,11.9,24,278
GMC,'Sierra 4WD','PICKUP TRUCK - STANDARD',4.3,6,A6,X,15.8,11.9,14,20,329
NISSAN,'JUKE NISMO RS AWD','STATION WAGON - SMALL',1.6,4,AV8,Z,9.4,8.1,8.8,32,202
MERCEDES-BENZ,'CLS 400 4MATIC',COMPACT,3,6,AS7,Z,12.2,8.8,10.7,26,252
PORSCHE,'911 TURBO S',MINICOMPACT,3.8,6,AM7,Z,12.6,9.9,11.4,25,266
DODGE,'GRAND CARAVAN FFV',MINIVAN,3.6,6,A6,E,19.2,13.1,16.5,17,264
PORSCHE,'Macan S','SUV - SMALL',3,6,AM7,Z,12.9,10.2,11.7,24,272
GMC,'Yukon XL 4WD','SUV - STANDARD',6.2,8,A10,Z,17.1,11.3,14.5,19,340
FIAT,'500 ABARTH HATCHBACK',MINICOMPACT,1.4,4,A6,X,9.7,7.4,8.7,32,202
BMW,'M4 CABRIOLET',SUBCOMPACT,3,6,M6,Z,13.7,9.1,11.7,24,273
TOYOTA,86,MINICOMPACT,2,4,AS6,Z,9.9,7.3,8.7,32,204
CHEVROLET,SONIC,COMPACT,1.4,4,M6,X,8.5,6.2,7.5,38,173
SCION,tC,COMPACT,2.5,4,M6,X,10.2,7.7,9,31,210
JEEP,'WRANGLER UNLIMITED 4X4','SUV - SMALL',3.6,6,A5,X,14.8,11.7,13.4,21,314
GMC,'YUKON DENALI XL AWD','SUV - STANDARD',6.2,8,A6,E,25.7,17.8,22.1,13,354
FORD,'F-150 FFV 4X4','PICKUP TRUCK - STANDARD',5,8,AS6,E,22.4,16.9,19.9,14,318
SUBARU,'IMPREZA AWD',COMPACT,2,4,AV6,X,8.5,6.4,7.6,37,177
JAGUAR,'E-PACE P250','SUV - SMALL',2,4,AS9,Z,11,8.4,9.8,29,231
GMC,YUKON,'SUV - STANDARD',5.3,8,A6,E,21.5,14.6,18.4,15,294
CHEVROLET,TAHOE,'SUV - STANDARD',5.3,8,A6,X,15.1,10.4,13,22,305
LEXUS,'GS 350 F SPORT',MID-SIZE,3.5,6,AS8,Z,12.5,8.6,10.7,26,251
CHEVROLET,'TAHOE FFV','SUV - STANDARD',5.3,8,A6,X,15.1,10.4,13,22,304
TOYOTA,'SEQUOIA 4WD','SUV - STANDARD',5.7,8,AS6,X,19,13.9,16.7,17,384
BUICK,ENCLAVE,'SUV - STANDARD',3.6,6,A6,X,14.2,9.9,12.3,23,283
NISSAN,'NV200 CARGO VAN','SPECIAL PURPOSE VEHICLE',2,4,AV,X,10,8.5,9.3,30,214
PORSCHE,'CAYENNE TURBO','SUV - STANDARD',4.8,8,A8,Z,16.7,11.2,14.2,20,334
KIA,'SEDONA SX',MINIVAN,3.3,6,AS6,X,12.9,9.5,11.4,25,269
BMW,'328d xDRIVE',COMPACT,2,4,AS8,D,7.8,5.9,7,40,184
VOLKSWAGEN,'JETTA HYBRID',COMPACT,1.4,4,AM7,Z,5.6,4.9,5.3,53,122
GMC,'YUKON DENALI XL AWD','SUV - STANDARD',6.2,8,A6,E,25.7,17.8,22.1,13,354
SCION,FR-S,MINICOMPACT,2,4,M6,Z,10.9,7.9,9.6,29,224
JEEP,CHEROKEE,'SUV - SMALL',2.4,4,A9,X,10.9,7.7,9.5,30,223
MERCEDES-BENZ,'CLA 250 4MATIC',SUBCOMPACT,2,4,AS7,Z,9.9,7.4,8.8,32,202
AUDI,'A4 quattro',COMPACT,2,4,AM7,Z,10,7,8.7,32,204
AUDI,'RS 5',SUBCOMPACT,4.2,8,AM7,Z,14.9,10.1,12.8,22,294
LINCOLN,'MKZ HYBRID',MID-SIZE,2,4,AV,X,5.7,6.2,5.9,48,139
AUDI,SQ5,'SUV - SMALL',3,6,AS8,Z,14.9,10.1,12.7,22,292
TOYOTA,'SEQUOIA 4WD','SUV - STANDARD',5.7,8,AS6,X,19,13.9,16.7,17,384
FORD,'E350 WAGON FFV','VAN - PASSENGER',5.4,8,A4,E,26.7,20.5,23.9,12,382
PORSCHE,Boxster,TWO-SEATER,2,4,AM7,Z,10.5,8,9.4,30,219
HONDA,'CIVIC HATCHBACK',FULL-SIZE,1.5,4,M6,X,8,6.2,7.2,39,167
LEXUS,'RX 450h AWD','SUV - STANDARD',3.5,6,AV6,Z,7.5,8.4,7.9,36,185
LAMBORGHINI,'AVENTADOR COUPE LP 740',TWO-SEATER,6.5,12,AM7,Z,23.9,14.5,19.7,14,461
'ALFA ROMEO',4C,TWO-SEATER,1.8,4,AM6,Z,9.7,6.9,8.4,34,197
TOYOTA,'SEQUOIA 4WD','SUV - STANDARD',5.7,8,AS6,X,19,13.9,16.7,17,384
JEEP,'COMPASS 4X4 TRAIL RATED','SUV - SMALL',2.4,4,AV,X,11.7,10.3,11.1,25,259
BMW,'328i xDRIVE TOURING','STATION WAGON - SMALL',2,4,AS8,Z,10.5,6.9,8.9,32,209
GMC,'SIERRA FFV','PICKUP TRUCK - STANDARD',4.3,6,A6,X,13.5,10,11.9,24,280
VOLKSWAGEN,'GOLF R',COMPACT,2,4,M6,Z,11.1,8.1,9.8,29,227
TOYOTA,'Highlander AWD LE','SUV - STANDARD',3.5,6,AS8,X,11.7,8.8,10.4,27,242
KIA,'FORTE 5',FULL-SIZE,2,4,M6,X,9.7,6.9,8.4,34,197
MERCEDES-BENZ,'GLC 300 4MATIC','SUV - SMALL',2,4,A9,Z,11,8.7,10,28,234
GMC,YUKON,'SUV - STANDARD',5.3,8,A6,X,16,11.1,13.8,20,317
LEXUS,'GS 350 F SPORT',MID-SIZE,3.5,6,AS8,Z,12.5,8.6,10.7,26,251
LEXUS,'RX 450h AWD','SUV - SMALL',3.5,6,AV6,Z,8,8.5,8.2,34,189
NISSAN,ALTIMA,MID-SIZE,2.5,4,AV,X,8.7,6.3,7.6,37,179
MINI,'COOPER CLUBMAN ALL4',MID-SIZE,1.5,3,AS8,Z,10.2,7.8,9.1,31,213
KIA,'Sorento AWD','SUV - SMALL',3.3,6,AS8,X,12.3,9.5,11.1,25,261
AUDI,'Q3 QUATTRO',COMPACT,2,4,AS6,Z,11.9,8.4,10.3,27,237
PORSCHE,'911 CARRERA 4 GTS',MINICOMPACT,3,6,M7,Z,12.8,8.9,11,26,257
GMC,'Yukon XL','SUV - STANDARD',5.3,8,A6,X,15.7,10.5,13.4,21,314
NISSAN,'NV200 CARGO VAN','SPECIAL PURPOSE VEHICLE',2,4,AV,X,10,8.5,9.3,30,214
BMW,'X6 M','SUV - STANDARD',4.4,8,A6,Z,18.1,13.7,16.1,18,370
HONDA,'Pilot AWD','SUV - SMALL',3.5,6,AS9,X,12.4,9.3,11,26,257
HYUNDAI,ELANTRA,MID-SIZE,2,4,AS6,X,8.3,6.4,7.4,38,174
NISSAN,MURANO,'STATION WAGON - MID-SIZE',3.5,6,AV7,X,11,8.3,9.8,29,230
KIA,'SORENTO AWD','SUV - SMALL',2,4,AS6,X,12.3,9.4,11,26,259
HYUNDAI,'TUCSON AWD','SUV - SMALL',2,4,AS6,X,11,9,10.1,28,240
VOLVO,'S60 INSCRIPTION T5 AWD',COMPACT,2.5,5,AS6,X,11.6,8.2,10.1,28,233
GMC,'YUKON FFV','SUV - STANDARD',5.3,8,A6,E,19.8,13.9,17.2,16,285
DODGE,CHALLENGER,MID-SIZE,3.6,6,A5,X,13.2,8.7,11.2,25,258
VOLKSWAGEN,BEETLE,COMPACT,1.8,4,M5,X,9.9,7.2,8.7,32,200
AUDI,'A7 quattro',MID-SIZE,3,6,AM7,Z,10.9,8.2,9.7,29,226
LINCOLN,'MKZ AWD',MID-SIZE,3,6,AS6,X,14,9.2,11.8,24,278
LEXUS,'GS 350 AWD',MID-SIZE,3.5,6,AS6,Z,12.3,9.1,10.9,26,254
GMC,Canyon,'PICKUP TRUCK - SMALL',3.6,6,A8,X,13.4,9.6,11.7,24,273
FORD,'TRANSIT CONNECT TAXI','SPECIAL PURPOSE VEHICLE',1.6,4,AS6,X,11.5,8.3,10.1,28,232
CHEVROLET,'CRUZE PREMIER',COMPACT,1.4,4,AS6,X,8.1,6,7.2,39,169
MAZDA,'MAZDA3 4-DOOR',COMPACT,2.5,4,AS6,X,8.4,6.1,7.4,38,173
TOYOTA,VENZA,'SUV - SMALL',2.7,4,AS6,X,11.4,8.2,10,28,230
'LAND ROVER','Range Rover Sport TD6 Diesel','SUV - STANDARD',3,6,AS8,D,10.7,8.3,9.6,29,256
TOYOTA,86,MINICOMPACT,2,4,AS6,Z,9.9,7.3,8.7,32,204
CHEVROLET,MALIBU,MID-SIZE,1.5,4,A6,X,8.8,6.5,7.8,36,181
HYUNDAI,ACCENT,COMPACT,1.6,4,M6,X,8.7,6.4,7.7,37,177
VOLKSWAGEN,'GOLF SPORTWAGON TDI (modified)','STATION WAGON - SMALL',2,4,M6,D,7.6,5.5,6.7,42,179
BMW,'428i COUPE',COMPACT,2,4,M6,Z,10.7,7,9,31,211
TOYOTA,'CAMRY HYBRID XLE/SE',MID-SIZE,2.5,4,AV,X,5.7,6,5.9,48,137
TOYOTA,'HIGHLANDER HYBRID AWD','SUV - STANDARD',3.5,6,AV6,X,8,8.6,8.3,34,191
AUDI,'A5 QUATTRO',SUBCOMPACT,2,4,AS8,Z,11.5,8.1,10,28,230
HYUNDAI,ACCENT,COMPACT,1.6,4,M6,X,8.7,6.4,7.7,37,177
CHRYSLER,'200 SEDAN FFV',MID-SIZE,3.6,6,A6,X,12.5,8.1,10.5,27,242
AUDI,'S8 QUATTRO',MID-SIZE,4,8,AS8,Z,15.7,9.4,12.8,22,300
DODGE,Challenger,MID-SIZE,3.6,6,A8,X,12.4,7.8,10.3,27,242
GMC,'ACADIA AWD','SUV - STANDARD',3.6,6,A6,X,16.1,10.8,13.7,21,323
JEEP,'RENEGADE 4X4','SUV - SMALL',2.4,4,A9,X,11.2,8,9.8,29,225
MITSUBISHI,'Outlander 4WD','SUV - SMALL',2.4,4,AV6,X,9.9,8.1,9.1,31,212
GMC,'TERRAIN FFV','SUV - SMALL',2.4,4,A6,E,15.6,10.8,13.4,21,221
MINI,'Cooper Countryman ALL4',MID-SIZE,1.5,3,AS8,Z,9.8,7.1,8.6,33,200
MINI,'John Cooper Works Convertible',MINICOMPACT,2,4,AS6,Z,9.4,7.2,8.4,34,197
FIAT,500L,'STATION WAGON - SMALL',1.4,4,AM6,X,9.9,7.2,8.7,32,203
FORD,'F-150 FFV 4X4','PICKUP TRUCK - STANDARD',3.3,6,AS6,E,17.6,13.7,15.8,18,263
BMW,'M4 COUPE',COMPACT,3,6,AM7,Z,14,9.7,12.1,23,284
RAM,'1500 4X4 FFV','PICKUP TRUCK - STANDARD',3.6,6,A8,X,14.5,10.2,12.6,22,294
SCION,tC,COMPACT,2.5,4,M6,X,10.2,7.6,9,31,207
DODGE,'JOURNEY FFV','SUV - SMALL',3.6,6,A6,E,19.1,13.2,16.4,17,274
PORSCHE,'911 TURBO S',MINICOMPACT,3.8,6,AM7,Z,13.7,9.6,11.9,24,278
PORSCHE,'Panamera GTS ST',FULL-SIZE,4,8,AM8,Z,15.7,10.5,13.4,21,313
GENESIS,'G70 AWD',COMPACT,2,4,AS8,Z,11.4,8.6,10.2,28,238
DODGE,'Challenger SRT Hellcat',MID-SIZE,6.2,8,M6,Z,18.1,11.4,15.1,19,352
LEXUS,'GX 460','SUV - STANDARD',4.6,8,AS6,Z,15.7,11.8,13.9,20,320
CHEVROLET,'EXPRESS 1500 CARGO CONV AWD','VAN - CARGO',5.3,8,A4,X,18.3,14.2,16.5,17,380
MERCEDES-BENZ,'E 400 4MATIC WAGON','STATION WAGON - MID-SIZE',3,6,AS7,Z,12.4,8.9,10.8,26,253
CADILLAC,'CTS AWD',MID-SIZE,2,4,AS8,Z,11.2,8.1,9.8,29,229
AUDI,'A3 CABRIOLET QUATTRO',SUBCOMPACT,2,4,AM6,X,10.8,8,9.5,30,223
NISSAN,'Titan 4WD Pro-4X','PICKUP TRUCK - STANDARD',5.6,8,AS9,Z,15.1,11.2,13.3,21,313
KIA,'FORTE 5',FULL-SIZE,2,4,AS6,X,9.4,7,8.3,34,197
HYUNDAI,'Santa Fe XL Ultimate AWD','SUV - SMALL',3.3,6,AS6,X,14.1,10.8,12.6,22,297
AUDI,'TT ROADSTER QUATTRO',TWO-SEATER,2,4,AM6,Z,10.4,7.7,9.2,31,212
RAM,'1500 ECODIESEL HFE','PICKUP TRUCK - STANDARD',3,6,A8,D,11.3,8,9.8,29,264
HONDA,HR-V,'STATION WAGON - SMALL',1.8,4,M6,X,9.4,7.1,8.4,34,195
BMW,'M240i Cabriolet',SUBCOMPACT,3,6,AS8,Z,11.4,8.1,9.9,29,231
VOLKSWAGEN,GOLF,COMPACT,1.8,4,AS6,X,9.4,6.7,8.2,34,192
JEEP,PATRIOT,'SUV - SMALL',2.4,4,A6,X,11.2,8.6,10,28,230
CHEVROLET,'Camaro ZL1',SUBCOMPACT,6.2,8,M6,Z,17.2,12,14.9,19,349
LEXUS,'NX 300h AWD','SUV - SMALL',2.5,4,AV6,X,7.2,7.9,7.5,38,176
CHEVROLET,Camaro,SUBCOMPACT,3.6,6,AS10,X,12.5,8.1,10.5,27,247
PORSCHE,'911 CARRERA CABRIOLET',MINICOMPACT,3.4,6,M7,Z,12.3,8.7,10.7,26,246
MAZDA,'MAZDA6 (SIL)',MID-SIZE,2.5,4,M6,X,9.4,6.4,8.1,35,188
VOLKSWAGEN,JETTA,COMPACT,1.8,4,M5,X,9.4,6.7,8.2,34,189
SUBARU,'CROSSTREK AWD','SUV - SMALL',2,4,M6,X,10.5,8.1,9.4,30,220
PORSCHE,'911 CARRERA CABRIOLET',MINICOMPACT,3,6,AM7,Z,10.8,8.3,9.7,29,227
JEEP,'CHEROKEE FFV','SUV - SMALL',2.4,4,A9,X,10.9,7.7,9.5,30,223
MERCEDES-BENZ,'AMG SLC 43',TWO-SEATER,3,6,A9,Z,11.6,8.2,10.1,28,236
JAGUAR,'XE 35t AWD',COMPACT,3,6,AS8,Z,11.8,8.2,10.2,28,238
BMW,'750Li xDRIVE',FULL-SIZE,4.4,8,A8,Z,15,9.8,12.7,22,292
MASERATI,'QUATTROPORTE GTS',FULL-SIZE,3.8,8,AS8,Z,17.6,10.7,14.5,19,334
CHEVROLET,'SONIC RS',COMPACT,1.4,4,M6,X,8.9,7,8,35,189
MINI,'John Cooper Works Convertible',MINICOMPACT,2,4,M6,Z,10.8,7.7,9.4,30,220
CHEVROLET,'CAMARO SS',COMPACT,6.2,8,M6,Z,15,9.9,12.7,22,292
BMW,M2,SUBCOMPACT,3,6,M6,Z,13.1,9.2,11.4,25,267
SCION,FR-S,MINICOMPACT,2,4,M6,Z,10.9,7.9,9.6,29,221
GMC,'SAVANA 3500 PASSENGER','VAN - PASSENGER',6,8,A6,X,22.2,15.1,19,15,437
JAGUAR,'XJ SUPERCHARGED',FULL-SIZE,5,8,AS8,Z,15.8,10.2,13.3,21,306
HONDA,HR-V,'SUV - SMALL',1.8,4,AV7,X,8.3,6.7,7.6,37,177
JAGUAR,'F-TYPE CONVERTIBLE',TWO-SEATER,3,6,M6,Z,14.9,9.8,12.6,22,296
SUBARU,'OUTBACK AWD','SUV - SMALL',2.5,4,AV6,X,9.4,7.3,8.4,34,198
SUBARU,'FORESTER AWD','SUV - SMALL',2.5,4,M6,X,10.9,8.3,9.7,29,228
PORSCHE,'911 CARRERA 4',MINICOMPACT,3.4,6,M7,Z,12.3,8.7,10.7,26,251
AUDI,'S5 CABRIOLET QUATTRO',SUBCOMPACT,3,6,AM7,Z,13.3,9.1,11.4,25,266
MERCEDES-BENZ,'AMG SL 63',TWO-SEATER,5.5,8,AS7,Z,14.7,9.5,12.4,23,298
FORD,FUSION,MID-SIZE,1.5,4,AS6,X,10,7,8.7,32,204
LAMBORGHINI,'HURACAN SPYDER',TWO-SEATER,5.2,10,AM7,Z,16.9,11.8,14.6,19,340
KIA,RIO,COMPACT,1.6,4,M6,X,8.7,6.4,7.7,37,177
CADILLAC,'ATS AWD',COMPACT,2,4,AS8,Z,10.8,7.9,9.5,30,222
BMW,'440i xDRIVE GRAN COUPE',COMPACT,3,6,AS8,Z,11.4,7.8,9.8,29,228
LINCOLN,'CONTINENTAL AWD',FULL-SIZE,2.7,6,AS6,X,14,9.5,12,24,281
NISSAN,'Rogue AWD','SUV - SMALL',2.5,4,AV,X,9.6,7.5,8.7,32,204
CHEVROLET,'Camaro SS',SUBCOMPACT,6.2,8,M6,Z,14.9,9.9,12.6,22,297
CHRYSLER,'200 FFV',MID-SIZE,2.4,4,A9,E,13.6,8.5,11.3,25,181
FORD,'EXPEDITION EL 4X4','SUV - STANDARD',3.5,6,AS6,X,16.4,12.1,14.4,20,338
NISSAN,Qashqai,'STATION WAGON - SMALL',2,4,M6,X,10.1,8.1,9.2,31,217
ROLLS-ROYCE,WRAITH,MID-SIZE,6.6,12,A8,Z,18.7,11.8,15.6,18,359
SCION,tC,COMPACT,2.5,4,M6,X,10.2,7.7,9,31,207
PORSCHE,'CAYENNE TURBO S','SUV - STANDARD',4.8,8,A8,Z,18,11.9,15.2,19,358
BMW,'X3 M Competition','SUV - SMALL',3,6,AS8,Z,16.6,12.1,14.6,19,339
AUDI,Q5,'SUV - SMALL',2,4,AS7,Z,10.4,8.6,9.6,29,226
JEEP,'CHEROKEE TRAILHAWK 4X4','SUV - SMALL',2.4,4,A9,X,12.1,9.4,10.9,26,255
'ALFA ROMEO',4C,TWO-SEATER,1.8,4,AM6,Z,9.7,6.9,8.4,34,197
LINCOLN,Aviator,'SUV - STANDARD',3,6,AS10,X,13.7,9.7,11.9,24,280
LEXUS,'RC 350 AWD',SUBCOMPACT,3.5,6,AS6,Z,13.1,9.8,11.2,25,262
CHEVROLET,'Silverado 4WD LT Trail Boss','PICKUP TRUCK - STANDARD',5.3,8,A10,X,14.7,11.2,13.1,22,307
RAM,'1500 Classic','PICKUP TRUCK - STANDARD',5.7,8,A8,X,15.7,11,13.6,21,319
FORD,'EXPLORER FFV AWD','SUV - STANDARD',3.5,6,AS6,E,19.7,14.3,17.3,16,288
JEEP,'CHEROKEE FFV','SUV - SMALL',2.4,4,A9,X,10.9,7.7,9.5,30,223
TOYOTA,'RAV4 AWD','SUV - SMALL',2.5,4,AS8,X,9.2,7.1,8.3,34,190
TOYOTA,AVALON,MID-SIZE,3.5,6,AS6,X,11.4,7.7,9.7,29,226
NISSAN,'Armada 4WD','SUV - STANDARD',5.6,8,AS7,X,17.5,12.9,15.4,18,362
SUBARU,BRZ,MINICOMPACT,2,4,AS6,Z,9.6,7.1,8.5,33,196
TOYOTA,'Tacoma 4WD D-Cab Off-Road','PICKUP TRUCK - SMALL',3.5,6,M6,X,13.8,11.7,12.9,22,300
CADILLAC,ATS-V,COMPACT,3.6,6,M6,Z,14.2,10.2,12.4,23,289
CHEVROLET,'Suburban FFV','SUV - STANDARD',5.3,8,A6,E,21.2,13.9,17.9,16,298
LINCOLN,'MKZ HYBRID',MID-SIZE,2,4,AV,X,5.7,6.2,5.9,48,139
FORD,'EcoSport AWD','SUV - SMALL',2,4,AS6,X,10.2,8,9.3,30,218
MERCEDES-BENZ,'METRIS CARGO','SPECIAL PURPOSE VEHICLE',2,4,AS7,Z,11.1,9.1,10.2,28,240
SUBARU,'IMPREZA WAGON AWD','STATION WAGON - SMALL',2,4,AV6,X,8.5,6.4,7.6,37,175
BUICK,LACROSSE,MID-SIZE,3.6,6,AS9,X,11.3,7.9,9.7,29,228
TOYOTA,'TACOMA 4WD','PICKUP TRUCK - SMALL',4,6,A5,X,14.8,11.6,13.4,21,308
CHEVROLET,'EQUINOX AWD FFV','SUV - SMALL',2.4,4,A6,E,16.3,11.8,14.2,20,234
BMW,'X3 xDrive30i','SUV - SMALL',2,4,AS8,Z,10,8.2,9.2,31,215
JEEP,'NEW WRANGLER UNLIMITED 4X4','SUV - SMALL',3.6,6,A8,X,12.9,10.2,11.7,24,275
MAZDA,'MAZDA6 (i-ELOOP)',MID-SIZE,2.5,4,AS6,X,8.5,5.9,7.3,39,171
LEXUS,'ES 300h',MID-SIZE,2.5,4,AS6,X,5.5,5.2,5.3,53,124
MAZDA,CX-9,'SUV - SMALL',3.7,6,AS6,X,14.2,10,12.3,23,283
MAZDA,'CX-5 (Cylinder Deactivation)','SUV - SMALL',2.5,4,AS6,X,9.3,7.6,8.5,33,201
AUDI,'TT Roadster quattro',TWO-SEATER,2,4,AM7,X,10.3,7.7,9.2,31,213
FORD,'EXPEDITION EL 4X4','SUV - STANDARD',3.5,6,AS6,X,16.4,12.1,14.4,20,338
VOLVO,S60,COMPACT,2.5,5,AS6,X,11.3,7.8,9.7,29,223
CADILLAC,ATS,COMPACT,2.5,4,AS8,X,10.6,7.3,9.1,31,214
DODGE,'CHALLENGER SRT (MDS)',MID-SIZE,6.4,8,A8,Z,15.6,9.6,12.9,22,302
GMC,'Sierra 4WD','PICKUP TRUCK - STANDARD',4.3,6,A6,X,15.8,11.9,14,20,329
MINI,'JOHN COOPER WORKS COUPE',TWO-SEATER,1.6,4,M6,Z,9.1,6.7,8,35,184
FORD,'T-150 Wagon FFV 4WD','VAN - PASSENGER',3.5,6,AS10,X,16.7,12.8,15,19,352
BMW,'M760Li xDrive',FULL-SIZE,6.6,12,AS8,Z,17.7,11.9,15.1,19,355
ROLLS-ROYCE,DAWN,COMPACT,6.6,12,AS8,Z,20,12.6,16.7,17,390
BMW,'ACTIVEHYBRID 5',MID-SIZE,3,6,AS8,Z,10.6,7.9,9.4,30,216
LINCOLN,'Continental AWD',FULL-SIZE,3.7,6,AS6,X,14.3,9.7,12.2,23,287
MAZDA,'MX-5 (SIL)',TWO-SEATER,2,4,M6,Z,8.8,6.9,7.8,36,183
KIA,FORTE,MID-SIZE,2,4,M6,X,9.8,6.9,8.5,33,198
CHEVROLET,'SUBURBAN 4WD','SUV - STANDARD',5.3,8,A6,X,15.4,10.8,13.3,21,312
FORD,'Escape FFV','SUV - SMALL',2.5,4,AS6,E,15,10.8,13.1,22,218
BMW,'330i xDRIVE GRAN TURISMO',FULL-SIZE,2,4,AS8,Z,10.5,7.4,9.1,31,213
AUDI,'A6 quattro',MID-SIZE,3,6,AM7,Z,10.7,8.2,9.6,29,224
MASERATI,'GHIBLI S',MID-SIZE,3,6,AS8,Z,14.5,10,12.4,23,293
PORSCHE,BOXSTER,TWO-SEATER,2,4,AM7,Z,10.5,8,9.4,30,219
JEEP,'RENEGADE 4X4','SUV - SMALL',2.4,4,A9,X,11.2,8.2,9.8,29,230
MERCEDES-BENZ,'AMG GT S COUPE',TWO-SEATER,4,8,AM7,Z,14.5,10.8,12.8,22,302
GMC,CANYON,'PICKUP TRUCK - SMALL',2.8,4,A6,D,10.8,7.9,9.5,30,255
PORSCHE,'911 Carrera S Cabriolet',MINICOMPACT,3,6,AM8,Z,12.7,10.2,11.6,24,272
NISSAN,MAXIMA,MID-SIZE,3.5,6,AV7,Z,11.1,7.8,9.6,29,225
CHRYSLER,'300 AWD',FULL-SIZE,3.6,6,A8,X,12.8,8.6,10.9,26,251
MERCEDES-BENZ,'E 400 4MATIC',MID-SIZE,3,6,A9,Z,11.8,8.7,10.4,27,246
'ASTON MARTIN','Vantage V8',TWO-SEATER,4,8,M7,Z,16.7,11.2,14.2,20,333
MITSUBISHI,OUTLANDER,'SUV - SMALL',2.4,4,AV6,X,9.5,7.5,8.6,33,198
BMW,'M240i COUPE',SUBCOMPACT,3,6,AS8,Z,11.1,7.8,9.6,29,224
MERCEDES-BENZ,'S 63 AMG 4MATIC',FULL-SIZE,5.5,8,AS7,Z,15.6,10.3,13.2,21,304
PORSCHE,'CAYENNE TURBO','SUV - STANDARD',4.8,8,A8,Z,16.7,11.2,14.2,20,334
BMW,'Z4 sDRIVE35i',TWO-SEATER,3,6,AM7,Z,13.7,10.1,12.1,23,278
HYUNDAI,ACCENT,COMPACT,1.6,4,M6,X,8.7,6.3,7.6,37,176
MAZDA,'CX-5 4WD','SUV - SMALL',2.5,4,AS6,X,9.9,7.9,9,31,207
'ASTON MARTIN',VANQUISH,MINICOMPACT,6,12,A8,Z,17.5,11.4,14.7,19,345
AUDI,'A5 QUATTRO',SUBCOMPACT,2,4,AS8,Z,11.5,8.1,10,28,230
AUDI,'RS 5',SUBCOMPACT,4.2,8,AM7,Z,14.9,10.1,12.8,22,294
LEXUS,'NX 300h AWD','SUV - SMALL',2.5,4,AV6,X,7.2,7.9,7.5,38,176
ROLLS-ROYCE,'PHANTOM COUPE',COMPACT,6.7,12,AS8,Z,20.9,12.7,17.2,16,396
MERCEDES-BENZ,'GLC 300 4MATIC COUPE','SUV - SMALL',2,4,A9,Z,11,8.7,10,28,235
MERCEDES-BENZ,'S 560 4MATIC COUPE',COMPACT,4,8,A9,Z,13.6,8.8,11.4,25,269
BMW,340i,COMPACT,3,6,M6,Z,12.1,8.1,10.3,27,240
GMC,'Sierra 4WD','PICKUP TRUCK - STANDARD',5.3,8,A6,X,15.9,11.8,14.1,20,331
BUICK,'LACROSSE eASSIST',MID-SIZE,2.4,4,AS6,X,9.6,6.5,8.2,34,189
RAM,'1500 4X4 FFV','PICKUP TRUCK - STANDARD',3.6,6,A8,E,20.7,14.7,18,16,300
JEEP,'WRANGLER JK UNLIMITED 4X4','SUV - SMALL',3.6,6,M6,X,15,11.4,13.3,21,312
PORSCHE,CAYMAN,TWO-SEATER,2,4,AM7,Z,10.5,8,9.4,30,219
FORD,'F-150 Raptor 4X4','PICKUP TRUCK - STANDARD',3.5,6,AS10,X,15.3,13.1,14.3,20,336
TOYOTA,TUNDRA,'PICKUP TRUCK - STANDARD',4.6,8,AS6,X,15.8,12.3,14.2,20,334
CHRYSLER,'PACIFICA (Stop-Start)',MINIVAN,3.6,6,A9,X,12.4,8.4,10.6,27,249
DODGE,'Challenger SRT Hellcat',MID-SIZE,6.2,8,M6,Z,18.1,11.4,15.1,19,352
CADILLAC,'ATS AWD',COMPACT,3.6,6,AS8,X,12.2,8.5,10.5,27,247
TOYOTA,TACOMA,'PICKUP TRUCK - SMALL',2.7,4,A4,X,12.2,9.9,11.2,25,258
KIA,'SPORTAGE AWD','SUV - SMALL',2.4,4,AS6,X,11.3,9.5,10.5,27,247
AUDI,'A6 QUATTRO',MID-SIZE,2,4,AS8,Z,10.8,7.3,9.2,31,211
'ALFA ROMEO','STELVIO AWD','SUV - SMALL',2,4,A8,Z,10.8,8.3,9.6,29,226
'LAND ROVER','RANGE ROVER SPORT SUPERCHARGED','SUV - STANDARD',5,8,AS8,Z,16.6,12.3,14.7,19,344
HONDA,'RIDGELINE AWD','PICKUP TRUCK - STANDARD',3.5,6,A6,X,12.8,9.5,11.3,25,264
CHEVROLET,CAMARO,COMPACT,3.6,6,AS6,X,13.3,8.8,11.3,25,260
MAZDA,'MAZDA3 4-DOOR',COMPACT,2.5,4,AS6,X,8.4,6.1,7.4,38,173
TOYOTA,PRIUS,MID-SIZE,1.8,4,AV,X,4.3,4.6,4.5,63,105
RAM,1500,'PICKUP TRUCK - STANDARD',5.7,8,A8,X,15.7,11,13.6,21,319
CHEVROLET,CORVETTE,TWO-SEATER,6.2,8,M7,Z,14.2,9,11.9,24,278
JEEP,'GRAND CHEROKEE 4X4','SUV - STANDARD',5.7,8,A8,X,16.6,10.7,14,20,328
FORD,MUSTANG,SUBCOMPACT,3.7,6,M6,X,13.5,8.3,11.2,25,258
MAZDA,MAZDA6,MID-SIZE,2.5,4,AS6,X,9.1,6.7,8,35,187
MINI,'COOPER CLUBMAN ALL4',MID-SIZE,1.5,3,AS8,Z,10.2,7.8,9.1,31,213
MERCEDES-BENZ,'AMG CLA 45 4MATIC',COMPACT,2,4,AM7,Z,10.3,7.9,9.2,31,217
RAM,'1500 4X4 ECODIESEL','PICKUP TRUCK - STANDARD',3,6,A8,D,12.3,8.8,10.8,26,289
PORSCHE,Macan,'SUV - SMALL',2,4,AM7,Z,12.2,10.2,11.3,25,264
CHEVROLET,TRAX,'SUV - SMALL',1.4,4,AS6,X,9.3,7.2,8.3,34,194
JAGUAR,'F-TYPE R COUPE AWD',TWO-SEATER,5,8,AS6,Z,15.6,10.4,13.3,21,311
HYUNDAI,Elantra,MID-SIZE,1.6,4,AM7,X,8.9,7,8.1,35,189
SUBARU,'OUTBACK AWD','SUV - SMALL',3.6,6,AV6,X,12,8.6,10.5,27,242
FORD,'F-150 FFV (LT Tire Pkg)','PICKUP TRUCK - STANDARD',5,8,AS10,X,14.7,11.2,13.1,22,307
JEEP,'CHEROKEE TRAILHAWK 4X4','SUV - SMALL',2.4,4,A9,X,12.1,9.4,10.9,26,255
AUDI,Q5,'SUV - SMALL',2,4,AS7,Z,10.4,8.6,9.6,29,226
MERCEDES-BENZ,'AMG GT R Coupe',TWO-SEATER,4,8,AM7,Z,15.9,11.8,14,20,327
NISSAN,FRONTIER,'PICKUP TRUCK - SMALL',4,6,A5,X,14.8,10.6,12.9,22,304
BMW,'M5 Sedan',MID-SIZE,4.4,8,AS8,Z,16,11,13.8,20,322
'ASTON MARTIN','V8 VANTAGE',TWO-SEATER,4.7,8,M6,Z,18.1,12.3,15.5,18,362
TOYOTA,TACOMA,'PICKUP TRUCK - SMALL',2.7,4,M5,X,11.3,8.9,10.2,28,235
BMW,'428i COUPE',COMPACT,2,4,M6,Z,10.7,7,9,31,211
MITSUBISHI,'OUTLANDER 4WD','SUV - SMALL',3,6,AS6,Z,11.5,8.5,10.2,28,235
JEEP,'CHEROKEE 4X4 ACTIVE DRIVE II','SUV - SMALL',3.2,6,A9,X,12.8,9,11.1,25,259
BMW,'X4 M','SUV - SMALL',3,6,AS8,Z,16.6,12.1,14.6,19,339
'ASTON MARTIN','DB11 V12',MINICOMPACT,5.2,12,A8,Z,15.5,11.4,13.7,21,322
VOLVO,'XC90 T5 AWD','SUV - STANDARD',2,4,AS8,Z,11.3,8.5,10,28,233
CHEVROLET,'SONIC 5','STATION WAGON - SMALL',1.4,4,AS6,X,9,6.8,8,35,188
'LAND ROVER',LR4,'SUV - STANDARD',3,6,AS8,Z,16.2,12.1,14.3,20,336
VOLVO,S60,COMPACT,2.5,5,AS6,X,11.3,7.8,9.7,29,223
HYUNDAI,ACCENT,COMPACT,1.6,4,M6,X,8.7,6.4,7.7,37,177
PORSCHE,'911 CARRERA 4S CABRIOLET',MINICOMPACT,3,6,M7,Z,12.2,8.5,10.5,27,246
FORD,'F-150 FFV 4X4 (Payload Pkg)','PICKUP TRUCK - STANDARD',5,8,AS10,E,21.4,17.2,19.5,14,325
SUBARU,'OUTBACK AWD','SUV - SMALL',2.5,4,AV6,X,9.4,7.3,8.4,34,198
HYUNDAI,ELANTRA,MID-SIZE,2,4,AS6,X,9.7,6.7,8.3,34,194
LEXUS,'LS 500h AWD',MID-SIZE,3.5,6,AV10,Z,10.3,7.7,9.1,31,214
DODGE,CHALLENGER,MID-SIZE,6.4,8,M6,Z,16.7,10.4,13.9,20,325
MINI,'COOPER CONVERTIBLE',MINICOMPACT,1.5,3,M6,Z,8.4,6.3,7.4,38,174
BUICK,'Envision AWD','SUV - SMALL',2,4,A9,Z,11.7,9.4,10.7,26,250
HONDA,'CIVIC SEDAN',MID-SIZE,1.5,4,AV,X,7.4,5.6,6.6,43,153
CHEVROLET,'SUBURBAN 4WD','SUV - STANDARD',5.3,8,A6,X,15.4,10.8,13.3,21,312
JAGUAR,'F-TYPE CONVERTIBLE',TWO-SEATER,3,6,M6,Z,14.9,9.8,12.6,22,296
CHEVROLET,'Camaro SS',SUBCOMPACT,6.2,8,M6,Z,14.9,9.9,12.6,22,296
CHEVROLET,'EXPRESS 3500 PASSENGER','VAN - PASSENGER',6,8,A6,X,22.2,15.1,19,15,437
DODGE,DART,MID-SIZE,2.4,4,M6,X,10.5,6.7,8.8,32,202
PORSCHE,MACAN,'SUV - SMALL',2,4,A7,Z,11.6,9.3,10.6,27,248
MERCEDES-BENZ,'AMG CLA 45',COMPACT,2,4,AS7,Z,10.7,7.6,9.3,30,221
CHEVROLET,CORVETTE,TWO-SEATER,6.2,8,AS8,Z,15.5,9.2,12.7,22,297
MERCEDES-BENZ,'GLA 250 4MATIC','SUV - SMALL',2,4,AS7,Z,9.8,7.4,8.7,32,200
VOLKSWAGEN,'Atlas 4MOTION','SUV - STANDARD',3.6,6,AS8,X,13.8,10.2,12.2,23,286
GMC,Sierra,'PICKUP TRUCK - STANDARD',2.7,4,A8,X,11.9,10.3,11.1,25,261
TOYOTA,'CAMRY HYBRID XLE/SE',MID-SIZE,2.5,4,AV,X,5.7,6,5.9,48,137
MERCEDES-BENZ,'CL 63 AMG',COMPACT,5.5,8,AS7,Z,15.4,11,13.4,21,308
BMW,'640i xDrive Gran Turismo',FULL-SIZE,3,6,AS8,Z,11.9,8.4,10.3,27,241
DODGE,'Challenger SRT Hellcat',MID-SIZE,6.2,8,M6,Z,18.1,11.4,15.1,19,352
BMW,M3,COMPACT,3,6,M6,Z,13.7,9,11.6,24,271
FORD,'EDGE AWD','SUV - SMALL',2,4,AS6,X,11.9,8.6,10.4,27,244
GMC,'YUKON XL 4WD FFV','SUV - STANDARD',5.3,8,A6,X,15.4,10.8,13.3,21,312
ROLLS-ROYCE,WRAITH,MID-SIZE,6.6,12,AS8,Z,19,12.5,16.1,18,375
CHEVROLET,'CRUZE HATCHBACK DIESEL',MID-SIZE,1.6,4,A9,D,7.8,5.2,6.6,43,178
CHEVROLET,'Suburban FFV','SUV - STANDARD',5.3,8,A6,X,15.7,10.5,13.4,21,314
VOLKSWAGEN,'GOLF WAGON TDI (modified)','STATION WAGON - SMALL',2,4,M6,D,8.3,6,7.3,39,196
JEEP,'NEW COMPASS 4X4','SUV - SMALL',2.4,4,M6,X,10.8,7.6,9.4,30,221
CHEVROLET,'SUBURBAN 4WD','SUV - STANDARD',5.3,8,A6,X,15.4,10.8,13.3,21,312
PORSCHE,'CAYENNE TURBO S','SUV - STANDARD',4.8,8,A8,Z,18,11.9,15.2,19,358
CADILLAC,ATS,COMPACT,2,4,M6,Z,12,8.1,10.3,27,240
NISSAN,'NV200 CARGO VAN','SPECIAL PURPOSE VEHICLE',2,4,AV,X,10,8.5,9.3,30,214
BMW,'440i Coupe',COMPACT,3,6,AS8,Z,11.2,7.3,9.4,30,227
HYUNDAI,'VELOSTER TURBO',COMPACT,1.6,4,M6,X,9.7,7.1,8.5,33,196
BMW,'M4 CABRIOLET',SUBCOMPACT,3,6,M6,Z,13.7,9.1,11.7,24,273
SUBARU,'FORESTER AWD','SUV - SMALL',2.5,4,M6,X,10.9,8.3,9.7,29,228
FORD,'Escape FFV','SUV - SMALL',2.5,4,AS6,E,15,10.8,13.1,22,218
CHEVROLET,'Silverado WT 4WD','PICKUP TRUCK - STANDARD',2.7,4,A8,X,12.7,11,12,24,280
CHEVROLET,'SILVERADO 4WD FFV','PICKUP TRUCK - STANDARD',4.3,6,A6,X,14.1,10.6,12.5,23,294
BMW,'X1 xDRIVE28i','SUV - SMALL',2,4,AS8,Z,10.7,7.4,9.2,31,215
BENTLEY,'CONTINENTAL GT',COMPACT,6,12,AS8,Z,18.9,11.2,15.4,18,360
CADILLAC,XTS,FULL-SIZE,3.6,6,AS6,X,13.2,8.5,11.1,25,260
MERCEDES-BENZ,'SL 550',TWO-SEATER,4.7,8,A9,Z,13.5,9.6,11.8,24,275
AUDI,'A5 QUATTRO',SUBCOMPACT,2,4,M6,Z,9.9,7.1,8.7,32,204
FORD,'F-150 4X4 (Payload Pkg)','PICKUP TRUCK - STANDARD',3.5,6,AS10,X,14,11,12.7,22,298
MERCEDES-BENZ,'Maybach S 650',FULL-SIZE,6,12,A7,Z,18.4,11.1,15.1,19,355
NISSAN,'Qashqai AWD','STATION WAGON - SMALL',2,4,AV8,X,9,7.7,8.4,34,198
FORD,FLEX,'SUV - STANDARD',3.5,6,AS6,X,14.7,10.2,12.7,22,298
RAM,'ProMaster City','SPECIAL PURPOSE VEHICLE',2.4,4,A9,X,11.2,8.3,9.9,29,232
BMW,'Z4 sDRIVE35i',TWO-SEATER,3,6,AM7,Z,13.7,10.1,12.1,23,278
NISSAN,Qashqai,'STATION WAGON - SMALL',2,4,M6,X,10.1,8.1,9.2,31,217
FORD,'EXPLORER FFV AWD','SUV - STANDARD',3.5,6,AS6,E,19.7,14.3,17.3,16,288
FORD,'F-150 FFV 4X4','PICKUP TRUCK - STANDARD',3.5,6,A6,E,18.9,14.2,16.8,17,269
LEXUS,'ES 300h',MID-SIZE,2.5,4,AS6,X,5.5,5.2,5.3,53,124
GMC,'SIERRA FFV','PICKUP TRUCK - STANDARD',5.3,8,A6,X,14.6,10.4,12.7,22,298
RAM,'1500 4X4 EcoDiesel','PICKUP TRUCK - STANDARD',3,6,A8,D,11.1,8,9.7,29,260
LINCOLN,'Continental AWD',FULL-SIZE,3.7,6,AS6,X,14.3,9.7,12.2,23,287
HONDA,'CROSSTOUR AWD','SUV - SMALL',3.5,6,A6,X,12.5,8.5,10.7,26,246
'ALFA ROMEO',4C,TWO-SEATER,1.8,4,AM6,Z,9.7,6.9,8.4,34,197
HYUNDAI,Elantra,MID-SIZE,2,4,AV,X,7.8,5.6,6.8,42,161
TOYOTA,TUNDRA,'PICKUP TRUCK - STANDARD',5.7,8,AS6,X,17.2,12.9,15.3,18,358
GMC,Canyon,'PICKUP TRUCK - SMALL',2.8,4,A6,D,11.8,7.9,10.1,28,270
GMC,'Sierra 4WD','PICKUP TRUCK - STANDARD',4.3,6,A6,X,15.8,11.9,14,20,329
AUDI,SQ5,'SUV - SMALL',3,6,AS8,Z,14.9,10.1,12.7,22,292
RAM,'1500 4X4 (MDS)','PICKUP TRUCK - STANDARD',5.7,8,A6,X,17.7,12.7,15.4,18,362
GMC,'SAVANA 2500 PASSENGER','VAN - PASSENGER',4.8,8,A6,X,21.1,14.2,18,16,414
PORSCHE,'911 CARRERA S',MINICOMPACT,3.8,6,AM7,Z,11.9,8.7,10.5,27,245
MERCEDES-BENZ,'CL 550 4MATIC',COMPACT,4.7,8,AS7,Z,15.4,10.4,13.2,21,304
PORSCHE,'PANAMERA TURBO S EXECUTIVE',FULL-SIZE,4.8,8,AM7,Z,15.4,9.8,12.9,22,297
MAZDA,'MAZDA3 5-DOOR',MID-SIZE,2,4,AS6,X,8,5.9,7.1,40,163
AUDI,A3,SUBCOMPACT,2,4,AM7,X,9.1,6.8,8,35,188
BMW,'340i xDRIVE GRAN TURISMO',FULL-SIZE,3,6,AS8,Z,11.8,7.9,10,28,235
CHEVROLET,MALIBU,MID-SIZE,2,4,AS8,Z,10.6,7.1,9,31,211
VOLVO,'XC90 T5 AWD','SUV - STANDARD',2,4,AS8,Z,11.3,8.5,10,28,233
BMW,'X2 xDrive28i','SUV - SMALL',2,4,AS8,Z,11,7.7,9.5,30,222
HYUNDAI,'TUCSON AWD','SUV - SMALL',2,4,AS6,X,11,9,10.1,28,240
BMW,'650i xDRIVE COUPE',COMPACT,4.4,8,A8,Z,14.4,9.6,12.2,23,281
RAM,'ProMaster City','SPECIAL PURPOSE VEHICLE',2.4,4,A9,X,11.2,8.3,9.9,29,232
PORSCHE,BOXSTER,TWO-SEATER,2,4,AM7,Z,10.5,8,9.4,30,219
SCION,iQ,MINICOMPACT,1.3,4,AV,X,6.5,6.3,6.4,44,147
CADILLAC,CTS-V,MID-SIZE,6.2,8,AS8,Z,16.6,11.1,14.1,20,332
FORD,'E150 VAN FFV','VAN - CARGO',4.6,8,A4,E,24.1,19.2,21.9,13,350
RAM,'1500 (MDS)','PICKUP TRUCK - STANDARD',5.7,8,A8,X,15.7,10.9,13.6,21,313
KIA,'SEDONA SX',MINIVAN,3.3,6,AS6,X,12.9,9.5,11.4,25,269
BMW,'530i xDRIVE',MID-SIZE,2,4,AS8,Z,10.5,7.4,9.1,31,213
JEEP,'COMPASS 4X4','SUV - SMALL',2.4,4,A6,X,11.4,8.7,10.2,28,235
JEEP,PATRIOT,'SUV - SMALL',2,4,M5,X,10.2,7.8,9.2,31,212
GMC,'CANYON 4WD','PICKUP TRUCK - SMALL',2.8,4,A6,D,12.1,8.3,10.4,27,279
BMW,'M4 COUPE',COMPACT,3,6,M6,Z,13.7,9.1,11.7,24,273
GMC,'TERRAIN FFV','SUV - SMALL',2.4,4,A6,E,15.6,10.8,13.4,21,214
TOYOTA,'CAMRY HYBRID XLE/SE',MID-SIZE,2.5,4,AV,X,5.8,6.2,6,47,138
PORSCHE,'911 Carrera Cabriolet',MINICOMPACT,3,6,AM7,Z,10.8,8.3,9.7,29,227
CHEVROLET,MALIBU,MID-SIZE,2,4,AS8,Z,10.6,7.1,9,31,211
AUDI,'S5 CABRIOLET',SUBCOMPACT,3,6,AM7,Z,13.3,9.1,11.4,25,262
HYUNDAI,'TUCSON 4WD','SUV - SMALL',2,4,A6,X,11.4,9.3,10.5,27,242
LINCOLN,'Continental AWD',FULL-SIZE,3.7,6,AS6,X,14.3,9.7,12.2,23,287
GENESIS,'G70 AWD',COMPACT,2,4,AS8,Z,11.5,8.7,10.3,27,241
CHEVROLET,'SONIC 5','STATION WAGON - SMALL',1.8,4,M5,X,9,6.8,8,35,187
LEXUS,'RC F',SUBCOMPACT,5,8,AS8,Z,14.4,9.6,12.2,23,285
HYUNDAI,Elantra,MID-SIZE,1.6,4,AM7,X,8.9,7,8.1,35,192
BMW,'Z4 sDrive30i',TWO-SEATER,2,4,AS8,Z,9.5,7.4,8.5,33,200
CHEVROLET,'COLORADO ZR2 4WD','PICKUP TRUCK - SMALL',3.6,6,A8,X,15,13,14.1,20,331
AUDI,S4,COMPACT,3,6,AS8,Z,11.8,8.9,10.5,27,245
LINCOLN,'MKT AWD','SUV - STANDARD',3.5,6,AS6,X,15.7,11.2,13.7,21,322
NISSAN,'NV200 CARGO VAN','SPECIAL PURPOSE VEHICLE',2,4,AV,X,9.7,9,9.4,30,216
NISSAN,FRONTIER,'PICKUP TRUCK - SMALL',2.5,4,M5,X,12.2,10.4,11.4,25,268
LEXUS,'ES 350 F SPORT',MID-SIZE,3.5,6,AS8,X,10.9,7.5,9.4,30,219
VOLKSWAGEN,GOLF,COMPACT,1.8,4,AS6,X,9.3,6.5,8.1,35,186
MAZDA,'MAZDA3 4-DOOR',COMPACT,2.5,4,AS6,X,8.4,6.1,7.4,38,173
LEXUS,'GS 450h',MID-SIZE,3.5,6,AV8,Z,8.1,6.9,7.6,37,177
LEXUS,'RX 450h AWD','SUV - STANDARD',3.5,6,AV6,Z,7.5,8.4,7.9,36,185
'LAND ROVER','Range Rover Sport TD6 Diesel','SUV - STANDARD',3,6,AS8,D,10.7,8.3,9.6,29,256
ACURA,'TLX SH-AWD',COMPACT,3.5,6,AS9,Z,11.4,7.7,9.8,29,228
CHEVROLET,'Suburban FFV','SUV - STANDARD',5.3,8,A6,X,15.7,10.5,13.4,21,314
GMC,'Yukon XL 4WD','SUV - STANDARD',6.2,8,A10,Z,17.1,11.3,14.5,19,340
GENESIS,'G70 AWD',COMPACT,2,4,AS8,Z,11.5,8.7,10.3,27,241
AUDI,Q7,'SUV - STANDARD',2,4,AS8,Z,12.2,9.5,11,26,258
PORSCHE,'911 CARRERA 4',MINICOMPACT,3,6,AM7,Z,10.7,8.3,9.6,29,225
JAGUAR,'F-TYPE Coupe',TWO-SEATER,3,6,M6,Z,14.9,9.8,12.6,22,296
HYUNDAI,'ELANTRA GT',MID-SIZE,2,4,A6,X,9.8,7.2,8.6,33,198
RAM,'1500 (MDS)','PICKUP TRUCK - STANDARD',5.7,8,A8,X,15.7,10.9,13.6,21,313
CADILLAC,CTS-V,MID-SIZE,6.2,8,AS8,Z,16.6,11.1,14.1,20,332
MERCEDES-BENZ,'Maybach S 650',FULL-SIZE,6,12,A7,Z,18.4,11.1,15.1,19,355
CHEVROLET,'EQUINOX AWD','SUV - SMALL',3.6,6,A6,E,19.8,13.6,17,17,272
AUDI,'Q5 HYBRID','SUV - SMALL',2,4,AS8,Z,9.8,7.9,8.9,32,205
RAM,'1500 Classic','PICKUP TRUCK - STANDARD',5.7,8,A8,X,15.7,11,13.6,21,319
CHEVROLET,Camaro,SUBCOMPACT,3.6,6,AS10,X,12.5,8.1,10.5,27,247
DODGE,'Durango AWD','SUV - STANDARD',3.6,6,A8,X,12.7,9.6,11.3,25,265
FORD,'F-150 FFV (Payload Pkg)','PICKUP TRUCK - STANDARD',5,8,AS10,E,19.9,15.8,18,16,300
LEXUS,'UX 250h',COMPACT,2,4,AV6,X,5.5,5.7,5.6,50,130
MERCEDES-BENZ,'CLS 400 4MATIC',COMPACT,3,6,AS7,Z,12.2,8.8,10.7,26,252
TOYOTA,'HIGHLANDER HYBRID AWD LE','SUV - STANDARD',3.5,6,AV6,X,8.4,8.3,8.4,34,193
BMW,'750Li xDRIVE',FULL-SIZE,4.4,8,A8,Z,15,9.8,12.7,22,292
GMC,'SIERRA 4WD','PICKUP TRUCK - STANDARD',4.3,6,A6,E,20,15.1,17.8,16,285
DODGE,'CHARGER SRT 392 HEMI',FULL-SIZE,6.4,8,A8,Z,15.7,9.5,12.9,22,297
HONDA,'Civic Coupe',COMPACT,1.5,4,AV7,X,7.8,6.4,7.2,39,167
MINI,'JOHN COOPER WORKS CONVERTIBLE',MINICOMPACT,1.6,4,M6,Z,9.1,6.8,8.1,35,186
BMW,'X4 M40i','SUV - SMALL',3,6,AS8,Z,11.9,8.7,10.4,27,245
CHEVROLET,Camaro,SUBCOMPACT,2,4,M6,Z,11.9,7.9,10.1,28,235
BMW,M3,COMPACT,3,6,M6,Z,13.5,9.3,11.6,24,273
TOYOTA,'CAMRY HYBRID XLE/SE',MID-SIZE,2.5,4,AV,X,5.7,6,5.9,48,137
'ASTON MARTIN','V8 VANTAGE',TWO-SEATER,4.7,8,M6,Z,18.1,12.3,15.5,18,362
JEEP,'NEW WRANGLER UNLIMITED 4X4','SUV - SMALL',3.6,6,A8,X,12.9,10.2,11.7,24,275
FIAT,'500 HATCHBACK',MINICOMPACT,1.4,4,M5,X,7.6,5.9,6.8,42,156
FORD,'Edge AWD','SUV - SMALL',2,4,AS8,X,11.4,8.3,10,28,233
DODGE,'JOURNEY FFV','SUV - SMALL',3.6,6,A6,X,14.2,9.5,12.1,23,284
LAMBORGHINI,'Huracan Performante Coupe',TWO-SEATER,5.2,10,AM7,Z,17.9,13,15.7,18,370
LINCOLN,'Continental AWD',FULL-SIZE,3.7,6,AS6,X,14.3,9.7,12.2,23,287
GMC,'SAVANA 2500 PASSENGER','VAN - PASSENGER',4.8,8,A6,X,21.1,14.2,18,16,414
VOLVO,'S60 T5 AWD',COMPACT,2.5,5,AS6,X,11.6,8.2,10.1,28,232
NISSAN,Micra,COMPACT,1.6,4,A4,X,9,6.8,8,35,188
VOLVO,'XC90 AWD','SUV - STANDARD',3.2,6,AS6,X,14.9,10.2,12.8,22,294
BMW,'430i xDRIVE CABRIOLET',SUBCOMPACT,2,4,AS8,Z,10.7,7.3,9.1,31,214
VOLKSWAGEN,'GOLF ALLTRACK','STATION WAGON - SMALL',1.8,4,AM6,X,10.7,8,9.4,30,220
GMC,'Yukon XL','SUV - STANDARD',5.3,8,A6,X,15.7,10.5,13.4,21,314
PORSCHE,'911 Carrera S Cabriolet',MINICOMPACT,3,6,AM8,Z,12.7,10.2,11.6,24,272
MERCEDES-BENZ,'AMG CLA 45 4MATIC',COMPACT,2,4,AM7,Z,10.3,7.9,9.2,31,217
PORSCHE,'911 TURBO S EXCLUSIVE',MINICOMPACT,3.8,6,AM7,Z,13.8,10.3,12.3,23,285
GMC,'TERRAIN FFV','SUV - SMALL',2.4,4,A6,X,10.5,7.3,9.1,31,214
GMC,'YUKON DENALI 4WD','SUV - STANDARD',6.2,8,A6,Z,16.2,11.4,14,20,322
DODGE,'CHARGER AWD',FULL-SIZE,3.6,6,A8,X,12.8,8.6,10.9,26,251
AUDI,A3,SUBCOMPACT,2,4,AM7,X,9.1,6.8,8,35,188
HONDA,'CIVIC SEDAN',MID-SIZE,1.5,4,AV,X,7.6,5.5,6.7,42,157
BMW,'X5 xDRIVE35i','SUV - STANDARD',3,6,AS8,Z,13,8.9,11.1,25,255
GMC,'YUKON FFV','SUV - STANDARD',5.3,8,A6,X,15.1,10.4,13,22,305
VOLVO,'V60 T5 AWD','STATION WAGON - SMALL',2,4,AS8,X,11,8.1,9.7,29,226
MERCEDES-BENZ,'AMG C 63 S',COMPACT,4,8,AS7,Z,13.4,9.6,11.7,24,273
AUDI,'A5 QUATTRO',SUBCOMPACT,2,4,AS8,Z,11.5,8.1,10,28,230
VOLKSWAGEN,PASSAT,MID-SIZE,3.6,6,AM6,X,12.2,8.5,10.6,27,246
FORD,'F-150 FFV 4X4','PICKUP TRUCK - STANDARD',3.5,6,A6,E,18.9,14.2,16.8,17,269
GMC,'YUKON 4WD','SUV - STANDARD',5.3,8,A6,E,20.5,14,17.6,16,282
CHEVROLET,'SONIC 5','STATION WAGON - SMALL',1.8,4,AS6,X,9.6,6.7,8.3,34,195
GMC,'Sierra 4WD','PICKUP TRUCK - STANDARD',5.3,8,A8,X,15.3,11.2,13.5,21,316
MERCEDES-BENZ,'E 550 4MATIC',MID-SIZE,4.7,8,AS7,Z,12.9,9.6,11.4,25,270
CHEVROLET,'Cruze Diesel',COMPACT,1.6,4,A9,D,7.6,4.9,6.4,44,172
GENESIS,'G70 AWD',COMPACT,2,4,AS8,Z,11.5,8.7,10.3,27,241
FORD,'F-150 FFV 4X4 (LT Tire Pkg)','PICKUP TRUCK - STANDARD',5,8,AS10,X,15.7,11.8,13.9,20,326
BMW,'328d xDRIVE',COMPACT,2,4,AS8,D,7.8,5.9,7,40,184
FORD,'FLEX AWD','SUV - STANDARD',3.5,6,AS6,X,13.7,10.1,12.1,23,278
BMW,'X6 xDRIVE35i','SUV - STANDARD',3,6,A8,Z,13.6,9.8,11.9,24,274
MINI,'JOHN COOPER WORKS CONVERTIBLE',MINICOMPACT,1.6,4,A6,Z,9.3,7,8.3,34,191
MERCEDES-BENZ,'E 400 4MATIC WAGON','STATION WAGON - MID-SIZE',3,6,AS7,Z,12.4,8.9,10.8,26,253
MAZDA,MAZDA6,MID-SIZE,2.5,4,AS6,X,9.1,6.7,8,35,187
MINI,'John Cooper Works Convertible',MINICOMPACT,2,4,AS6,Z,9.4,7.2,8.4,34,197
MASERATI,'Ghibli S',MID-SIZE,3,6,AS8,Z,14.7,9.9,12.6,22,295
AUDI,A3,SUBCOMPACT,2,4,AM7,X,9.1,6.8,8.1,35,188
PORSCHE,'911 CARRERA S',MINICOMPACT,3.8,6,AM7,Z,11.9,8.7,10.5,27,245
GMC,Sierra,'PICKUP TRUCK - STANDARD',4.3,6,A6,X,15.1,11.5,13.5,21,317
GMC,'SIERRA 4WD','PICKUP TRUCK - STANDARD',5.3,8,A6,X,15,10.7,13.1,22,307
JEEP,PATRIOT,'SUV - SMALL',2,4,AV,X,10.8,8.9,10,28,234
FORD,'EXPLORER FFV AWD','SUV - STANDARD',3.5,6,AS6,E,18.9,13.9,16.7,17,267
MERCEDES-BENZ,'E 300 4MATIC',MID-SIZE,3.5,6,AS7,Z,11.9,8.2,10.2,28,235
VOLKSWAGEN,BEETLE,COMPACT,1.8,4,M5,X,9.5,7.1,8.4,34,198
MAZDA,MX-5,TWO-SEATER,2,4,AS6,Z,11.5,8.5,10.1,28,232
MITSUBISHI,'OUTLANDER 4WD','SUV - SMALL',2.4,4,AV6,X,9.7,8.1,9,31,207
SUBARU,'OUTBACK AWD','SUV - SMALL',2.5,4,AV6,X,9.4,7.3,8.4,34,198
JEEP,'RENEGADE FFV','SUV - SMALL',2.4,4,A9,E,14.2,9.9,12.2,23,195
BUICK,'ENCORE (SIDI with Stop/Start)','SUV - SMALL',1.4,4,AS6,X,8.6,7.1,7.9,36,185
VOLVO,'V60 POLESTAR','STATION WAGON - SMALL',2,4,AS8,Z,11.8,8.5,10.3,27,241
LINCOLN,'MKZ AWD',MID-SIZE,3,6,AS6,X,14,9.2,11.8,24,278
DODGE,'JOURNEY FFV','SUV - SMALL',3.6,6,A6,X,14.2,9.5,12.1,23,284
MINI,'COOPER S CLUBMAN ALL4',MID-SIZE,2,4,M6,Z,11.4,7.8,9.7,29,227
VOLKSWAGEN,GOLF,COMPACT,1.8,4,M5,X,9.3,6.4,8,35,187
TOYOTA,'Highlander AWD','SUV - STANDARD',3.5,6,AS8,X,12.1,9,10.6,27,250
BMW,'X3 xDRIVE28i','SUV - SMALL',2,4,AS8,Z,11.1,8.4,9.9,29,231
BMW,'M235i CABRIOLET',SUBCOMPACT,3,6,M6,Z,12.1,8.4,10.5,27,246
FIAT,'500 HATCHBACK TURBO',MINICOMPACT,1.4,4,A6,X,9.6,7.3,8.6,33,198
BMW,'435i xDRIVE CABRIOLET',SUBCOMPACT,3,6,AS8,Z,12.1,8.1,10.3,27,237
GENESIS,'G70 AWD',COMPACT,2,4,AS8,Z,11.4,8.6,10.2,28,238
BUICK,'REGAL eASSIST',MID-SIZE,2.4,4,AS6,X,9.6,6.5,8.2,34,193
GMC,'Yukon XL','SUV - STANDARD',5.3,8,A6,X,15.7,10.5,13.4,21,314
CHEVROLET,CORVETTE,TWO-SEATER,6.2,8,M7,Z,14.2,9,11.9,24,278
ACURA,TLX,COMPACT,2.4,4,AM8,Z,9.6,6.6,8.3,34,197
KIA,'SORENTO AWD','SUV - SMALL',2,4,AS6,X,12.3,9.4,11,26,259
HYUNDAI,'Tucson AWD','SUV - SMALL',2,4,AS6,X,10.8,9.2,10.1,28,239
GMC,Terrain,'SUV - SMALL',1.5,4,A9,X,9.2,7.8,8.6,33,202
BMW,'X4 xDRIVE28i','SUV - SMALL',2,4,AS8,Z,11.8,8.6,10.3,27,240
VOLVO,'V60 T5 AWD','STATION WAGON - SMALL',2.5,5,AS6,X,11.6,8.2,10.1,28,232
NISSAN,'Armada 4WD','SUV - STANDARD',5.6,8,AS7,X,17.5,12.9,15.4,18,362
CHEVROLET,'EXPRESS 3500 PASSENGER','VAN - PASSENGER',6,8,A6,E,30.2,20.5,25.8,11,413
AUDI,'S5 CABRIOLET QUATTRO',SUBCOMPACT,3,6,AM7,Z,13.3,9.1,11.4,25,266
HONDA,CIVIC,COMPACT,1.8,4,AV,X,7.9,6.1,7.1,40,163
BMW,'Z4 sDrive30i',TWO-SEATER,2,4,AS8,Z,9.5,7.4,8.5,33,200
DODGE,'JOURNEY AWD','SUV - SMALL',3.6,6,A6,X,14.5,10,12.4,23,292
MERCEDES-BENZ,'E 400 CABRIOLET',SUBCOMPACT,3.5,6,AS7,Z,11.5,8.1,10,28,230
MERCEDES-BENZ,'B 250 4MATIC',MID-SIZE,2,4,AS7,Z,10,7.5,8.9,32,206
PORSCHE,'911 CARRERA 4 GTS CABRIOLET',MINICOMPACT,3,6,M7,Z,12.9,9.1,11.1,25,260
FORD,'F-150 FFV 4X4 (Payload Pkg)','PICKUP TRUCK - STANDARD',5,8,AS10,E,21.4,17.2,19.5,14,325
FORD,'EDGE AWD','SUV - SMALL',2,4,AS6,X,11.8,8.4,10.3,27,240
DODGE,'CHARGER SRT HELLCAT',FULL-SIZE,6.2,8,A8,Z,17.6,10.7,14.5,19,339
MERCEDES-BENZ,'S 560 4MATIC',FULL-SIZE,4,8,A9,Z,13.5,8.6,11.3,25,265
HONDA,'CIVIC COUPE',COMPACT,1.5,4,AV,X,7.5,5.9,6.8,42,158
PORSCHE,MACAN,'SUV - SMALL',2,4,A7,Z,11.6,9.3,10.6,27,248
SUBARU,WRX,COMPACT,2.5,4,M6,Z,13.8,10.2,12.2,23,281
TOYOTA,AVALON,MID-SIZE,3.5,6,AS6,X,11.4,7.7,9.7,29,226
GMC,'SIERRA 4WD FFV','PICKUP TRUCK - STANDARD',5.3,8,A6,E,20.5,14.4,17.8,16,295
CHEVROLET,'IMPALA FFV',FULL-SIZE,3.6,6,AS6,X,12.5,8.2,10.6,27,248
LINCOLN,'MKT LIVERY AWD','SPECIAL PURPOSE VEHICLE',3.7,6,A6,X,14,9.9,12.2,23,281
BMW,'435i xDRIVE COUPE',COMPACT,3,6,AS8,Z,12,7.9,10.2,28,238
JEEP,'CHEROKEE 4X4 ACTIVE DRIVE I','SUV - SMALL',3.2,6,A9,X,11.6,8.6,10.3,27,241
MASERATI,GHIBLI,MID-SIZE,3,6,AS8,Z,14.1,9.8,12.4,23,286
MERCEDES-BENZ,'AMG S 65 Coupe',COMPACT,6,12,A9,Z,17.6,11,14.6,19,343
PORSCHE,'911 CARRERA S CABRIOLET',MINICOMPACT,3,6,AM7,Z,10.8,8.4,9.7,29,228
BMW,'Z4 sDrive30i',TWO-SEATER,2,4,AS8,Z,9.5,7.4,8.5,33,200
CHEVROLET,'SONIC 5','STATION WAGON - SMALL',1.8,4,AS6,X,9.6,6.7,8.3,34,195
MAZDA,'CX-5 4WD (Cylinder Deactivation)','SUV - SMALL',2.5,4,AS6,X,9.8,7.9,9,31,208
MINI,'COOPER CONVERTIBLE',MINICOMPACT,1.5,3,M6,Z,8.4,6.3,7.4,38,174
BMW,'X6 xDrive50i','SUV - STANDARD',4.4,8,AS8,Z,14.3,10.6,12.6,22,294
NISSAN,VERSA,MID-SIZE,1.6,4,AV,X,7.6,6.2,7,40,164
VOLKSWAGEN,GOLF,COMPACT,1.8,4,AS6,X,9.3,6.5,8.1,35,189
SCION,tC,COMPACT,2.5,4,AS6,X,10.2,7.5,9,31,207
BMW,'ACTIVEHYBRID 5',MID-SIZE,3,6,AS8,Z,10.6,7.9,9.4,30,216
AUDI,'TT COUPE QUATTRO',SUBCOMPACT,2,4,AM6,X,10.1,7.8,9.1,31,209
PORSCHE,'911 Carrera 4 GTS',MINICOMPACT,3,6,M7,Z,12.8,8.9,11,26,257
GMC,'YUKON XL DENALI 4WD','SUV - STANDARD',6.2,8,A6,Z,16.8,11.7,14.5,19,334
BMW,'X6 xDRIVE50i','SUV - STANDARD',4.4,8,AS8,Z,15.4,11.2,13.5,21,317
FORD,FIESTA,SUBCOMPACT,1.6,4,M5,X,8.5,6.5,7.6,37,175
BMW,M235i,SUBCOMPACT,3,6,AS8,Z,11.6,7.7,9.9,29,232
CHEVROLET,'EQUINOX AWD','SUV - SMALL',1.6,4,A6,D,8.5,6.1,7.4,38,198
MINI,'Cooper 5 Door',SUBCOMPACT,1.5,3,AS6,Z,8.8,6.8,7.9,36,184
HONDA,'Civic Hatchback Sport',FULL-SIZE,1.5,4,M6,Z,8,6.2,7.2,39,167
GMC,SIERRA,'PICKUP TRUCK - STANDARD',5.3,8,A6,X,14.6,10.3,12.7,22,292
BENTLEY,'CONTINENTAL GT',COMPACT,6,12,AS8,Z,18.9,11.2,15.4,18,360
CHRYSLER,'200 SEDAN FFV',MID-SIZE,3.6,6,A6,X,12.5,8.1,10.5,27,242
TOYOTA,TUNDRA,'PICKUP TRUCK - STANDARD',5.7,8,AS6,X,17.2,12.9,15.3,18,358
BMW,'330i xDRIVE GRAN TURISMO',FULL-SIZE,2,4,AS8,Z,10.5,7.4,9.1,31,213
JEEP,'Cherokee 4X4 Active Drive II','SUV - SMALL',2,4,A9,X,11.5,8.6,10.2,28,240
TOYOTA,'Highlander Hybrid AWD','SUV - STANDARD',2.5,4,AV,X,6.7,6.8,6.7,42,158
HYUNDAI,ACCENT,COMPACT,1.6,4,M6,X,8.2,6.3,7.3,39,173
DODGE,'CHALLENGER SRT HELLCAT',MID-SIZE,6.2,8,M6,Z,18.1,11.4,15.1,19,352
GMC,'YUKON XL FFV','SUV - STANDARD',5.3,8,A6,E,19.8,13.9,17.2,16,285
AUDI,'A7 quattro',MID-SIZE,3,6,AM7,Z,10.9,8.2,9.7,29,226
KIA,RIO,COMPACT,1.6,4,M6,X,8.7,6.4,7.7,37,177
PORSCHE,'911 TURBO S',MINICOMPACT,3.8,6,AM7,Z,13.7,9.6,11.9,24,278
BUICK,'Regal AWD',MID-SIZE,2,4,AS8,Z,11,8,9.6,29,227
KIA,K900,FULL-SIZE,3.8,6,AS8,X,13.9,9.2,11.8,24,278
MITSUBISHI,'Mirage G4',COMPACT,1.2,3,M5,X,7.2,5.9,6.6,43,153
RAM,'1500 4X4 FFV','PICKUP TRUCK - STANDARD',3.6,6,A8,E,20.7,14.7,18,16,300
MAZDA,'MAZDA3 4-DOOR',COMPACT,2,4,M6,X,8.5,6.2,7.5,38,175
MAZDA,'MAZDA6 (SIL)',MID-SIZE,2.5,4,M6,X,9.4,6.4,8.1,35,188
MAZDA,'CX-5 4WD','SUV - SMALL',2.5,4,AS6,X,9.8,7.9,9,31,210
JEEP,'CHEROKEE 4X4 FFV','SUV - SMALL',2.4,4,A9,E,15.9,11,13.7,21,226
ACURA,'TLX SH-AWD',COMPACT,3.5,6,AS9,Z,11.4,7.7,9.8,29,228
TOYOTA,'YARIS HATCHBACK',COMPACT,1.5,4,M5,X,7.8,6.5,7.2,39,168
FIAT,'500 ABARTH HATCHBACK',MINICOMPACT,1.4,4,M5,X,8.5,6.9,7.8,36,179
NISSAN,'NV200 CARGO VAN','SPECIAL PURPOSE VEHICLE',2,4,AV,X,10,8.5,9.3,30,214
VOLKSWAGEN,CC,COMPACT,2,4,AM6,Z,10.7,7.7,9.3,30,214
CHEVROLET,'SONIC 5','STATION WAGON - SMALL',1.8,4,AS6,X,9.6,6.7,8.3,34,195
CHEVROLET,Camaro,SUBCOMPACT,3.6,6,AS8,X,12.3,8.2,10.4,27,246
LINCOLN,'MKZ AWD',MID-SIZE,3,6,AS6,X,14,9.2,11.8,24,278
GMC,'SAVANA 1500 CARGO AWD','VAN - CARGO',5.3,8,A4,E,23.7,18.8,21.5,13,344
JEEP,'GRAND CHEROKEE 4X4','SUV - STANDARD',5.7,8,A8,X,16.6,10.7,14,20,328
MITSUBISHI,'Outlander 4WD','SUV - SMALL',2.4,4,AV6,X,9.9,8.1,9.1,31,212
GMC,'Yukon XL','SUV - STANDARD',5.3,8,A6,X,15.7,10.5,13.4,21,314
PORSCHE,'BOXSTER GTS',TWO-SEATER,3.4,6,AM7,Z,10.9,7.7,9.5,30,222
BUICK,'LaCrosse AWD',MID-SIZE,3.6,6,AS9,X,11.7,8.2,10.1,28,238
MAZDA,CX-3,COMPACT,2,4,AS6,X,8.2,6.7,7.6,37,179
FORD,'Expedition 4X4','SUV - STANDARD',3.5,6,AS10,X,14.1,10.6,12.5,23,293
NISSAN,SENTRA,MID-SIZE,1.8,4,AV,X,8.1,6.3,7.3,39,171
DODGE,'Challenger (MDS)',MID-SIZE,5.7,8,A8,X,14.7,9.4,12.3,23,289
GMC,'SAVANA 2500 PASSENGER','VAN - PASSENGER',4.8,8,A6,X,21.1,14.2,18,16,414
MERCEDES-BENZ,'C 300 4MATIC',COMPACT,2,4,A9,Z,11,7.3,9.4,30,219
NISSAN,'JUKE AWD','STATION WAGON - SMALL',1.6,4,AV,Z,9.3,7.9,8.7,32,200
TOYOTA,'HIGHLANDER HYBRID AWD','SUV - STANDARD',3.5,6,AV6,X,8,8.6,8.3,34,191
GENESIS,G70,COMPACT,2,4,M6,Z,12.8,8.5,10.9,26,255
MITSUBISHI,'OUTLANDER 4WD','SUV - SMALL',3,6,AS6,Z,11.5,8.5,10.2,28,235
FORD,'F-150 (LT Tire Pkg)','PICKUP TRUCK - STANDARD',2.7,6,AS6,X,12.4,9.8,11.2,25,263
NISSAN,Maxima,MID-SIZE,3.5,6,AV7,Z,11.6,7.9,9.9,29,233
BMW,'435i xDRIVE CABRIOLET',SUBCOMPACT,3,6,AS8,Z,12.1,8.1,10.3,27,237
CHEVROLET,'EQUINOX AWD FFV','SUV - SMALL',2.4,4,A6,E,16.3,11.8,14.2,20,234
JAGUAR,'F-TYPE CONVERTIBLE',TWO-SEATER,3,6,M6,Z,14.9,9.8,12.6,22,296
BMW,'M240i COUPE',SUBCOMPACT,3,6,AS8,Z,11.1,7.8,9.6,29,224
GMC,'ACADIA AWD','SUV - STANDARD',3.6,6,A6,X,16.1,10.8,13.7,21,323
FORD,'F-150 (LT Tire Pkg)','PICKUP TRUCK - STANDARD',3.5,6,AS10,X,13,10.2,11.7,24,274
AUDI,'TT Roadster quattro',TWO-SEATER,2,4,AM7,X,10.3,7.7,9.2,31,213
INFINITI,Q70,MID-SIZE,3.7,6,AS7,Z,12.8,8.9,11,26,253
VOLKSWAGEN,'Arteon 4MOTION',FULL-SIZE,2,4,AS8,Z,12,8.6,10.4,27,244
MAZDA,MAZDA6,MID-SIZE,2.5,4,AS6,X,8.8,6.1,7.6,37,178
MITSUBISHI,'LANCER EVOLUTION',COMPACT,2,4,M5,Z,14,10.3,12.3,23,283
SUBARU,'FORESTER AWD','SUV - SMALL',2.5,4,AV,X,9.6,7.4,8.6,33,198
BMW,'M235i CABRIOLET',SUBCOMPACT,3,6,M6,Z,12.1,8.4,10.5,27,246
DODGE,'Challenger (MDS)',MID-SIZE,5.7,8,A8,X,14.7,9.4,12.3,23,289
CHEVROLET,'EXPRESS 1500 CARGO CONV AWD','VAN - CARGO',5.3,8,A4,X,18.3,14.2,16.5,17,380
'ASTON MARTIN','DB11 V12',MINICOMPACT,5.2,12,A8,Z,15.5,11.4,13.7,21,322
HONDA,'CIVIC COUPE',COMPACT,2,4,AV,X,7.8,5.8,6.9,41,162
JAGUAR,'F-TYPE R COUPE AWD',TWO-SEATER,5,8,AS6,Z,15.6,10.4,13.3,21,311
MERCEDES-BENZ,'AMG SL 63',TWO-SEATER,5.5,8,AS7,Z,14.7,9.5,12.4,23,298
HONDA,'RIDGELINE AWD','PICKUP TRUCK - STANDARD',3.5,6,A6,X,12.8,9.5,11.3,25,264
CHEVROLET,'Silverado WT 4WD','PICKUP TRUCK - STANDARD',2.7,4,A8,X,12.7,11,12,24,280
NISSAN,'NV200 CARGO VAN','SPECIAL PURPOSE VEHICLE',2,4,AV,X,9.7,9,9.4,30,220
DODGE,Challenger,MID-SIZE,5.7,8,M6,Z,15.6,10.1,13.1,22,307
CADILLAC,'XT5 AWD','SUV - SMALL',3.6,6,AS8,X,12.8,9.3,11.2,25,263
VOLKSWAGEN,Beetle,COMPACT,2,4,AS6,X,9,7.1,8.2,34,191
'LAND ROVER','RANGE ROVER V8 5.0 SC FFV','SUV - STANDARD',5,8,AS8,Z,17.2,12.5,15.1,19,347
NISSAN,'Rogue AWD','SUV - SMALL',2.5,4,AV,X,9.6,7.5,8.7,32,204
BMW,'430i xDRIVE CABRIOLET',SUBCOMPACT,2,4,AS8,Z,10.7,7.3,9.1,31,214
HYUNDAI,'ELANTRA GT',MID-SIZE,2,4,M6,X,9.8,6.9,8.5,33,196
HONDA,'CR-V AWD','SUV - SMALL',2.4,4,AV,X,9.5,7.5,8.6,33,202
LEXUS,'RC 350 AWD',SUBCOMPACT,3.5,6,AS6,Z,13.1,9.8,11.2,25,262
VOLKSWAGEN,JETTA,COMPACT,1.4,4,AS6,X,8.5,6,7.3,39,173
MERCEDES-BENZ,'SL 550',TWO-SEATER,4.7,8,AS7,Z,13.4,9.6,11.7,24,269
MITSUBISHI,'MIRAGE G4',COMPACT,1.2,3,M5,X,7.2,5.9,6.6,43,155
LINCOLN,'MKT LIVERY AWD','SPECIAL PURPOSE VEHICLE',3.7,6,A6,X,14,9.9,12.2,23,281
KIA,Soul,'STATION WAGON - SMALL',2,4,M6,X,9.6,7.6,8.7,32,206
MITSUBISHI,'LANCER AWD',COMPACT,2.4,4,AV6,X,10.5,8.2,9.5,30,219
TOYOTA,C-HR,COMPACT,2,4,AS7,X,8.7,7.5,8.2,34,189
GMC,Sierra,'PICKUP TRUCK - STANDARD',2.7,4,A8,X,11.9,10.3,11.1,25,261
FORD,'EXPEDITION 4X4','SUV - STANDARD',3.5,6,AS6,X,15.9,12,14.2,20,333
BMW,'M235i CABRIOLET',SUBCOMPACT,3,6,AS8,Z,11.6,7.7,9.9,29,232
PORSCHE,'Panamera GTS ST',FULL-SIZE,4,8,AM8,Z,15.7,10.5,13.4,21,313
BUICK,'REGAL eASSIST',MID-SIZE,2.4,4,AS6,X,9.6,6.5,8.2,34,193
BMW,'M5 Sedan',MID-SIZE,4.4,8,AS8,Z,16,11,13.8,20,322
DODGE,'Challenger SRT Hellcat Redeye',MID-SIZE,6.2,8,A8,Z,17.6,10.7,14.5,19,339
HONDA,'Civic Sedan Si',MID-SIZE,1.5,4,M6,Z,8.9,6.4,7.8,36,183
GMC,Canyon,'PICKUP TRUCK - SMALL',2.8,4,A6,D,11.8,7.9,10.1,28,270
FORD,'C-MAX HYBRID',FULL-SIZE,2,4,AV,X,5.6,6.4,6,47,138
JEEP,CHEROKEE,'SUV - SMALL',2.4,4,A9,X,10.9,7.7,9.5,30,223
CHEVROLET,SONIC,COMPACT,1.8,4,M5,X,9,6.8,8,35,187
HONDA,'CR-V AWD','SUV - SMALL',2.4,4,AV,X,9.5,7.5,8.6,33,202
VOLKSWAGEN,'Arteon 4MOTION',FULL-SIZE,2,4,AS8,Z,12,8.6,10.4,27,244
CHRYSLER,'300 AWD FFV',FULL-SIZE,3.6,6,A8,E,17.6,12,15,19,248
CHEVROLET,'IMPALA FFV',FULL-SIZE,3.6,6,AS6,X,12.5,8.2,10.6,27,248
RAM,'1500 FFV','PICKUP TRUCK - STANDARD',3.6,6,A8,E,19.7,13.8,17,17,283
LINCOLN,Aviator,'SUV - STANDARD',3,6,AS10,X,13.7,9.7,11.9,24,280
FORD,'C-MAX HYBRID',FULL-SIZE,2,4,AV,X,5.7,6.2,5.9,48,138
TOYOTA,'Highlander AWD LE','SUV - STANDARD',3.5,6,AS8,X,11.7,8.8,10.4,27,242
CHEVROLET,CORVETTE,TWO-SEATER,6.2,8,M7,Z,14.2,9,11.9,24,278
AUDI,'A3 TDI (modified)',SUBCOMPACT,2,4,AM6,D,7.6,5.5,6.5,43,177
TOYOTA,'HIGHLANDER HYBRID AWD','SUV - STANDARD',3.5,6,AV6,X,8.6,8.5,8.5,33,196
HYUNDAI,ELANTRA,MID-SIZE,2,4,M6,X,9.8,7,8.5,33,198
PORSCHE,'MACAN TURBO','SUV - SMALL',3.6,6,A7,Z,14.2,10.1,12.3,23,287
MERCEDES-BENZ,'AMG GLS 63 4MATIC','SUV - STANDARD',5.5,8,A7,Z,17.6,13.3,15.7,18,367
FORD,'F-150 FFV','PICKUP TRUCK - STANDARD',5,8,AS6,E,22.1,16.7,19.7,14,315
CHEVROLET,'Silverado WT 4WD','PICKUP TRUCK - STANDARD',2.7,4,A8,X,12.7,11,12,24,280
FORD,MUSTANG,SUBCOMPACT,3.7,6,AS6,X,12.6,8.5,10.7,26,253
BMW,'440i xDRIVE COUPE',COMPACT,3,6,AS8,Z,11.1,7.5,9.5,30,223
BMW,M5,MID-SIZE,4.4,8,M6,Z,16.1,10.9,13.7,21,321
INFINITI,Q70,MID-SIZE,3.7,6,AS7,Z,12.8,8.9,11,26,253
ROLLS-ROYCE,'PHANTOM COUPE',COMPACT,6.7,12,A8,Z,20.7,12.8,17.1,17,393
BMW,'M6 CABRIOLET',SUBCOMPACT,4.4,8,M6,Z,16.1,10.9,13.7,21,321
LINCOLN,'MKZ HYBRID',MID-SIZE,2,4,AV,X,5.7,6.2,5.9,48,139
MAZDA,MAZDA6,MID-SIZE,2.5,4,M6,X,9.4,6.4,8.1,35,186
HONDA,'HR-V AWD','STATION WAGON - SMALL',1.8,4,AV7,X,8.9,7.5,8.2,34,194
FORD,'F-150 FFV 4X4 (Payload Pkg)','PICKUP TRUCK - STANDARD',5,8,AS6,X,16.8,12.4,14.8,19,347
MAZDA,MAZDA6,MID-SIZE,2.5,4,AS6,X,9.1,6.7,8,35,187
GMC,'Sierra WT 4WD','PICKUP TRUCK - STANDARD',2.7,4,A8,X,12.7,11,12,24,280
MAZDA,CX-3,COMPACT,2,4,AS6,X,8.2,6.7,7.6,37,179
FORD,'EXPLORER FFV AWD','SUV - STANDARD',3.5,6,AS6,E,18.9,13.9,16.7,17,267
BMW,'440i xDRIVE GRAN COUPE',COMPACT,3,6,AS8,Z,11.4,7.8,9.8,29,228
JAGUAR,'XJL SUPERCHARGED',FULL-SIZE,5,8,AS8,E,20.6,13.6,17.5,16,280
MAZDA,'MAZDA3 4-DOOR',COMPACT,2.5,4,AS6,X,8.4,6.1,7.4,38,173
VOLKSWAGEN,CC,COMPACT,2,4,M6,Z,11.6,7.7,9.8,29,225
JAGUAR,'XF 20d AWD',MID-SIZE,2,4,AS8,D,7.8,5.8,6.9,41,186
MAZDA,'Mazda3 5-Door 4WD',MID-SIZE,2.5,4,AS6,X,9.8,7.4,8.7,32,204
SUBARU,'OUTBACK AWD','SUV - SMALL',3.6,6,AV6,X,12,8.6,10.5,27,242
MINI,'COOPER 5 DOOR',SUBCOMPACT,1.5,3,AS6,Z,8.5,6.3,7.5,38,172
JEEP,'NEW WRANGLER UNLIMITED 4X4','SUV - SMALL',3.6,6,A8,X,12.9,10.2,11.7,24,275
FIAT,500L,'STATION WAGON - SMALL',1.4,4,M6,X,9.3,7.1,8.3,34,191
PORSCHE,'911 CARRERA S CABRIOLET',MINICOMPACT,3,6,M7,Z,12.1,8.3,10.4,27,243
GMC,'YUKON 4WD FFV','SUV - STANDARD',5.3,8,A6,X,15.2,10.8,13.2,21,310
CHRYSLER,'TOWN & COUNTRY FFV',MINIVAN,3.6,6,A6,X,14.1,9.5,12,24,276
BMW,'X6 M','SUV - STANDARD',4.4,8,AS8,Z,16.6,12.1,14.6,19,341
PORSCHE,'911 CARRERA 4 CABRIOLET',MINICOMPACT,3.4,6,AM7,Z,11.9,8.8,10.5,27,246
BMW,320i,COMPACT,2,4,AS8,Z,10,6.5,8.4,34,200
ACURA,'TL AWD',MID-SIZE,3.7,6,AS6,Z,12.8,9,11.1,25,255
RAM,'1500 ECODIESEL HFE','PICKUP TRUCK - STANDARD',3,6,A8,D,11.3,8,9.8,29,264
CHEVROLET,'CAMARO SS',COMPACT,6.2,8,M6,Z,15,9.9,12.7,22,292
HYUNDAI,'ELANTRA GT',MID-SIZE,2,4,AS6,X,9.8,7.2,8.6,33,203
PORSCHE,MACAN,'SUV - SMALL',2,4,A7,Z,11.6,9.3,10.6,27,248
GMC,'CANYON 4WD','PICKUP TRUCK - SMALL',2.8,4,A6,D,12.1,8.3,10.4,27,279
BUICK,'ENVISION AWD','SUV - SMALL',2.5,4,A6,X,11.1,8.6,10,28,234
GMC,Canyon,'PICKUP TRUCK - SMALL',3.6,6,A8,X,13.4,9.6,11.7,24,273
'LAND ROVER','Range Rover 5.0 Supercharged LWB','SUV - STANDARD',5,8,AS8,Z,14.4,11.3,13,22,305
AUDI,S4,COMPACT,3,6,AS8,Z,11.8,8.9,10.5,27,245
GMC,'Yukon XL 4WD','SUV - STANDARD',6.2,8,A10,Z,17.2,11.4,14.6,19,343
MITSUBISHI,'OUTLANDER 4WD','SUV - SMALL',3,6,AS6,Z,11.5,8.5,10.2,28,235
MAZDA,'CX-5 4WD','SUV - SMALL',2.5,4,AS6,X,9.9,7.9,9,31,207
BUICK,'LACROSSE eASSIST',MID-SIZE,2.5,4,A6,X,9.3,6.7,8.1,35,190
HYUNDAI,'SANTA FE','SUV - SMALL',3.3,6,AS6,X,12.9,9.4,11.3,25,265
KIA,'SORENTO AWD','SUV - SMALL',2,4,AS6,X,12.3,9.4,11,26,259
ACURA,'RDX AWD','SUV - SMALL',3.5,6,AS6,Z,12.4,8.7,10.7,26,250
FORD,'FOCUS FFV',COMPACT,2,4,AM6,E,11.9,8.5,10.4,27,166
GMC,'SAVANA 3500 PASSENGER','VAN - PASSENGER',4.8,8,A6,X,21.3,14.3,18.2,16,419
MINI,'COOPER CLUBMAN ALL4',MID-SIZE,1.5,3,AS8,Z,10.2,7.8,9.1,31,213
JEEP,'NEW WRANGLER UNLIMITED 4X4','SUV - SMALL',3.6,6,A8,X,12.9,10.2,11.7,24,275
BMW,'440i xDRIVE COUPE',COMPACT,3,6,M6,Z,12.2,8.4,10.5,27,245
JEEP,COMPASS,'SUV - SMALL',2.4,4,A6,X,11.1,8.3,9.8,29,225
JAGUAR,'XJ R-SPORT AWD',FULL-SIZE,3,6,AS8,Z,14,9,11.8,24,276
MERCEDES-BENZ,'AMG SL 65',TWO-SEATER,6,12,AS7,Z,16.7,11.2,14.2,20,335
GENESIS,'G80 AWD',FULL-SIZE,5,8,AS8,Z,15.6,10.4,13.2,21,312
BMW,'Z4 sDRIVE35i',TWO-SEATER,3,6,AM7,Z,13.7,10.1,12.1,23,278
LINCOLN,'MKT AWD','SUV - STANDARD',3.5,6,AS6,X,15.7,11.2,13.7,21,322
LINCOLN,'CONTINENTAL AWD',FULL-SIZE,3,6,AS6,X,14.4,9.7,12.3,23,288
VOLKSWAGEN,GOLF,COMPACT,1.8,4,AS6,X,9.3,6.5,8.1,35,189
SUBARU,'FORESTER AWD','SUV - SMALL',2.5,4,M6,X,10.6,8.4,9.6,29,227
VOLVO,'S90 T5 AWD',MID-SIZE,2,4,AS8,Z,10.6,7.4,9.2,31,215
MERCEDES-BENZ,'C 300 4MATIC FFV',COMPACT,3.5,6,AS7,E,16.4,11.1,14,20,224
JAGUAR,'F-TYPE S COUPE',TWO-SEATER,3,6,AS8,Z,12.4,8.8,10.8,26,253
MERCEDES-BENZ,'AMG GT R Coupe',TWO-SEATER,4,8,AM7,Z,15.9,11.8,14,20,327
ACURA,'RDX AWD','SUV - SMALL',3.5,6,AS6,Z,12.4,8.7,10.7,26,250
FORD,MUSTANG,SUBCOMPACT,5,8,M6,X,15.5,9.5,12.8,22,300
KIA,CADENZA,FULL-SIZE,3.3,6,AS8,X,11.5,8.5,10.2,28,237
CHRYSLER,'TOWN & COUNTRY FFV',MINIVAN,3.6,6,A6,X,14.1,9.5,12,24,276
CHEVROLET,TRAVERSE,'SUV - STANDARD',2,4,A9,Z,11.7,9,10.5,27,246
BMW,'320i SEDAN',COMPACT,2,4,AS8,Z,10,6.5,8.4,34,193
JEEP,'NEW WRANGLER UNLIMITED 4X4','SUV - SMALL',3.6,6,A8,X,12.9,10.2,11.7,24,275
MERCEDES-BENZ,'Maybach S 650',FULL-SIZE,6,12,A7,Z,18.4,11.1,15.1,19,355
BMW,'M4 Cabriolet',SUBCOMPACT,3,6,M6,Z,13.8,9.4,11.9,24,280
LEXUS,'NX 200t AWD','SUV - SMALL',2,4,AS6,Z,10.6,8.4,9.6,29,225
CHEVROLET,MALIBU,MID-SIZE,1.5,4,A6,X,8.8,6.5,7.8,36,181
AUDI,'A7 quattro',MID-SIZE,3,6,AM7,Z,10.9,8.2,9.7,29,226
CHEVROLET,MALIBU,MID-SIZE,1.5,4,A6,X,8.8,6.5,7.8,36,181
TOYOTA,'TACOMA 4WD D-CAB OFF-ROAD','PICKUP TRUCK - SMALL',3.5,6,M6,X,13.8,11.7,12.9,22,300
MINI,'COOPER CONVERTIBLE',MINICOMPACT,1.6,4,M6,Z,8.6,6.8,7.8,36,179
FORD,'F-150 FFV 4X4','PICKUP TRUCK - STANDARD',3.3,6,AS6,E,17.6,13.7,15.8,18,263
JAGUAR,'F-TYPE Coupe',TWO-SEATER,3,6,M6,Z,14.9,9.8,12.6,22,296
VOLKSWAGEN,'GOLF R',COMPACT,2,4,M6,Z,11.1,8.1,9.8,29,227
TOYOTA,Corolla,MID-SIZE,1.8,4,AV,X,8.3,6.5,7.5,38,174
GMC,'YUKON XL','SUV - STANDARD',5.3,8,A6,X,15.1,10.4,13,22,305
DODGE,'JOURNEY AWD','SUV - SMALL',3.6,6,A6,X,14.5,9.9,12.4,23,285
GMC,'SIERRA FFV','PICKUP TRUCK - STANDARD',4.3,6,A6,X,13.5,10,11.9,24,280
LEXUS,'RX 450h AWD','SUV - STANDARD',3.5,6,AV6,Z,7.5,8.4,7.9,36,185
MITSUBISHI,'OUTLANDER 4WD','SUV - SMALL',3,6,AS6,Z,11.5,8.5,10.2,28,235
GMC,ACADIA,'SUV - STANDARD',3.6,6,A6,X,14.3,9.9,12.3,23,283
VOLKSWAGEN,GOLF,COMPACT,1.8,4,M5,X,9.3,6.4,8,35,187
GMC,'SIERRA FFV','PICKUP TRUCK - STANDARD',4.3,6,A6,E,19.3,14.3,17.1,17,284
MITSUBISHI,'MIRAGE G4',COMPACT,1.2,3,M5,X,7.2,5.9,6.6,43,155
INFINITI,'QX60 HYBRID AWD','SUV - STANDARD',2.5,4,AV7,X,8.9,8.4,8.7,32,200
NISSAN,JUKE,'STATION WAGON - SMALL',1.6,4,M6,X,8.4,6.9,7.7,37,177
PORSCHE,'PANAMERA TURBO ST',FULL-SIZE,4,8,AM8,Z,13.4,10.1,11.9,24,279
MINI,'COOPER S 5 DOOR',SUBCOMPACT,2,4,M6,Z,10.2,7.3,8.9,32,210
RAM,'1500 4X4 FFV','PICKUP TRUCK - STANDARD',3.6,6,A8,E,20.7,14.7,18,16,300
SUBARU,'BRZ tS',MINICOMPACT,2,4,M6,Z,11.6,8.6,10.2,28,239
PORSCHE,Cayenne,'SUV - STANDARD',3,6,AS8,Z,12.5,10,11.4,25,265
GMC,'SIERRA 4WD','PICKUP TRUCK - STANDARD',5.3,8,A6,X,15,10.7,13.1,22,307
KIA,CADENZA,FULL-SIZE,3.3,6,AS8,X,11.5,8.5,10.2,28,237
FORD,MUSTANG,SUBCOMPACT,3.7,6,M6,X,13.5,8.3,11.2,25,258
MERCEDES-BENZ,'S 550 4MATIC LWB',FULL-SIZE,4.7,8,AS7,Z,14.3,9.5,12.1,23,278
CHEVROLET,'EXPRESS 2500 PASSENGER FFV','VAN - PASSENGER',6,8,A6,E,30.3,20.5,25.9,11,414
ACURA,'TL AWD',MID-SIZE,3.7,6,AS6,Z,12.8,9,11.1,25,255
BUICK,'Regal AWD',MID-SIZE,3.6,6,AS9,X,12.4,8.7,10.7,26,251
VOLKSWAGEN,'Golf SportWagen','STATION WAGON - SMALL',1.4,4,AS8,X,8.6,6.5,7.6,37,178
AUDI,'TT ROADSTER QUATTRO',TWO-SEATER,2,4,AM6,X,10.1,7.8,9.1,31,209
CADILLAC,'XT5 AWD','SUV - SMALL',3.6,6,AS8,X,12.8,9.3,11.2,25,263
HONDA,'PILOT AWD','SUV - SMALL',3.5,6,A6,X,13,9.3,11.3,25,266
JAGUAR,'XE 35t AWD',COMPACT,3,6,AS8,Z,11.8,8.2,10.2,28,238
NISSAN,Murano,'STATION WAGON - MID-SIZE',3.5,6,AV7,X,11.7,8.3,10.2,28,240
FORD,'F-150 FFV 4X4','PICKUP TRUCK - STANDARD',5,8,AS10,E,20.3,14.7,17.8,16,296
'LAND ROVER','RANGE ROVER V8 5.0 SC FFV','SUV - STANDARD',5,8,AS8,Z,17.2,12.5,15.1,19,347
FORD,Mustang,SUBCOMPACT,5,8,M6,X,16.1,9.9,13.3,21,311
CHEVROLET,'Blazer AWD','SUV - SMALL',3.6,6,A9,X,13.1,9.4,11.4,25,269
VOLVO,'S60 T6 AWD',COMPACT,2,4,AS8,Z,11.1,7.3,9.4,30,218
FORD,'F-150 FFV 4X4 (Payload Pkg)','PICKUP TRUCK - STANDARD',5,8,AS10,X,16.8,12.4,14.8,19,347
JAGUAR,'E-PACE P250','SUV - SMALL',2,4,AS9,Z,11,8.4,9.8,29,231
MERCEDES-BENZ,'C 300 4MATIC FFV',COMPACT,3.5,6,AS7,E,16.4,11.1,14,20,224
MAZDA,'MAZDA3 4-DOOR (i-ELOOP)',COMPACT,2.5,4,AS6,X,8.5,6.4,7.6,37,176
JAGUAR,'F-TYPE Coupe',TWO-SEATER,3,6,M6,Z,14.9,9.8,12.6,22,296
AUDI,'S8 QUATTRO',MID-SIZE,4,8,AS8,Z,15.7,9.4,12.8,22,300
GMC,Canyon,'PICKUP TRUCK - SMALL',2.8,4,A6,D,11.8,7.9,10.1,28,270
DODGE,'CHARGER AWD (MDS)',FULL-SIZE,5.7,8,A5,X,16.1,10,13.4,21,313
JAGUAR,'F-TYPE CONVERTIBLE',TWO-SEATER,3,6,M6,Z,14.9,9.8,12.6,22,296
'ALFA ROMEO',4C,TWO-SEATER,1.8,4,AM6,Z,9.7,6.9,8.4,34,197
FORD,'F-150 FFV (Payload Pkg)','PICKUP TRUCK - STANDARD',5,8,AS6,X,16.8,11.8,14.5,19,340
NISSAN,'370Z ROADSTER',TWO-SEATER,3.7,6,M6,Z,13.6,9.7,11.8,24,278
CHEVROLET,EQUINOX,'SUV - SMALL',1.6,4,A6,D,8.5,6,7.4,38,198
JEEP,COMPASS,'SUV - SMALL',2.4,4,A6,X,11.2,8.6,10,28,235
BMW,'X4 xDrive30i','SUV - SMALL',2,4,AS8,Z,10.8,8,9.6,29,223
LINCOLN,'MKT LIVERY','SPECIAL PURPOSE VEHICLE',2,4,AS6,X,11.5,8.5,10.2,28,235
PORSCHE,Macan,'SUV - SMALL',2,4,AM7,Z,12.2,10.2,11.3,25,264
FORD,F-150,'PICKUP TRUCK - STANDARD',2.7,6,AS6,X,12.2,9.3,10.9,26,256
SCION,FR-S,MINICOMPACT,2,4,M6,Z,10.9,7.9,9.6,29,224
RAM,'CARGO VAN FFV',MINIVAN,3.6,6,A6,X,13.3,9.1,11.4,25,262
CHEVROLET,'SILVERADO 4WD','PICKUP TRUCK - STANDARD',5.3,8,A6,E,19.9,14.2,17.3,16,277
GMC,'TERRAIN AWD','SUV - SMALL',2,4,A9,Z,11.2,9,10.2,28,239
NISSAN,FRONTIER,'PICKUP TRUCK - SMALL',2.5,4,A5,X,13.5,10.5,12.2,23,286
PORSCHE,Boxster,TWO-SEATER,2,4,AM7,Z,10.5,8,9.4,30,219
CADILLAC,ATS-V,COMPACT,3.6,6,M6,Z,14.2,10.2,12.4,23,289
RAM,'CARGO VAN FFV',MINIVAN,3.6,6,A6,X,13.3,9.1,11.4,25,262
BMW,'430i xDRIVE CABRIOLET',SUBCOMPACT,2,4,AS8,Z,10.7,7.3,9.1,31,214
FORD,'EDGE AWD','SUV - SMALL',2,4,AS6,X,11.9,8.6,10.4,27,244
GMC,'SIERRA FFV','PICKUP TRUCK - STANDARD',5.3,8,A6,X,14.6,10.4,12.7,22,298
BENTLEY,'CONTINENTAL GT CONVERTIBLE',SUBCOMPACT,6,12,AS8,Z,19.6,11.7,16,18,375
HONDA,'CIVIC COUPE',COMPACT,1.5,4,AV,X,7.5,5.6,6.7,42,155
JEEP,'CHEROKEE 4X4 FFV','SUV - SMALL',2.4,4,A9,E,15.9,11,13.7,21,226
CHEVROLET,'EQUINOX AWD','SUV - SMALL',1.6,4,A6,D,8.5,6.1,7.4,38,198
DODGE,'CHARGER SRT (MDS)',FULL-SIZE,6.4,8,A5,Z,16.7,10.3,13.8,20,317
MERCEDES-BENZ,'AMG GT ROADSTER',TWO-SEATER,4,8,AM7,Z,14.7,11,13,22,304
KIA,'SPORTAGE AWD','SUV - SMALL',2.4,4,A6,X,12,9.1,10.7,26,246
AUDI,'A7 quattro',MID-SIZE,3,6,AM7,Z,10.9,8.2,9.7,29,226
MINI,'COOPER 3 DOOR',SUBCOMPACT,1.5,3,AS6,Z,8.8,6.8,7.9,36,184
MERCEDES-BENZ,'CLS 400 4MATIC',COMPACT,3,6,AS7,Z,12.2,8.8,10.7,26,252
GMC,Acadia,'SUV - STANDARD',3.6,6,A6,X,13.1,9.4,11.4,25,268
HYUNDAI,'TUCSON 4WD','SUV - SMALL',2,4,A6,X,11.4,9.3,10.5,27,242
GMC,'YUKON XL 4WD','SUV - STANDARD',6.2,8,A8,Z,16.4,11.7,14.3,20,334
GMC,'YUKON 4WD','SUV - STANDARD',5.3,8,A6,X,15.1,10.4,13,22,299
TOYOTA,'TACOMA 4WD','PICKUP TRUCK - SMALL',4,6,A5,X,14.8,11.6,13.4,21,308
CHEVROLET,'Equinox AWD','SUV - SMALL',1.5,4,A6,X,9.3,7.8,8.6,33,207
FORD,'F-150 4X4 (Payload Pkg)','PICKUP TRUCK - STANDARD',3.5,6,AS10,X,14.7,11.2,13.1,22,308
CHEVROLET,'SONIC 5 RS','STATION WAGON - SMALL',1.4,4,M6,X,8.9,7,8,35,189
MERCEDES-BENZ,'AMG C 63 CABRIOLET',SUBCOMPACT,4,8,A7,Z,14,10.4,12.4,23,291
MERCEDES-BENZ,'METRIS CARGO','SPECIAL PURPOSE VEHICLE',2,4,A7,Z,11.5,9.8,10.7,26,251
MINI,'COOPER CONVERTIBLE',MINICOMPACT,1.6,4,M6,Z,8.6,6.8,7.8,36,179
ACURA,'RLX HYBRID',MID-SIZE,3.5,6,AM7,Z,8.4,8.2,8.4,34,196
HONDA,Accord,FULL-SIZE,1.5,4,AV,X,7.9,6.3,7.2,39,168
CHEVROLET,'SILVERADO 4WD FFV','PICKUP TRUCK - STANDARD',4.3,6,A6,X,14.1,10.6,12.5,23,294
VOLKSWAGEN,'GOLF SPORTWAGON TDI (modified)','STATION WAGON - SMALL',2,4,M6,D,7.6,5.5,6.7,42,179
NISSAN,'PATHFINDER 4WD','SUV - SMALL',3.5,6,AV,X,12.1,8.9,10.7,26,250
SUBARU,'Outback AWD','SUV - SMALL',2.4,4,AV8,X,10.1,7.9,9.1,31,213
BMW,'X1 xDRIVE28i','SUV - SMALL',2,4,AS8,Z,10.7,7.4,9.2,31,215
JEEP,COMPASS,'SUV - SMALL',2.4,4,A6,X,11.2,8.6,10,28,235
CHEVROLET,EQUINOX,'SUV - SMALL',1.6,4,A6,D,8.5,6,7.4,38,198
HONDA,CR-Z,TWO-SEATER,1.5,4,M6,X,7.6,6.1,6.9,41,159
FORD,'T-150 Wagon FFV 4WD','VAN - PASSENGER',3.5,6,AS10,X,16.7,12.8,15,19,352
LEXUS,'NX 200t AWD','SUV - SMALL',2,4,AS6,Z,10.6,8.4,9.6,29,225
MERCEDES-BENZ,'AMG GT ROADSTER',TWO-SEATER,4,8,AM7,Z,14.7,11,13,22,304
FORD,'EXPEDITION 4X4','SUV - STANDARD',3.5,6,AS6,X,15.9,12,14.2,20,333
MASERATI,'GHIBLI AWD',MID-SIZE,3,6,AS8,Z,15.2,9.6,12.7,22,292
PORSCHE,'911 CARRERA 4',MINICOMPACT,3.4,6,AM7,Z,11.6,8.5,10.2,28,235
VOLKSWAGEN,BEETLE,COMPACT,1.8,4,M5,X,9.9,7.2,8.7,32,200
CADILLAC,ATS,COMPACT,2,4,AS8,Z,10.5,7.7,9.2,31,216
BUICK,VERANO,COMPACT,2,4,AS6,Z,11.4,7.9,9.8,29,231
GMC,'YUKON 4WD','SUV - STANDARD',5.3,8,A6,E,20.5,14,17.6,16,282
FORD,'TAURUS AWD',FULL-SIZE,3.5,6,AS6,X,13.9,9.5,11.9,24,274
CHEVROLET,TRAX,'SUV - SMALL',1.4,4,AS6,X,9.4,7.1,8.4,34,193
MAZDA,'MAZDA3 4-DOOR',COMPACT,2.5,4,AS6,X,8.4,6.1,7.4,38,173
CHEVROLET,'SUBURBAN 4WD','SUV - STANDARD',5.3,8,A6,X,15.4,10.8,13.3,21,312
HONDA,'Civic Coupe',COMPACT,2,4,AV,X,7.8,6.1,7.1,40,164
AUDI,'A5 QUATTRO',SUBCOMPACT,2,4,M6,Z,10.6,7.3,9.1,31,209
PORSCHE,'911 CARRERA S',MINICOMPACT,3.8,6,AM7,Z,11.9,8.7,10.5,27,245
GMC,'YUKON 4WD','SUV - STANDARD',5.3,8,A6,X,15.2,10.8,13.2,21,310
JEEP,'Wrangler JL 4X4','SUV - SMALL',2,4,A8,X,10.5,9.4,10,28,233
BMW,'X4 xDrive30i','SUV - SMALL',2,4,AS8,Z,10.8,8,9.6,29,223
PORSCHE,'911 Carrera S Cabriolet',MINICOMPACT,3,6,AM8,Z,12.7,10.2,11.6,24,272
CHRYSLER,'200 SEDAN FFV',MID-SIZE,3.6,6,A6,X,12.5,8.1,10.5,27,242
'ASTON MARTIN','Vantage V8',TWO-SEATER,4,8,M7,Z,16.7,11.2,14.2,20,333
LINCOLN,'Nautilus AWD','SUV - SMALL',2,4,AS8,X,12,9.6,10.7,26,250
PORSCHE,Macan,'SUV - SMALL',2,4,AM7,Z,12.2,10.2,11.3,25,264
JEEP,'CHEROKEE 4X4 FFV','SUV - SMALL',2.4,4,A9,E,15.9,11,13.7,21,226
MINI,'COOPER S 3 DOOR',SUBCOMPACT,2,4,M6,Z,10.3,7.4,9,31,210
BUICK,Enclave,'SUV - STANDARD',3.6,6,A9,X,13,9.1,11.2,25,263
FORD,'TAURUS AWD',FULL-SIZE,3.5,6,AS6,X,13.9,9.5,11.9,24,274
FORD,'ESCAPE AWD','SUV - SMALL',1.5,4,AS6,X,10.7,8.3,9.6,29,226
JAGUAR,'F-TYPE Coupe',TWO-SEATER,3,6,M6,Z,14.9,9.8,12.6,22,296
HONDA,ACCORD,MID-SIZE,3.5,6,AS6,X,11.4,7.3,9.6,29,221
BMW,320i,COMPACT,2,4,AS8,Z,10,6.5,8.4,34,200
DODGE,DART,MID-SIZE,2.4,4,A6,X,10.1,6.8,8.6,33,202
MERCEDES-BENZ,'AMG GT R Coupe',TWO-SEATER,4,8,AM7,Z,15.9,11.8,14,20,327
MERCEDES-BENZ,'AMG GLE 43 4MATIC','SUV - STANDARD',3,6,A9,Z,13.6,10.1,12,24,281
NISSAN,Maxima,MID-SIZE,3.5,6,AV7,Z,11.6,7.9,9.9,29,233
BMW,M2,SUBCOMPACT,3,6,M6,Z,13.1,9.2,11.4,25,267
CHEVROLET,'SILVERADO 4WD','PICKUP TRUCK - STANDARD',6.2,8,A8,Z,16,11.7,14.1,20,330
CADILLAC,'XTS Vsport AWD',FULL-SIZE,3.6,6,AS6,Z,15,10.2,12.8,22,302
VOLKSWAGEN,TIGUAN,'SUV - SMALL',2,4,M6,Z,13,9,11.2,25,259
FORD,'TAURUS FFV AWD',FULL-SIZE,3.5,6,AS6,E,18.4,12.5,15.7,18,251
CADILLAC,'XT5 AWD','SUV - SMALL',3.6,6,AS8,X,12.8,9.3,11.2,25,263
GMC,'ACADIA AWD','SUV - STANDARD',3.6,6,A6,X,16.1,10.8,13.7,21,323
LEXUS,'ES 300h',MID-SIZE,2.5,4,AS6,X,5.5,5.2,5.3,53,124
GMC,'YUKON 4WD','SUV - STANDARD',6.2,8,A10,Z,16.4,10.7,13.8,20,325
NISSAN,'Rogue AWD','SUV - SMALL',2.5,4,AV,X,9.6,7.5,8.7,32,204
PORSCHE,'CAYENNE PLATINUM','SUV - STANDARD',3.6,6,A8,Z,13.6,10.2,12.1,23,281
LEXUS,'GS 350 AWD',MID-SIZE,3.5,6,AS6,Z,12.3,9.1,10.9,26,254
PORSCHE,'911 CARRERA S',MINICOMPACT,3.8,6,AM7,Z,11.9,8.7,10.5,27,245
KIA,'Sportage AWD','SUV - SMALL',2.4,4,AS6,X,10.8,9.1,10,28,239
JEEP,'GRAND CHEROKEE 4X4','SUV - STANDARD',5.7,8,A8,X,16.6,10.7,14,20,328
BMW,'435i xDRIVE COUPE',COMPACT,3,6,AS8,Z,12,7.9,10.2,28,238
FORD,MUSTANG,SUBCOMPACT,3.7,6,M6,X,13.6,8.4,11.2,25,264
LEXUS,'GS 350 AWD',MID-SIZE,3.5,6,AS6,Z,12.3,9.1,10.9,26,254
MAZDA,'MAZDA6 (i-ELOOP)',MID-SIZE,2.5,4,AS6,X,8.4,5.9,7.3,39,168
CADILLAC,ATS,COMPACT,2.5,4,AS6,X,11.1,7.2,9.3,30,214
FORD,'ESCAPE AWD','SUV - SMALL',1.5,4,AS6,X,10.7,8.3,9.6,29,226
CHEVROLET,Trax,'SUV - SMALL',1.4,4,AS6,X,9.1,7.6,8.4,34,196
FORD,'FLEX AWD (EcoBoost)','SUV - STANDARD',3.5,6,AS6,X,14.6,10.4,12.8,22,294
BMW,M2,SUBCOMPACT,3,6,M6,Z,13.1,9.2,11.4,25,267
VOLKSWAGEN,'TIGUAN 4MOTION','SUV - SMALL',2,4,AS8,X,11.3,8.8,10.2,28,237
LEXUS,'RX 350 AWD','SUV - SMALL',3.5,6,AS8,X,12.2,8.9,10.7,26,251
'LAND ROVER',LR4,'SUV - STANDARD',3,6,AS8,Z,16.2,12.1,14.3,20,336
BUICK,'LACROSSE AWD',MID-SIZE,3.6,6,AS8,X,11.6,8.1,10,28,235
MERCEDES-BENZ,'AMG S 65 Coupe',COMPACT,6,12,A9,Z,17.6,11,14.6,19,343
DODGE,'CHARGER AWD FFV',FULL-SIZE,3.6,6,A8,E,17.6,12,15,19,248
MINI,'Cooper 5 Door',SUBCOMPACT,1.5,3,M6,Z,8.4,6.3,7.5,38,175
MASERATI,'Ghibli SQ4',MID-SIZE,3,6,AS8,Z,14.7,9.9,12.6,22,295
MERCEDES-BENZ,'AMG S 65',FULL-SIZE,6,12,AS7,Z,17.6,10.9,14.6,19,349
TOYOTA,HIGHLANDER,'SUV - SMALL',3.5,6,AS6,X,12.5,9.3,11.1,25,260
DODGE,'Durango AWD','SUV - STANDARD',3.6,6,A8,X,12.7,9.6,11.3,25,265
INFINITI,'Q70 AWD',MID-SIZE,3.7,6,AS7,Z,13.2,9.6,11.6,24,267
AUDI,SQ5,'SUV - SMALL',3,6,AS8,Z,12.7,10,11.5,25,270
NISSAN,Maxima,MID-SIZE,3.5,6,AV7,Z,11.6,7.9,9.9,29,233
CHEVROLET,'Blazer AWD','SUV - SMALL',3.6,6,A9,X,13.1,9.4,11.4,25,269
CADILLAC,'XT5 AWD','SUV - SMALL',3.6,6,AS8,X,12.8,9.3,11.2,25,263
MERCEDES-BENZ,'ML 350 BLUETEC 4MATIC','SUV - STANDARD',3,6,AS7,D,11.8,8.5,10.3,27,278
MERCEDES-BENZ,'GLC 300 4MATIC','SUV - SMALL',2,4,A9,Z,11,8.7,10,28,234
MINI,'COOPER S CLUBMAN',MID-SIZE,2,4,M6,Z,10.8,7.7,9.4,30,220
SUBARU,BRZ,MINICOMPACT,2,4,AS6,Z,9.7,7.2,8.6,33,200
RAM,'1500 4X4 FFV','PICKUP TRUCK - STANDARD',3.6,6,A8,E,20.7,14.7,18,16,300
AUDI,'TT Roadster quattro',TWO-SEATER,2,4,AM7,X,10.3,7.7,9.2,31,213
MERCEDES-BENZ,'AMG GLE 63 S COUPE 4MATIC','SUV - STANDARD',5.5,8,AS7,Z,17.2,12.8,15.2,19,363
GMC,Canyon,'PICKUP TRUCK - SMALL',2.5,4,M6,X,11.9,9.2,10.7,26,251
PORSCHE,'Macan S','SUV - SMALL',3,6,AM7,Z,12.9,10.2,11.7,24,272
AUDI,S4,COMPACT,3,6,AS8,Z,11.8,8.9,10.5,27,245
TOYOTA,'HIGHLANDER HYBRID AWD','SUV - STANDARD',3.5,6,AV6,X,8,8.6,8.3,34,191
PORSCHE,Macan,'SUV - SMALL',2,4,AM7,Z,12.2,10.2,11.3,25,264
MERCEDES-BENZ,'Maybach S 650',FULL-SIZE,6,12,A7,Z,18.4,11.1,15.1,19,355
LEXUS,'GS 200t',MID-SIZE,2,4,AS8,Z,10.6,7.2,9,31,212
BENTLEY,'Continental GT',COMPACT,6,12,AM8,Z,19,11.6,15.7,18,364
VOLVO,'S60 T6 AWD',COMPACT,2,4,AS8,Z,11.1,7.3,9.4,30,218
HONDA,'HR-V AWD','STATION WAGON - SMALL',1.8,4,AV7,X,8.9,7.5,8.2,34,194
MINI,'JOHN COOPER WORKS COUPE',TWO-SEATER,1.6,4,M6,Z,9.1,6.7,8,35,184
BMW,'M235i xDRIVE CABRIOLET',SUBCOMPACT,3,6,AS8,Z,12,7.9,10.2,28,238
GMC,'YUKON 4WD','SUV - STANDARD',5.3,8,A6,E,20.5,14,17.6,16,282
MINI,'COOPER 5 DOOR',SUBCOMPACT,1.5,3,AS6,Z,8.5,6.3,7.5,38,172
FORD,'Fusion Hybrid',MID-SIZE,2,4,AV,X,5.5,5.6,5.6,50,131
FORD,'Mustang Convertible',SUBCOMPACT,5,8,AS10,X,15.4,9.7,12.9,22,302
RAM,'CARGO VAN FFV',MINIVAN,3.6,6,A6,X,13.3,9.1,11.4,25,262
NISSAN,MAXIMA,MID-SIZE,3.5,6,AV7,Z,11.1,7.8,9.6,29,225
BMW,'750Li xDRIVE',FULL-SIZE,4.4,8,A8,Z,15,9.8,12.7,22,292
CADILLAC,'CTS SEDAN Vsport',MID-SIZE,3.6,6,AS8,Z,15.1,9.9,12.8,22,294
CHEVROLET,'IMPALA FFV',FULL-SIZE,3.6,6,AS6,X,12.5,8.2,10.6,27,248
BMW,'X3 xDRIVE35i','SUV - SMALL',3,6,AS8,Z,12.7,8.8,10.9,26,257
'ALFA ROMEO','STELVIO AWD','SUV - SMALL',2,4,A8,Z,10.8,8.3,9.6,29,226
MERCEDES-BENZ,'AMG GLE 43 4MATIC','SUV - STANDARD',3,6,A9,Z,13.6,10.1,12,24,281
'LAND ROVER',LR4,'SUV - STANDARD',3,6,AS8,Z,16.2,12.1,14.3,20,336
MAZDA,MAZDA6,MID-SIZE,2.5,4,M6,X,9.4,6.4,8.1,35,186
RAM,'1500 (MDS)','PICKUP TRUCK - STANDARD',5.7,8,A8,X,15.7,10.9,13.6,21,313
MERCEDES-BENZ,'B 250',MID-SIZE,2,4,AS7,Z,9.2,6.6,8,35,188
BMW,'435i xDRIVE COUPE',COMPACT,3,6,AS8,Z,12,7.9,10.2,28,238
TOYOTA,'SIENNA AWD',MINIVAN,3.5,6,AS8,X,13.4,9.6,11.7,24,274
LAMBORGHINI,'Huracan Performante Coupe',TWO-SEATER,5.2,10,AM7,Z,17.9,13,15.7,18,370
AUDI,'A3 QUATTRO',SUBCOMPACT,2,4,AM6,X,9.7,7.5,8.7,32,205
KIA,'Sportage AWD','SUV - SMALL',2.4,4,AS6,X,10.8,9.1,10,28,239
MERCEDES-BENZ,'G 63 AMG','SUV - STANDARD',5.5,8,AS7,Z,20,16.6,18.5,15,426
CHEVROLET,SILVERADO,'PICKUP TRUCK - STANDARD',5.3,8,A6,E,19.9,13.8,17.2,16,275
GMC,Canyon,'PICKUP TRUCK - SMALL',3.6,6,A8,X,13.4,9.6,11.7,24,273
CHRYSLER,'300 AWD FFV',FULL-SIZE,3.6,6,A8,E,17.6,12,15,19,248
CHEVROLET,'CITY EXPRESS','SPECIAL PURPOSE VEHICLE',2,4,AV,X,9.8,9,9.4,30,220
FORD,'F-150 FFV 4X4 (Payload Pkg)','PICKUP TRUCK - STANDARD',5,8,AS6,X,16.8,12.4,14.8,19,347
SUBARU,'XV CROSSTREK AWD','SUV - SMALL',2,4,AV6,X,9.1,7,8.1,35,191
BMW,'M4 Coupe Competition',COMPACT,3,6,AM7,Z,14.3,10.4,12.6,22,294
FORD,'F-150 4X4 (LT Tire Pkg)','PICKUP TRUCK - STANDARD',3,6,AS10,D,11.8,9.3,10.7,26,287
SUBARU,'Forester AWD','SUV - SMALL',2.5,4,AV7,X,9,7.2,8.2,34,192
MINI,'COOPER S CLUBMAN ALL4',MID-SIZE,2,4,M6,Z,11.4,7.8,9.7,29,227
VOLKSWAGEN,CC,COMPACT,2,4,M6,Z,11.6,7.7,9.8,29,225
FORD,'Transit Connect Wagon LWB FFV','SPECIAL PURPOSE VEHICLE',2,4,AS8,E,13.7,11.1,12.5,23,208
HONDA,'CIVIC SEDAN',MID-SIZE,1.5,4,AV,X,7.4,5.6,6.6,43,153
JEEP,COMPASS,'SUV - SMALL',2.4,4,A6,X,11.1,8.3,9.8,29,225
AUDI,'A5 QUATTRO',SUBCOMPACT,2,4,M6,Z,10.6,7.3,9.1,31,209
FORD,'Shelby GT350 Mustang',SUBCOMPACT,5.2,8,M6,Z,17.1,11.4,14.5,19,342
MINI,'COOPER 5 DOOR',SUBCOMPACT,1.5,3,AS6,Z,8.7,6.8,7.9,36,184
GMC,'Yukon XL FFV','SUV - STANDARD',5.3,8,A6,E,21.2,13.9,17.9,16,298
GMC,'TERRAIN FFV','SUV - SMALL',2.4,4,A6,E,15.6,10.8,13.4,21,214
HONDA,CIVIC,COMPACT,1.8,4,AV7,X,8.1,6.2,7.2,39,166
AUDI,'TT ROADSTER QUATTRO',TWO-SEATER,2,4,AM6,X,10.1,7.8,9.1,31,209
LEXUS,'RX 350 AWD','SUV - SMALL',3.5,6,AS8,X,12.2,8.9,10.7,26,251
BMW,'M8 Cabriolet Competition',SUBCOMPACT,4.4,8,AS8,Z,16,11,13.8,20,322
BMW,'X6 M','SUV - STANDARD',4.4,8,AS8,Z,16.6,12.1,14.6,19,341
MERCEDES-BENZ,'AMG C 63 S',COMPACT,4,8,AS7,Z,13.4,9.6,11.7,24,273
'LAND ROVER','RANGE ROVER V8 5.0 SC FFV','SUV - STANDARD',5,8,AS8,Z,17.2,12.5,15.1,19,347
HYUNDAI,Palisade,'SUV - STANDARD',3.8,6,AS8,X,11.9,8.8,10.5,27,250
AUDI,'A5 QUATTRO',SUBCOMPACT,2,4,AM7,Z,10,7,8.7,32,203
FORD,'F-150 FFV','PICKUP TRUCK - STANDARD',5,8,AS6,E,22.1,16.7,19.7,14,315
'ALFA ROMEO','Giulia Quadrifoglio',MID-SIZE,2.9,6,A8,Z,13.5,9.3,11.6,24,271
GMC,Acadia,'SUV - STANDARD',2.5,4,A9,X,11.3,8.9,10.2,28,238
FORD,'FLEX AWD (EcoBoost)','SUV - STANDARD',3.5,6,AS6,X,14.6,10.4,12.8,22,294
CHEVROLET,TRAVERSE,'SUV - STANDARD',2,4,A9,Z,11.7,9,10.5,27,246
TOYOTA,CAMRY,MID-SIZE,2.5,4,AS8,X,8.1,5.7,6.9,41,164
MASERATI,'QUATTROPORTE GTS',FULL-SIZE,3.8,8,AS8,Z,17.6,10.7,14.5,19,334
VOLVO,'S80 T5',MID-SIZE,2,4,AS8,X,9.8,6.6,8.4,34,193
PORSCHE,'911 CARRERA S CABRIOLET',MINICOMPACT,3,6,M7,Z,12.1,8.3,10.4,27,243
AUDI,A3,SUBCOMPACT,2,4,AM7,X,9.1,6.8,8,35,188
MAZDA,'MAZDA3 5-DOOR (SIL)',MID-SIZE,2.5,4,M6,X,9.2,6.6,8.1,35,190
FORD,F-150,'PICKUP TRUCK - STANDARD',2.7,6,AS10,X,12,8.9,10.6,27,249
DODGE,'CHALLENGER SRT (MDS)',MID-SIZE,6.4,8,A8,Z,15.7,9.5,12.9,22,302
PORSCHE,'911 CARRERA CABRIOLET',MINICOMPACT,3.4,6,AM7,Z,11.5,8.3,10.1,28,232
PORSCHE,'911 GT3RS',TWO-SEATER,4,6,AM7,Z,16.3,11.8,14.3,20,334
JAGUAR,'XE 20d AWD',COMPACT,2,4,AS8,D,7.8,5.8,6.9,41,186
INFINITI,'Q60 AWD COUPE',SUBCOMPACT,3.7,6,AS7,Z,13.3,9.4,11.5,25,265
BMW,'ALPINA B7 xDRIVE SWB',FULL-SIZE,4.4,8,A8,Z,15,9.8,12.7,22,292
GMC,'SIERRA FFV','PICKUP TRUCK - STANDARD',5.3,8,A6,E,19.7,13.9,17.1,17,284
CHEVROLET,'EQUINOX AWD','SUV - SMALL',1.6,4,A6,D,8.5,6.1,7.4,38,198
VOLKSWAGEN,'GOLF SPORTWAGEN 4MOTION','STATION WAGON - SMALL',1.8,4,M6,X,10.8,7.6,9.3,30,218
NISSAN,'370Z ROADSTER',TWO-SEATER,3.7,6,M6,Z,13.6,9.7,11.8,24,278
AUDI,A4,COMPACT,2,4,AM7,Z,8.6,6.4,7.6,37,177
SCION,tC,COMPACT,2.5,4,AS6,X,10.2,7.5,9,31,207
TOYOTA,'RAV4 AWD','SUV - SMALL',2.5,4,AS8,X,9.2,7.1,8.2,34,194
FORD,FUSION,MID-SIZE,2.5,4,AS6,X,10.5,6.9,8.9,32,209
PORSCHE,'911 Carrera Cabriolet',MINICOMPACT,3,6,AM7,Z,10.8,8.3,9.7,29,227
VOLKSWAGEN,GOLF,COMPACT,1.8,4,AS6,X,9.3,6.5,8.1,35,189
TOYOTA,'COROLLA LE ECO (2-mode)',MID-SIZE,1.8,4,AV,X,8,6.3,7.2,39,168
MAZDA,'MAZDA3 5-DOOR',MID-SIZE,2,4,AS6,X,8,5.9,7.1,40,163
BUICK,LACROSSE,MID-SIZE,3.6,6,AS9,X,11.3,7.9,9.7,29,228
PORSCHE,'911 Carrera 4 Cabriolet',MINICOMPACT,3,6,M7,Z,12.2,8.5,10.5,27,246
VOLVO,'XC70 T5','SUV - SMALL',2,4,AS8,X,10.3,7.6,9.1,31,213
AUDI,S4,COMPACT,3,6,AS8,Z,11.3,8,9.8,29,230
GMC,'ACADIA AWD','SUV - STANDARD',3.6,6,A6,X,16.1,10.8,13.7,21,323
NISSAN,MAXIMA,MID-SIZE,3.5,6,AV,Z,12.3,9.1,10.9,26,251
LINCOLN,MKZ,MID-SIZE,2,4,AS6,X,10.5,7,8.9,32,210
CADILLAC,'XTS Vsport AWD',FULL-SIZE,3.6,6,AS6,Z,15,10.2,12.8,22,302
CHEVROLET,CRUZE,MID-SIZE,1.8,4,AS6,X,10.5,6.8,8.8,32,202
BMW,'328d xDRIVE',COMPACT,2,4,AS8,D,7.8,5.9,7,40,184
BMW,'Z4 sDrive30i',TWO-SEATER,2,4,AS8,Z,9.5,7.4,8.5,33,200
HYUNDAI,'VELOSTER TURBO',COMPACT,1.6,4,M6,X,9.7,7.1,8.5,33,196
'ALFA ROMEO',4C,TWO-SEATER,1.8,4,AM6,Z,9.7,6.9,8.4,34,197
MITSUBISHI,RVR,'SUV - SMALL',2,4,M5,X,10.3,8,9.3,30,214
GENESIS,'G80 AWD',FULL-SIZE,5,8,AS8,Z,15.6,10.4,13.2,21,312
LAMBORGHINI,'Huracan Performante Coupe',TWO-SEATER,5.2,10,AM7,Z,17.9,13,15.7,18,370
CHEVROLET,'MALIBU LIMITED',MID-SIZE,2.5,4,AS6,X,10,7,8.6,33,202
BMW,'530i xDRIVE',MID-SIZE,2,4,AS8,Z,10.5,7.4,9.1,31,213
PORSCHE,'MACAN TURBO','SUV - SMALL',3.6,6,A7,Z,14.2,10.1,12.3,23,287
PORSCHE,'PANAMERA 4S EXECUTIVE',FULL-SIZE,3,6,AM7,Z,13.7,8.9,11.5,25,264
MITSUBISHI,'LANCER EVOLUTION',COMPACT,2,4,M5,Z,14,10.3,12.3,23,283
TOYOTA,'RAV4 AWD','SUV - SMALL',2.5,4,AS8,X,9.2,7.1,8.2,34,194
DODGE,'CHARGER SRT (MDS)',FULL-SIZE,6.4,8,A5,Z,16.7,10.3,13.8,20,317
JAGUAR,'XJR  LWB',FULL-SIZE,5,8,AS8,Z,15.8,10.3,13.3,21,313
NISSAN,'NV200 CARGO VAN','SPECIAL PURPOSE VEHICLE',2,4,AV,X,10,8.5,9.3,30,214
JEEP,'Grand Cherokee 4X4','SUV - STANDARD',5.7,8,A8,X,16.7,10.9,14.1,20,331
KIA,'FORTE 5',FULL-SIZE,2,4,M6,X,9.7,6.9,8.4,34,197
GMC,'Yukon XL 4WD','SUV - STANDARD',6.2,8,A10,Z,17.1,11.3,14.5,19,340
NISSAN,QUEST,MINIVAN,3.5,6,AV,X,12,8.7,10.5,27,242
RAM,'1500 4X4 eTorque','PICKUP TRUCK - STANDARD',5.7,8,A8,X,14.3,11.1,12.9,22,302
MERCEDES-BENZ,'AMG GT R Coupe',TWO-SEATER,4,8,AM7,Z,15.9,11.8,14,20,327
GMC,'SIERRA 4WD FFV','PICKUP TRUCK - STANDARD',5.3,8,A6,X,15,10.7,13.1,22,306
LINCOLN,'MKZ AWD',MID-SIZE,3.7,6,AS6,X,13.1,9.2,11.3,25,260
MERCEDES-BENZ,'B 250 4MATIC','STATION WAGON - SMALL',2,4,AM7,Z,10.3,7.8,9.1,31,215
TOYOTA,'SIENNA AWD',MINIVAN,3.5,6,AS8,X,13.4,9.6,11.7,24,274
CHEVROLET,'Equinox AWD','SUV - SMALL',1.5,4,A6,X,9.3,7.8,8.6,33,207
MERCEDES-BENZ,'G 63 AMG','SUV - STANDARD',5.5,8,AS7,Z,20,16.6,18.5,15,426
BMW,'750Li xDRIVE SEDAN',FULL-SIZE,4.4,8,AS8,Z,15.2,9.8,12.8,22,294
FIAT,'124 Spider',TWO-SEATER,1.4,4,M6,X,9,6.7,7.9,36,185
JAGUAR,'F-TYPE V8 S CONVERTIBLE',TWO-SEATER,5,8,AS8,Z,15,10.2,12.8,22,294
VOLKSWAGEN,'JETTA HYBRID',COMPACT,1.4,4,AM7,Z,5.6,4.9,5.3,53,122
BUICK,LACROSSE,MID-SIZE,3.6,6,AS6,E,18.7,12.4,15.8,18,253
BMW,'430i xDRIVE CABRIOLET',SUBCOMPACT,2,4,AS8,Z,10.7,7.3,9.1,31,214
PORSCHE,'911 TARGA 4',MINICOMPACT,3.4,6,M7,Z,12.9,9,11.1,25,255
LAMBORGHINI,'HURACAN AWD',TWO-SEATER,5.2,10,AM7,Z,17.2,12.2,15,19,349
MITSUBISHI,RVR,'SUV - SMALL',2,4,M5,X,10.3,8.2,9.3,30,216
CADILLAC,'XT5 AWD','SUV - SMALL',3.6,6,AS8,X,12.8,9.3,11.2,25,263
HONDA,'CIVIC COUPE',COMPACT,2,4,AV,X,7.8,5.8,6.9,41,162
'LAND ROVER','RANGE ROVER SPORT V6 3.0 SC FFV','SUV - STANDARD',3,6,AS8,Z,14.2,10.2,12.4,23,285
VOLVO,'S60 POLESTAR',COMPACT,2,4,AS8,Z,11.8,8.5,10.3,27,241
HONDA,CR-Z,TWO-SEATER,1.5,4,M6,X,7.6,6.1,6.9,41,159
CHRYSLER,'Pacifica (Stop-Start)',MINIVAN,3.6,6,A9,X,12.4,8.4,10.6,27,249
FORD,'Mustang (Performance Pkg)',SUBCOMPACT,2.3,4,AS10,X,11.8,8.4,10.3,27,242
CHEVROLET,'EXPRESS 1500 CARGO CONV AWD','VAN - CARGO',5.3,8,A4,X,18.3,14.2,16.5,17,380
MINI,'Cooper 5 Door',SUBCOMPACT,1.5,3,M6,Z,8.4,6.3,7.5,38,175
LEXUS,'RX 450h AWD','SUV - STANDARD',3.5,6,AV6,Z,7.5,8.4,7.9,36,185
CHEVROLET,Equinox,'SUV - SMALL',1.5,4,A6,X,9.2,7.3,8.3,34,196
JEEP,PATRIOT,'SUV - SMALL',2,4,AV,X,10.8,8.9,10,28,234
HYUNDAI,'Tucson AWD','SUV - SMALL',2,4,AS6,X,10.8,9.2,10.1,28,239
HYUNDAI,'SONATA HYBRID',MID-SIZE,2.4,4,AS6,X,6.6,5.9,6.3,45,145
ACURA,TLX,COMPACT,3.5,6,AS9,Z,11.2,6.9,9.2,31,212
MAZDA,MAZDA6,MID-SIZE,2.5,4,AS6,X,9.1,6.7,8,35,187
BMW,'X4 M40i','SUV - SMALL',3,6,AS8,Z,11.9,8.7,10.4,27,245
CHEVROLET,'SILVERADO 4WD FFV','PICKUP TRUCK - STANDARD',4.3,6,A6,E,20.2,15.2,18,16,294
VOLKSWAGEN,PASSAT,MID-SIZE,3.6,6,AM6,X,12.2,8.5,10.6,27,246
PORSCHE,'911 CARRERA 4 GTS CABRIOLET',MINICOMPACT,3.8,6,AM7,Z,13.1,9.4,11.4,25,262
LEXUS,'GS F',COMPACT,5,8,AS8,Z,14.9,9.7,12.5,23,293
MERCEDES-BENZ,'AMG GLE 43 4MATIC','SUV - STANDARD',3,6,A9,Z,14,10.6,12.4,23,292
PORSCHE,'911 CARRERA 4 GTS CABRIOLET',MINICOMPACT,3,6,M7,Z,12.9,9.1,11.1,25,260
ROLLS-ROYCE,GHOST,FULL-SIZE,6.6,12,AS8,Z,19.2,12.4,16.1,18,370
MERCEDES-BENZ,'CL 550 4MATIC',COMPACT,4.7,8,AS7,Z,15.4,10.4,13.2,21,304
GMC,'YUKON XL 4WD','SUV - STANDARD',5.3,8,A6,X,15.3,10.9,13.3,21,313
DODGE,'CHARGER FFV',FULL-SIZE,3.6,6,A5,E,18.7,12.4,15.9,18,264
PORSCHE,'CAYENNE TURBO','SUV - STANDARD',4.8,8,A8,Z,16.7,11.2,14.2,20,334
PORSCHE,'911 CARRERA 4 GTS CABRIOLET',MINICOMPACT,3,6,M7,Z,12.9,9.1,11.1,25,260
CADILLAC,ATS,COMPACT,2.5,4,AS6,X,11.1,7.2,9.3,30,214
AUDI,S4,COMPACT,3,6,AS8,Z,11.3,8,9.8,29,230
CHRYSLER,'300 AWD FFV',FULL-SIZE,3.6,6,A8,E,17.6,12,15,19,248
RAM,'1500 eTorque','PICKUP TRUCK - STANDARD',3.6,6,A8,X,11.9,9.4,10.8,26,253
VOLVO,'V60 POLESTAR AWD','STATION WAGON - SMALL',3,6,AS6,X,12.8,8.9,11,26,253
JAGUAR,'XE 20d AWD',COMPACT,2,4,AS8,D,7.8,5.8,6.9,41,186
'ASTON MARTIN',RAPIDE,SUBCOMPACT,5.9,12,A6,Z,18,12.6,15.6,18,359
SUBARU,'FORESTER AWD','SUV - SMALL',2.5,4,M6,X,10.6,8.4,9.6,29,221
FORD,'F-150 FFV','PICKUP TRUCK - STANDARD',3.5,6,A6,X,13.2,9.7,11.6,24,272
MINI,'John Cooper Works Clubman ALL4',MID-SIZE,2,4,M6,Z,11.4,7.7,9.7,29,227
LEXUS,'RC 350 AWD',SUBCOMPACT,3.5,6,AS6,Z,13.1,9.8,11.2,25,262
DODGE,CHALLENGER,MID-SIZE,3.6,6,A8,X,12.4,7.8,10.3,27,242
HONDA,'CIVIC SEDAN',MID-SIZE,1.5,4,AV,X,7.4,5.6,6.6,43,153
RAM,'1500 FFV','PICKUP TRUCK - STANDARD',3.6,6,A8,X,13.9,9.5,11.9,24,274
FORD,'F-150 4X4 (Payload Pkg)','PICKUP TRUCK - STANDARD',3.5,6,AS10,X,14.7,11.2,13.1,22,308
JEEP,'CHEROKEE TRAILHAWK 4X4','SUV - SMALL',3.2,6,A9,X,12.2,9,10.8,26,248
RAM,'1500 FFV','PICKUP TRUCK - STANDARD',3.6,6,A8,E,19.7,13.8,17,17,283
CHRYSLER,'TOWN & COUNTRY FFV',MINIVAN,3.6,6,A6,X,14.1,9.5,12,24,276
MERCEDES-BENZ,'AMG CLA 45 4MATIC',COMPACT,2,4,AM7,Z,10.3,7.9,9.2,31,217
AUDI,'A3 TDI (modified)',SUBCOMPACT,2,4,AM6,D,7.6,5.5,6.5,43,177
VOLKSWAGEN,BEETLE,COMPACT,1.8,4,M5,X,9.5,7.1,8.4,34,198
INFINITI,'QX60 HYBRID AWD','SUV - STANDARD',2.5,4,AV7,X,8.9,8.4,8.7,32,200
PORSCHE,'911 TURBO',MINICOMPACT,3.8,6,AM7,Z,12.6,9.9,11.4,25,266
NISSAN,'NV200 CARGO VAN','SPECIAL PURPOSE VEHICLE',2,4,AV,X,9.7,9,9.4,30,220
MERCEDES-BENZ,'AMG CLA 45',COMPACT,2,4,AS7,Z,10.7,7.6,9.3,30,221
FORD,'F-150 4X4 (Payload Pkg)','PICKUP TRUCK - STANDARD',3.5,6,AS10,X,14.7,11.2,13.1,22,308
FORD,'EDGE AWD','SUV - SMALL',3.5,6,AS6,X,13.7,9.6,11.8,24,271
MERCEDES-BENZ,'G 63 AMG','SUV - STANDARD',5.5,8,AS7,Z,20,16.6,18.5,15,426
FORD,F-150,'PICKUP TRUCK - STANDARD',2.7,6,AS10,X,12,8.9,10.6,27,249
MERCEDES-BENZ,'SLS AMG ROADSTER',TWO-SEATER,6.2,8,AS7,Z,18.2,12.6,15.7,18,361
VOLKSWAGEN,GOLF,COMPACT,1.8,4,AS6,X,9.3,6.5,8.1,35,189
GMC,'SAVANA 2500 PASSENGER','VAN - PASSENGER',4.8,8,A6,X,21.1,14.2,18,16,414
LEXUS,'GS 350 AWD',MID-SIZE,3.5,6,AS6,Z,12.3,9.1,10.9,26,254
NISSAN,MAXIMA,MID-SIZE,3.5,6,AV,Z,12.3,9.1,10.9,26,251
PORSCHE,'CAYENNE GTS','SUV - STANDARD',3.6,6,A8,Z,14.5,10.4,12.6,22,296
MERCEDES-BENZ,'CLA 250 4MATIC FFV',COMPACT,2,4,AS7,E,13.1,9.8,11.6,24,198
JEEP,'COMPASS 4X4','SUV - SMALL',2.4,4,A6,X,11.4,8.7,10.2,28,235
MERCEDES-BENZ,'B 250','STATION WAGON - SMALL',2,4,AS7,Z,9.2,6.6,8,35,184
MINI,'COOPER CONVERTIBLE',MINICOMPACT,1.5,3,M6,Z,8.4,6.3,7.4,38,174
NISSAN,JUKE,'STATION WAGON - SMALL',1.6,4,M6,Z,8.5,6.9,7.8,36,183
MERCEDES-BENZ,'CLS 400 4MATIC',COMPACT,3,6,AS7,Z,12.2,8.8,10.7,26,252
KIA,'SORENTO AWD','SUV - SMALL',2,4,AS6,X,12.3,9.4,11,26,259
BMW,M3,COMPACT,3,6,M6,Z,13.5,9.3,11.6,24,273
BMW,'530i xDrive',MID-SIZE,2,4,AS8,Z,10.2,7.2,8.8,32,207
CHEVROLET,COLORADO,'PICKUP TRUCK - SMALL',2.5,4,A6,X,12,9.2,10.7,26,252
KIA,'SORENTO 4WD','SUV - SMALL',3.3,6,A6,X,13.4,9.9,11.8,24,271
KIA,RIO,COMPACT,1.6,4,M6,X,8.7,6.4,7.7,37,177
NISSAN,QUEST,MINIVAN,3.5,6,AV,X,12,8.7,10.5,27,242
ROLLS-ROYCE,DAWN,COMPACT,6.6,12,AS8,Z,20,12.6,16.7,17,390
MAZDA,'Mazda3 5-Door 4WD',MID-SIZE,2.5,4,AS6,X,9.8,7.4,8.7,32,204
FORD,'EXPLORER FFV','SUV - STANDARD',3.5,6,AS6,X,13.7,9.7,11.9,24,274
BUICK,'Regal AWD',MID-SIZE,2,4,AS8,Z,11,8,9.6,29,227
BMW,'M240i Cabriolet',SUBCOMPACT,3,6,M6,Z,12.7,8.8,10.9,26,255
HONDA,'CIVIC SEDAN',MID-SIZE,2,4,AV,X,7.8,5.8,6.9,41,162
BUICK,'Envision AWD','SUV - SMALL',2,4,A9,Z,11.7,9.4,10.7,26,250
TOYOTA,'TACOMA 4WD','PICKUP TRUCK - SMALL',3.5,6,M6,X,13.8,11.4,12.7,22,299
VOLVO,'XC70 T5','SUV - SMALL',2,4,AS8,X,10.3,7.6,9.1,31,213
JAGUAR,'XF 20d AWD',MID-SIZE,2,4,AS8,D,7.8,5.8,6.9,41,186
LEXUS,'GS 350 AWD',MID-SIZE,3.5,6,AS6,Z,12.5,9.1,11,26,253
BMW,'X3 xDrive30i','SUV - SMALL',2,4,AS8,Z,10,8.2,9.2,31,215
GMC,ACADIA,'SUV - STANDARD',2.5,4,A6,X,11,9.2,10.2,28,239
FORD,'Transit Connect Van','SPECIAL PURPOSE VEHICLE',2,4,AS8,X,9.8,8.8,9.3,30,219
ACURA,'TLX SH-AWD',COMPACT,3.5,6,AS9,Z,11.4,7.7,9.8,29,228
SUBARU,WRX,COMPACT,2.5,4,M6,Z,13.8,10.2,12.2,23,285
TOYOTA,'HIGHLANDER HYBRID AWD','SUV - STANDARD',3.5,6,AV6,X,8,8.6,8.3,34,191
BMW,'435i xDRIVE COUPE',COMPACT,3,6,M6,Z,12.3,8.4,10.5,27,247
JAGUAR,'F-TYPE S COUPE',TWO-SEATER,3,6,AS8,Z,12.5,8.7,10.8,26,254
CHRYSLER,'200 SEDAN FFV',MID-SIZE,3.6,6,A6,X,12.5,8.1,10.5,27,242
SUBARU,'FORESTER AWD','SUV - SMALL',2.5,4,AV,X,9.6,7.4,8.6,33,198
SUBARU,'IMPREZA WAGON AWD','STATION WAGON - SMALL',2.5,4,M5,Z,12.6,9.5,11.2,25,258
SUBARU,'LEGACY AWD',MID-SIZE,2.5,4,AV7,X,9.3,7,8.3,34,193
GMC,SIERRA,'PICKUP TRUCK - STANDARD',4.3,6,A6,E,19.3,14.3,17.1,17,274
GMC,'CANYON 4WD','PICKUP TRUCK - SMALL',2.8,4,A6,D,12.1,8.3,10.4,27,279
JAGUAR,'XF 20d AWD',MID-SIZE,2,4,AS8,D,7.8,5.8,6.9,41,186
PORSCHE,'911 TARGA 4',MINICOMPACT,3.4,6,M7,Z,12.9,9,11.1,25,255
BMW,340i,COMPACT,3,6,AS8,Z,10.9,7.2,9.3,30,217
TOYOTA,'Tacoma 4WD','PICKUP TRUCK - SMALL',3.5,6,M6,X,13.8,11.4,12.7,22,299
AUDI,A3,SUBCOMPACT,2,4,AM7,X,9.1,6.8,8,35,188
NISSAN,370Z,TWO-SEATER,3.7,6,M6,Z,13.3,9.3,11.5,25,269
MERCEDES-BENZ,'E 550 4MATIC',MID-SIZE,4.7,8,AS7,Z,12.9,9.6,11.4,25,270
MAZDA,'MAZDA3 4-DOOR',COMPACT,2.5,4,AS6,X,8.4,6.1,7.4,38,173
HONDA,CIVIC,COMPACT,1.8,4,AV,X,7.9,6.1,7.1,40,163
KIA,'SOUL TURBO','STATION WAGON - SMALL',1.6,4,AM7,X,9.1,7.7,8.5,33,199
INFINITI,'QX70 AWD','SUV - SMALL',5,8,AS7,Z,16.6,11.9,14.5,19,334
BENTLEY,'CONTINENTAL GT',SUBCOMPACT,4,8,AS8,Z,16.3,9.8,13.4,21,314
CHEVROLET,SILVERADO,'PICKUP TRUCK - STANDARD',5.3,8,A6,X,14.6,10.4,12.7,22,298
VOLKSWAGEN,BEETLE,COMPACT,1.8,4,M5,X,9.5,7.1,8.4,34,198
TOYOTA,TACOMA,'PICKUP TRUCK - SMALL',2.7,4,M5,X,11.3,8.9,10.2,28,235
HYUNDAI,Palisade,'SUV - STANDARD',3.8,6,AS8,X,11.9,8.8,10.5,27,250
NISSAN,'NV200 CARGO VAN','SPECIAL PURPOSE VEHICLE',2,4,AV,X,9.7,9,9.4,30,216
CADILLAC,'ATS AWD',COMPACT,2,4,AS8,Z,10.8,7.9,9.5,30,222
PORSCHE,'911 TARGA 4',MINICOMPACT,3.4,6,M7,Z,12.9,9,11.1,25,255
FORD,'F-150 4X4 (Payload Pkg)','PICKUP TRUCK - STANDARD',3.5,6,AS10,X,14.7,11.2,13.1,22,308
MINI,'COOPER 5 DOOR',SUBCOMPACT,1.5,3,M6,Z,8.2,5.9,7.2,39,166
AUDI,'A6 quattro',MID-SIZE,3,6,AM7,Z,10.7,8.2,9.6,29,224
BMW,'X6 M','SUV - STANDARD',4.4,8,A6,Z,18.1,13.7,16.1,18,370
PORSCHE,'Macan S','SUV - SMALL',3,6,AM7,Z,12.9,10.2,11.7,24,272
BMW,'X4 M40i','SUV - SMALL',3,6,AS8,Z,11.9,8.7,10.4,27,245
FORD,FLEX,'SUV - STANDARD',3.5,6,AS6,X,14.7,10.2,12.7,22,298
LAMBORGHINI,'Huracan Performante Coupe',TWO-SEATER,5.2,10,AM7,Z,17.9,13,15.7,18,370
BMW,M2,SUBCOMPACT,3,6,M6,Z,13.1,9.2,11.4,25,267
FORD,'TRANSIT CONNECT TAXI','SPECIAL PURPOSE VEHICLE',1.6,4,AS6,X,11.5,8.3,10.1,28,232
'ALFA ROMEO','4C Spider',TWO-SEATER,1.8,4,AM6,Z,9.7,6.9,8.4,34,197
CHEVROLET,'EQUINOX AWD FFV','SUV - SMALL',2.4,4,A6,E,16.3,11.8,14.2,20,234
'ALFA ROMEO',4C,TWO-SEATER,1.8,4,AM6,Z,9.7,6.9,8.4,34,193
JEEP,'Grand Cherokee 4X4','SUV - STANDARD',5.7,8,A8,X,16.7,10.9,14.1,20,331
CHEVROLET,Spark,SUBCOMPACT,1.4,4,M5,X,8,6.2,7.2,39,170
BMW,'330i xDRIVE',COMPACT,2,4,AS8,Z,10.2,7.2,8.9,32,208
HONDA,FIT,'STATION WAGON - SMALL',1.5,4,AV,X,7,5.9,6.5,43,151
JAGUAR,'XJL SUPERCHARGED',FULL-SIZE,5,8,AS8,E,20.6,13.6,17.5,16,280
FORD,'E150 VAN FFV','VAN - CARGO',4.6,8,A4,E,24.1,19.2,21.9,13,350
FORD,'F-150 FFV','PICKUP TRUCK - STANDARD',3.5,6,A6,X,13.2,9.7,11.6,24,272
MITSUBISHI,'OUTLANDER 4WD','SUV - SMALL',2.4,4,AV6,X,9.9,8.1,9.1,31,209
LEXUS,'GS 450h',MID-SIZE,3.5,6,AV8,Z,8.1,6.9,7.6,37,177
GMC,'SAVANA 3500 PASSENGER','VAN - PASSENGER',6,8,A6,X,22.2,15.1,19,15,437
LEXUS,'LS 460',MID-SIZE,4.6,8,AS8,Z,14.4,9.6,12.3,23,283
MINI,'John Cooper Works Countryman ALL4',MID-SIZE,2,4,AS8,Z,10,7.8,9,31,210
FORD,FLEX,'SUV - STANDARD',3.5,6,AS6,X,13.2,9.4,11.5,25,264
FORD,ESCAPE,'SUV - SMALL',2.5,4,AS6,X,10.9,7.6,9.4,30,220
MAZDA,'CX-5 4WD','SUV - SMALL',2.5,4,AS6,X,9.8,7.9,9,31,210
PORSCHE,'911 CARRERA 4S',MINICOMPACT,3,6,AM7,Z,11,8.5,9.9,29,232
MERCEDES-BENZ,'E 300 4MATIC',MID-SIZE,3.5,6,AS7,Z,11.9,8.2,10.2,28,235
SUBARU,'CROSSTREK AWD','SUV - SMALL',2,4,M6,X,10.5,8.1,9.4,30,220
NISSAN,JUKE,'STATION WAGON - SMALL',1.6,4,M6,Z,8.5,6.9,7.8,36,183
CHEVROLET,SONIC,COMPACT,1.8,4,AS6,X,9.6,6.7,8.3,34,195
LEXUS,'ES 300h',MID-SIZE,2.5,4,AS6,X,5.5,5.2,5.3,53,124
CADILLAC,ATS,COMPACT,2.5,4,AS8,X,10.6,7.3,9.1,31,214
CHEVROLET,TRAX,'SUV - SMALL',1.4,4,AS6,X,9.4,7.1,8.4,34,193
CADILLAC,'CT4-V AWD',COMPACT,2.7,4,AS10,Z,11.7,8.4,10.2,28,238
PORSCHE,'911 CARRERA S',MINICOMPACT,3.8,6,AM7,Z,11.9,8.7,10.5,27,245
RAM,'1500 4X4 FFV','PICKUP TRUCK - STANDARD',3.6,6,A8,X,14.5,10.2,12.6,22,294
HONDA,'CIVIC HATCHBACK',FULL-SIZE,1.5,4,AV,X,7.7,6,6.9,41,162
DODGE,'JOURNEY FFV','SUV - SMALL',3.6,6,A6,E,19.1,13.2,16.4,17,274
PORSCHE,'911 TURBO S',MINICOMPACT,3.8,6,AM7,Z,13.7,9.6,11.9,24,278
TOYOTA,'HIGHLANDER HYBRID AWD','SUV - STANDARD',3.5,6,AV6,X,8,8.6,8.3,34,191
BMW,'X3 xDrive30i','SUV - SMALL',2,4,AS8,Z,10,8.2,9.2,31,215
GMC,'SAVANA 2500 PASSENGER','VAN - PASSENGER',4.8,8,A6,X,21.1,14.2,18,16,414
DODGE,'CHARGER SRT (MDS)',FULL-SIZE,6.4,8,A5,Z,16.7,10.3,13.8,20,317
DODGE,'Charger (MDS)',FULL-SIZE,5.7,8,A5,X,15.6,9.7,12.9,22,302
VOLKSWAGEN,'Beetle Convertible',SUBCOMPACT,2,4,AS6,X,9,7.1,8.2,34,191
DODGE,'CHARGER FFV',FULL-SIZE,3.6,6,A8,X,12.4,7.7,10.3,27,237
BMW,'228i COUPE',SUBCOMPACT,2,4,AS8,Z,10,6.5,8.4,34,193
BMW,'640i xDrive Gran Turismo',FULL-SIZE,3,6,AS8,Z,11.9,8.4,10.3,27,241
MINI,'JOHN COOPER WORKS CONVERTIBLE',MINICOMPACT,1.6,4,A6,Z,9.3,7,8.3,34,191
MERCEDES-BENZ,'E 400 4MATIC',MID-SIZE,3,6,A9,Z,11.8,8.7,10.4,27,246
VOLVO,'V60 T5 AWD','STATION WAGON - SMALL',2,4,AS8,X,11,8.1,9.7,29,226
AUDI,'RS 5',SUBCOMPACT,2.9,6,AM8,Z,12.9,8.9,11.1,25,260
FORD,'Fusion Hybrid',MID-SIZE,2,4,AV,X,5.5,5.6,5.6,50,131
RAM,'1500 Classic','PICKUP TRUCK - STANDARD',3.6,6,A8,X,13.9,9.6,11.9,24,280
KIA,'FORTE KOUP',COMPACT,2,4,M6,X,10,7.4,8.8,32,206
JEEP,'CHEROKEE 4X4 ACTIVE DRIVE LOCK','SUV - SMALL',3.2,6,A9,X,12.9,9.9,11.6,24,269
KIA,'Sportage AWD','SUV - SMALL',2.4,4,AS6,X,10.8,9.1,10,28,239
BMW,'340i xDRIVE GRAN TURISMO',FULL-SIZE,3,6,AS8,Z,11.8,7.9,10,28,235
MERCEDES-BENZ,'E 400 COUPE',SUBCOMPACT,3,6,AS7,Z,11.8,8.4,10.2,28,239
LEXUS,'LS 460 AWD',MID-SIZE,4.6,8,AS8,Z,15.2,10.2,12.9,22,303
BMW,'X4 M40i','SUV - SMALL',3,6,AS8,Z,12.8,9.5,11.3,25,264
TOYOTA,VENZA,'SUV - SMALL',2.7,4,AS6,X,11.4,8.2,10,28,230
MERCEDES-BENZ,'C 300 4MATIC',COMPACT,2,4,A9,Z,11,7.3,9.4,30,219
CHEVROLET,'Camaro SS',SUBCOMPACT,6.2,8,M6,Z,14.9,9.9,12.6,22,296
PORSCHE,'911 CARRERA 4S',MINICOMPACT,3.8,6,AM7,Z,12.2,8.9,10.7,26,251
FORD,ESCAPE,'SUV - SMALL',2,4,AS6,X,10.9,8,9.6,29,221
TOYOTA,'CAMRY HYBRID LE',MID-SIZE,2.5,4,AV6,X,4.9,4.8,4.9,58,113
BMW,340i,COMPACT,3,6,M6,Z,12.1,8.1,10.3,27,240
BUICK,ENCLAVE,'SUV - STANDARD',3.6,6,AS9,X,12.9,9,11.2,25,263
TOYOTA,TACOMA,'PICKUP TRUCK - SMALL',2.7,4,M5,X,11.3,8.9,10.2,28,235
GMC,TERRAIN,'SUV - SMALL',2.4,4,A6,X,10.5,7.3,9.1,31,209
PORSCHE,'CAYENNE PLATINUM','SUV - STANDARD',3.6,6,A8,Z,13.6,10.2,12.1,23,281
MITSUBISHI,LANCER,COMPACT,2.4,4,AV6,X,9.8,7.6,8.8,32,204
LEXUS,'RX 450h AWD','SUV - SMALL',3.5,6,AV6,Z,8,8.5,8.2,34,189
GMC,'YUKON DENALI 4WD','SUV - STANDARD',6.2,8,A8,Z,15.9,11.1,13.8,20,317
JEEP,'Grand Cherokee 4X4','SUV - STANDARD',5.7,8,A8,X,16.7,10.9,14.1,20,331
FORD,'EXPLORER FFV AWD','SUV - STANDARD',3.5,6,AS6,X,14.4,10.4,12.6,22,295
CHEVROLET,'SONIC 5','STATION WAGON - SMALL',1.8,4,AS6,X,9.6,6.7,8.3,34,195
HONDA,'PILOT AWD','SUV - SMALL',3.5,6,A6,X,13,9.3,11.3,25,266
NISSAN,'JUKE NISMO RS AWD','STATION WAGON - SMALL',1.6,4,AV8,Z,9.4,8.1,8.8,32,202
CHEVROLET,TRAVERSE,'SUV - STANDARD',2,4,A9,Z,11.7,9,10.5,27,246
BMW,'M240i COUPE',SUBCOMPACT,3,6,M6,Z,12.5,8.4,10.7,26,250
TOYOTA,Corolla,MID-SIZE,1.8,4,M6,X,8.5,6.6,7.6,37,178
LINCOLN,Aviator,'SUV - STANDARD',3,6,AS10,X,13.7,9.7,11.9,24,280
VOLVO,S60,COMPACT,2.5,5,AS6,X,11.3,7.8,9.7,29,223
PORSCHE,'911 Carrera S Cabriolet',MINICOMPACT,3,6,AM8,Z,12.7,10.2,11.6,24,272
DODGE,Challenger,MID-SIZE,5.7,8,M6,Z,15.6,10.1,13.1,22,307
TOYOTA,'RAV4 LIMITED AWD','SUV - SMALL',2.5,4,AS6,X,10.6,8.2,9.5,30,218
PORSCHE,'911 Carrera S Cabriolet',MINICOMPACT,3,6,AM8,Z,12.7,10.2,11.6,24,272
ROLLS-ROYCE,'PHANTOM EWB',FULL-SIZE,6.7,12,AS8,Z,20.7,12.9,17.2,16,404
HYUNDAI,ACCENT,COMPACT,1.6,4,M6,X,8.7,6.3,7.6,37,176
GMC,Canyon,'PICKUP TRUCK - SMALL',3.6,6,A8,X,13.4,9.6,11.7,24,273
HYUNDAI,'SANTA FE','SUV - SMALL',3.3,6,AS6,X,12.9,9.4,11.3,25,265
FORD,'Mustang (Performance Pkg)',SUBCOMPACT,2.3,4,M6,X,11.8,8.7,10.4,27,244
BUICK,ENCLAVE,'SUV - STANDARD',3.6,6,A6,X,14.2,9.9,12.3,23,283
FORD,'FUSION (Start/Stop)',MID-SIZE,1.5,4,AS6,X,9.4,6.3,8,35,188
CHEVROLET,'SONIC 5','STATION WAGON - SMALL',1.8,4,AS6,X,9.6,6.7,8.3,34,195
VOLKSWAGEN,PASSAT,MID-SIZE,3.6,6,AM6,X,12.2,8.5,10.6,27,246
PORSCHE,'MACAN GTS','SUV - SMALL',3,6,A7,Z,13.8,10.3,12.3,23,287
CADILLAC,ATS,COMPACT,2.5,4,AS6,X,11.1,7.2,9.3,30,214
RAM,'1500 Classic','PICKUP TRUCK - STANDARD',5.7,8,A8,X,15.7,11,13.6,21,319
BMW,'X7 xDrive40i','SUV - STANDARD',3,6,AS8,Z,12,9.4,10.8,26,254
JAGUAR,'XE 35t AWD',COMPACT,3,6,AS8,Z,11.8,8.2,10.2,28,238
KIA,RIO,COMPACT,1.6,4,M6,X,8.7,6.4,7.7,37,177
FORD,'F-150 4X4','PICKUP TRUCK - STANDARD',3,6,AS10,D,11.8,9.3,10.7,26,287
FORD,MUSTANG,SUBCOMPACT,3.7,6,M6,X,13.5,8.3,11.2,25,258
MITSUBISHI,'OUTLANDER 4WD','SUV - SMALL',3,6,AS6,Z,11.5,8.5,10.2,28,235
BMW,'M4 Coupe Competition',COMPACT,3,6,M6,Z,13.4,9.6,11.7,24,273
'LAND ROVER','Range Rover SVAutobiography LWB','SUV - STANDARD',5,8,AS8,Z,17.9,12.7,15.5,18,365
FORD,'ESCAPE AWD','SUV - SMALL',2,4,AS6,X,11.4,8.4,10,28,236
CHEVROLET,EQUINOX,'SUV - SMALL',2.4,4,A6,X,10.5,7.3,9.1,31,209
'LAND ROVER','Range Rover Sport TD6 Diesel','SUV - STANDARD',3,6,AS8,D,10.7,8.3,9.6,29,256
CADILLAC,CT4-V,COMPACT,2.7,4,AS10,Z,11.5,8.2,10,28,234
BMW,'X1 xDRIVE28i','SUV - SMALL',2,4,AS8,Z,10.7,7.4,9.2,31,215
CADILLAC,'CTS COUPE',MID-SIZE,3.6,6,AS6,X,13.2,8.7,11.2,25,258
TOYOTA,TACOMA,'PICKUP TRUCK - SMALL',2.7,4,M5,X,11.3,9.5,10.5,27,242
GMC,'SIERRA 4WD FFV','PICKUP TRUCK - STANDARD',5.3,8,A6,E,20.5,14.4,17.8,16,295
CHEVROLET,SONIC,COMPACT,1.4,4,M6,X,8.5,6.2,7.5,38,173
TOYOTA,'TACOMA 4WD','PICKUP TRUCK - SMALL',4,6,A5,X,14.8,11.6,13.4,21,308
MERCEDES-BENZ,'AMG GLE 63 S 4MATIC','SUV - STANDARD',5.5,8,AS7,Z,17.3,13.5,15.6,18,366
MERCEDES-BENZ,'ML 63 AMG 4MATIC','SUV - STANDARD',5.5,8,AS7,Z,17.2,13.5,15.5,18,356
BUICK,LACROSSE,MID-SIZE,3.6,6,AS9,X,11.3,7.9,9.7,29,228
BUICK,'LaCrosse AWD',MID-SIZE,3.6,6,AS9,X,11.7,8.2,10.1,28,238
BMW,'Z4 sDrive30i',TWO-SEATER,2,4,AS8,Z,9.5,7.4,8.5,33,200
INFINITI,'Q70 AWD',MID-SIZE,5.6,8,AS7,Z,14.9,10.2,12.8,22,300
DODGE,CHALLENGER,MID-SIZE,3.6,6,A5,X,13.2,8.7,11.2,25,258
BMW,'X7 xDrive40i','SUV - STANDARD',3,6,AS8,Z,12,9.4,10.8,26,254
GMC,Acadia,'SUV - STANDARD',2.5,4,A6,X,11.1,9.2,10.2,28,237
VOLKSWAGEN,'GOLF SPORTWAGEN 4MOTION','STATION WAGON - SMALL',1.8,4,M6,X,10.8,7.6,9.3,30,218
MERCEDES-BENZ,'B 250','STATION WAGON - SMALL',2,4,AS7,Z,9.2,6.6,8,35,184
RAM,'1500 4X4 FFV','PICKUP TRUCK - STANDARD',3.6,6,A8,X,14.5,10.2,12.6,22,294
HONDA,'RIDGELINE AWD','PICKUP TRUCK - STANDARD',3.5,6,A6,X,12.8,9.5,11.3,25,264
BMW,'330i xDRIVE GRAN TURISMO',FULL-SIZE,2,4,AS8,Z,10.5,7.4,9.1,31,213
MINI,'COOPER CONVERTIBLE',MINICOMPACT,1.5,3,AS6,Z,8.7,6.6,7.7,37,181
CHEVROLET,'SONIC RS',COMPACT,1.4,4,AS6,X,9.4,7,8.3,34,191
MASERATI,'QUATTROPORTE GTS',FULL-SIZE,3.8,8,AS8,Z,17.6,10.7,14.5,19,334
JEEP,CHEROKEE,'SUV - SMALL',2.4,4,A9,X,10.9,7.7,9.5,30,223
VOLKSWAGEN,'GOLF ALLTRACK','STATION WAGON - SMALL',1.8,4,M6,X,11.1,7.8,9.6,29,225
GMC,'YUKON XL 4WD','SUV - STANDARD',5.3,8,A6,X,15.3,10.9,13.3,21,313
GMC,'YUKON DENALI XL AWD','SUV - STANDARD',6.2,8,A6,E,25.7,17.8,22.1,13,354
JEEP,'Cherokee 4X4 Active Drive I','SUV - SMALL',2,4,A9,X,11.2,8,9.8,29,229
BUICK,'Envision AWD','SUV - SMALL',2,4,A9,Z,11.7,9.4,10.7,26,250
BMW,'X1 xDRIVE35i','SUV - SMALL',3,6,A6,Z,13.2,8.9,11.3,25,260
GMC,'SAVANA 3500 PASSENGER FFV','VAN - PASSENGER',6,8,A6,X,22.2,15.1,19,15,437
CHEVROLET,'SONIC RS',COMPACT,1.4,4,M6,X,8.9,7,8,35,189
LEXUS,'IS 350 AWD',COMPACT,3.5,6,AS6,Z,12.6,9.1,11,26,253
BMW,'428i COUPE',COMPACT,2,4,M6,Z,10.7,7,9,31,211
JEEP,COMPASS,'SUV - SMALL',2,4,A6,X,11.1,8.3,9.8,29,225
KIA,'FORTE KOUP',COMPACT,2,4,AS6,X,9.6,7.3,8.6,33,203
CHEVROLET,'SONIC 5','STATION WAGON - SMALL',1.8,4,AS6,X,9.6,6.7,8.3,34,195
INFINITI,'Q60 AWD',SUBCOMPACT,2,4,AS7,Z,11.2,8.5,10,28,233
CHEVROLET,'Silverado 4WD FFV','PICKUP TRUCK - STANDARD',5.3,8,A6,X,16.6,13,15,19,350
FORD,'EXPLORER FFV AWD','SUV - STANDARD',3.5,6,AS6,E,19.7,14.3,17.3,16,288
KIA,'SORENTO AWD','SUV - SMALL',2,4,AS6,X,12.3,9.4,11,26,259
DODGE,'Challenger Widebody (MDS)',MID-SIZE,6.4,8,M6,Z,16.7,10.4,13.9,20,325
NISSAN,QUEST,MINIVAN,3.5,6,AV,X,12,8.7,10.5,27,242
LEXUS,'RC F',SUBCOMPACT,5,8,AS8,Z,15.2,9.5,12.6,22,290
JEEP,CHEROKEE,'SUV - SMALL',2.4,4,A9,X,10.9,7.7,9.5,30,223
FORD,'T-150 Wagon FFV 4WD','VAN - PASSENGER',3.5,6,AS10,X,16.7,12.8,15,19,352
LEXUS,'RX 350 AWD','SUV - SMALL',3.5,6,AS8,X,12.2,8.9,10.7,26,251
VOLKSWAGEN,'GOLF WAGON TDI (modified)','STATION WAGON - SMALL',2,4,M6,D,8.3,6,7.3,39,196
MASERATI,'Levante Trofeo','SUV - STANDARD',3.8,8,AS8,Z,17.9,12.9,15.3,18,360
GMC,'YUKON XL 4WD FFV','SUV - STANDARD',5.3,8,A6,X,15.4,10.8,13.3,21,312
VOLKSWAGEN,TIGUAN,'SUV - SMALL',2,4,M6,Z,13,9,11.2,25,259
JEEP,'RENEGADE FFV','SUV - SMALL',2.4,4,A9,E,14.2,9.9,12.2,23,195
MERCEDES-BENZ,'AMG SL 65',TWO-SEATER,6,12,A7,Z,17.6,10.8,14.5,19,339
CHEVROLET,SONIC,COMPACT,1.8,4,AS6,X,9.6,6.7,8.3,34,195
MERCEDES-BENZ,'CLA 250 4MATIC FFV',COMPACT,2,4,AS7,E,13.1,9.8,11.6,24,198
CHEVROLET,'EQUINOX AWD FFV','SUV - SMALL',2.4,4,A6,E,16.3,11.8,14.2,20,234
BMW,'M2 Competition',SUBCOMPACT,3,6,M6,Z,13.4,9.6,11.7,24,273
JEEP,'WRANGLER UNLIMITED 4X4','SUV - SMALL',3.6,6,M6,X,15,11.4,13.4,21,312
GMC,SIERRA,'PICKUP TRUCK - STANDARD',4.3,6,A6,X,13.4,9.9,11.9,24,274
AUDI,Q7,'SUV - STANDARD',2,4,AS8,Z,12.2,9.5,11,26,258
JAGUAR,'F-TYPE Coupe',TWO-SEATER,3,6,M6,Z,14.9,9.8,12.6,22,296
CHEVROLET,'Blazer AWD','SUV - SMALL',3.6,6,A9,X,13.1,9.4,11.4,25,269
PORSCHE,Boxster,TWO-SEATER,2,4,AM7,Z,10.5,8,9.4,30,219
'LAND ROVER',LR4,'SUV - STANDARD',3,6,AS8,Z,16.2,12.1,14.3,20,336
MERCEDES-BENZ,'AMG GLE 43 4MATIC Coupe','SUV - STANDARD',3,6,A9,Z,14.1,10.9,12.6,22,297
HONDA,'HR-V AWD','STATION WAGON - SMALL',1.8,4,AV,X,8.9,7.5,8.2,34,194
PORSCHE,'911 TARGA 4S',MINICOMPACT,3.8,6,AM7,Z,12.8,9.3,11.2,25,258
MASERATI,'QUATTROPORTE GTS',FULL-SIZE,3.8,8,AS8,Z,17.6,10.7,14.5,19,334
CHEVROLET,'SONIC 5','STATION WAGON - SMALL',1.4,4,AS6,X,9,6.8,8,35,188
RAM,'1500 ECODIESEL','PICKUP TRUCK - STANDARD',3,6,A8,D,11.8,8.6,10.4,27,278
DODGE,'Journey FFV','SUV - SMALL',3.6,6,A6,E,19.1,13.2,16.4,17,274
CHEVROLET,'CRUZE LIMITED ECO',MID-SIZE,1.4,4,A6,X,9,6.1,7.7,37,181
MERCEDES-BENZ,'AMG GLE 43 4MATIC','SUV - STANDARD',3,6,A9,Z,13.6,10.1,12,24,281
MAZDA,'CX-5 (Cylinder Deactivation)','SUV - SMALL',2.5,4,AS6,X,9.3,7.6,8.5,33,201
BENTLEY,'Flying Spur',MID-SIZE,6,12,AM8,Z,19.2,12.2,16,18,373
VOLKSWAGEN,CC,COMPACT,2,4,AM6,Z,10.7,7.7,9.3,30,214
JEEP,'WRANGLER UNLIMITED 4X4','SUV - SMALL',3.6,6,A5,X,14.8,11.7,13.4,21,314
MINI,'John Cooper Works Clubman ALL4',MID-SIZE,2,4,AS8,Z,10.1,7.6,9,31,210
MINI,'COOPER 5 DOOR',SUBCOMPACT,1.5,3,AS6,Z,8.5,6.3,7.5,38,172
MINI,'COOPER 3 DOOR',SUBCOMPACT,1.5,3,AS6,Z,8.5,6.3,7.5,38,172
KIA,Soul,'STATION WAGON - SMALL',2,4,M6,X,9.6,7.6,8.7,32,206
MERCEDES-BENZ,'AMG GLA 45 4MATIC','STATION WAGON - MID-SIZE',2,4,AM7,Z,10.7,8.3,9.6,29,225
AUDI,'S5 CABRIOLET QUATTRO',SUBCOMPACT,3,6,AM7,Z,13.3,9.1,11.4,25,266
CADILLAC,ATS,COMPACT,2.5,4,AS8,X,10.7,7.4,9.2,31,216
FORD,'F-150 FFV','PICKUP TRUCK - STANDARD',3.5,6,A6,X,13.2,9.7,11.6,24,272
MAZDA,'MAZDA3 4-DOOR',COMPACT,2.5,4,AS6,X,8.4,6.1,7.4,38,173
CHEVROLET,'SUBURBAN 4WD','SUV - STANDARD',5.3,8,A6,X,15.4,10.8,13.3,21,312
FORD,'TAURUS AWD',FULL-SIZE,3.5,6,AS6,X,13.9,9.5,11.9,24,274
PORSCHE,'911 TURBO S',MINICOMPACT,3.8,6,AM7,Z,12.6,9.9,11.4,25,266
CHEVROLET,SILVERADO,'PICKUP TRUCK - STANDARD',5.3,8,A6,X,14.6,10.4,12.7,22,298
CHEVROLET,'Camaro SS',SUBCOMPACT,6.2,8,M6,Z,14.9,9.9,12.6,22,296
CHRYSLER,300,FULL-SIZE,3.6,6,A8,X,12.4,7.8,10.3,27,242
VOLVO,'S60 T6 AWD',COMPACT,2,4,AS8,Z,11.1,7.3,9.4,30,218
PORSCHE,'CAYENNE TURBO S','SUV - STANDARD',4.8,8,A8,Z,18,11.9,15.2,19,358
'ASTON MARTIN','V8 VANTAGE',TWO-SEATER,4.7,8,M6,Z,18.1,12.3,15.5,18,362
MITSUBISHI,'Mirage G4',COMPACT,1.2,3,M5,X,7.2,5.9,6.6,43,153
GMC,Acadia,'SUV - STANDARD',2.5,4,A6,X,11.1,9.2,10.2,28,237
CADILLAC,'CTS AWD',MID-SIZE,3.6,6,AS8,X,13.3,9.2,11.5,25,269
HONDA,HR-V,'STATION WAGON - SMALL',1.8,4,M6,X,9.4,7.1,8.4,34,195
FIAT,500L,'STATION WAGON - SMALL',1.4,4,M6,X,9.3,7.1,8.3,34,191
NISSAN,ALTIMA,MID-SIZE,2.5,4,AV,X,8.7,6.3,7.6,37,179
CHEVROLET,'CRUZE LIMITED ECO',MID-SIZE,1.4,4,M6,X,8.4,5.6,7.1,40,167
PORSCHE,'911 Carrera 4 GTS',MINICOMPACT,3,6,M7,Z,12.8,8.9,11,26,257
INFINITI,'Q70 AWD',MID-SIZE,3.7,6,AS7,Z,13.2,9.6,11.6,24,267
HONDA,'HR-V AWD','STATION WAGON - SMALL',1.8,4,AV,X,8.9,7.5,8.2,34,194
HONDA,'CIVIC SEDAN',MID-SIZE,1.5,4,AV,X,7.6,5.5,6.7,42,157
BMW,'650i xDRIVE CABRIOLET',SUBCOMPACT,4.4,8,AS8,Z,14.3,9.3,12.1,23,283
BMW,'330i xDrive',COMPACT,2,4,AS8,Z,9.5,6.9,8.3,34,194
CHRYSLER,'200 SEDAN FFV',MID-SIZE,3.6,6,A6,X,12.5,8.1,10.5,27,242
MERCEDES-BENZ,'S 63 AMG 4MATIC',FULL-SIZE,5.5,8,AS7,Z,15.6,10.3,13.2,21,304
JAGUAR,'F-TYPE CONVERTIBLE',TWO-SEATER,3,6,M6,Z,14.9,9.8,12.6,22,296
PORSCHE,'911 CARRERA CABRIOLET',MINICOMPACT,3,6,AM7,Z,10.8,8.3,9.7,29,227
KIA,'Sportage AWD','SUV - SMALL',2.4,4,AS6,X,10.8,9.1,10,28,239
JEEP,'NEW WRANGLER UNLIMITED 4X4','SUV - SMALL',3.6,6,A8,X,12.9,10.2,11.7,24,275
MITSUBISHI,'OUTLANDER 4WD','SUV - SMALL',2.4,4,AV6,X,9.9,8.1,9.1,31,209
DODGE,Charger,FULL-SIZE,3.6,6,A8,X,12.4,7.8,10.3,27,242
JAGUAR,'E-PACE P250','SUV - SMALL',2,4,AS9,Z,11,8.4,9.8,29,231
JEEP,'GRAND CHEROKEE 4X4','SUV - STANDARD',5.7,8,A8,X,16.6,10.7,14,20,328
BUICK,VERANO,COMPACT,2,4,AS6,Z,11.4,7.9,9.8,29,231
MERCEDES-BENZ,'E 350 4MATIC COUPE',SUBCOMPACT,3.5,6,AS7,Z,11.9,8.5,10.4,27,239
GMC,Canyon,'PICKUP TRUCK - SMALL',2.8,4,A6,D,11.8,7.9,10.1,28,270
CHRYSLER,300,FULL-SIZE,3.6,6,A8,X,12.4,7.8,10.3,27,242
FORD,'FUSION (Start/Stop)',MID-SIZE,1.5,4,AS6,X,9.4,6.3,8,35,188
HONDA,CIVIC,COMPACT,1.8,4,AV7,X,8.1,6.2,7.2,39,166
NISSAN,MICRA,COMPACT,1.6,4,M5,X,8.6,6.6,7.7,37,177
JEEP,'RENEGADE 4X4','SUV - SMALL',2.4,4,A9,X,11.2,8.2,9.8,29,230
FORD,FUSION,MID-SIZE,2.5,4,A6,X,11.3,7.5,9.6,29,224
LEXUS,'RC F',SUBCOMPACT,5,8,AS8,Z,14.4,9.6,12.2,23,285
PORSCHE,'911 CARRERA S',MINICOMPACT,3,6,AM7,Z,10.8,8.3,9.7,29,226
MERCEDES-BENZ,'ML 350 BLUETEC 4MATIC','SUV - STANDARD',3,6,AS7,D,11.8,8.5,10.3,27,278
INFINITI,'Q50 AWD',MID-SIZE,3,6,AS7,Z,12.3,8.5,10.6,27,249
BMW,'X4 xDrive30i','SUV - SMALL',2,4,AS8,Z,10.8,8,9.6,29,223
BUICK,'ENVISION AWD','SUV - SMALL',2.5,4,A6,X,11.1,8.6,10,28,234
INFINITI,'Q60 COUPE',SUBCOMPACT,3.7,6,AS7,Z,12.9,8.9,11.1,25,255
FORD,'F-150 (LT Tire Pkg)','PICKUP TRUCK - STANDARD',2.7,6,AS6,X,12.4,9.8,11.2,25,263
HYUNDAI,'GENESIS AWD',FULL-SIZE,3.8,6,AS8,X,14.4,9.4,12.1,23,285
SUBARU,BRZ,MINICOMPACT,2,4,AS6,Z,9.6,7.1,8.5,33,196
FORD,'ESCAPE AWD','SUV - SMALL',2,4,AS6,X,11.4,8.4,10,28,236
GMC,'Yukon XL FFV','SUV - STANDARD',5.3,8,A6,E,21.2,13.9,17.9,16,298
JAGUAR,'XKR CONVERTIBLE',MINICOMPACT,5,8,AS6,Z,15.9,10.9,13.6,21,313
GMC,'YUKON XL','SUV - STANDARD',5.3,8,A6,X,15.1,10.4,13,22,305
MITSUBISHI,'LANCER SPORTBACK','STATION WAGON - SMALL',2,4,AV6,X,9.6,7.3,8.6,33,198
GMC,'Yukon XL','SUV - STANDARD',5.3,8,A6,X,15.7,10.5,13.4,21,314
TOYOTA,PRIUS,MID-SIZE,1.8,4,AV,X,4.3,4.6,4.5,63,105
HONDA,HR-V,'SUV - SMALL',1.8,4,M6,X,9.3,7,8.3,34,193
'LAND ROVER','RANGE ROVER V8 5.0 SC FFV','SUV - STANDARD',5,8,AS8,Z,17.2,12.5,15.1,19,347
BENTLEY,MULSANNE,MID-SIZE,6.8,8,AS8,Z,20.9,13,17.3,16,405
FORD,'F-150 4X4','PICKUP TRUCK - STANDARD',3,6,AS10,D,11.8,9.3,10.7,26,288
HYUNDAI,'Elantra GT',FULL-SIZE,2,4,AS6,X,9.4,7.1,8.4,34,200
GMC,'SIERRA FFV','PICKUP TRUCK - STANDARD',4.3,6,A6,X,13.5,10,11.9,24,280
AUDI,'A5 CABRIOLET QUATTRO',SUBCOMPACT,2,4,AS8,Z,11.3,8,9.8,29,225
MAZDA,'CX-5 4WD','SUV - SMALL',2.5,4,AS6,X,9.8,7.9,9,31,210
SUBARU,'XV CROSSTREK AWD','SUV - SMALL',2,4,AV6,X,9.1,7,8.1,35,191
MERCEDES-BENZ,'AMG GT ROADSTER',TWO-SEATER,4,8,AM7,Z,14.7,11,13,22,304
GMC,'YUKON XL 4WD FFV','SUV - STANDARD',5.3,8,A6,X,15.4,10.8,13.3,21,312
FORD,Fusion,MID-SIZE,1.5,4,AS6,X,10,7,8.7,32,204
LAMBORGHINI,'HURACAN SPYDER',TWO-SEATER,5.2,10,AM7,Z,16.9,11.8,14.6,19,340
INFINITI,Q60,SUBCOMPACT,3.7,6,M6,Z,13.6,9.3,11.6,24,267
VOLVO,'S60 T5 AWD',COMPACT,2.5,5,AS6,X,11.6,8.2,10.1,28,232
HYUNDAI,'SANTA FE','SUV - SMALL',3.3,6,AS6,X,12.9,9.4,11.3,25,265
MERCEDES-BENZ,'AMG S 65 Coupe',COMPACT,6,12,A9,Z,17.6,11,14.6,19,343
TOYOTA,'Highlander AWD LE','SUV - STANDARD',3.5,6,AS8,X,11.7,8.8,10.4,27,242
FORD,FLEX,'SUV - STANDARD',3.5,6,AS6,X,14.7,10.2,12.7,22,298
TOYOTA,'Highlander Hybrid AWD','SUV - STANDARD',2.5,4,AV,X,6.7,6.8,6.7,42,158
MASERATI,GRANTURISMO,SUBCOMPACT,4.7,8,AS6,Z,18.2,11.4,15.1,19,357
TOYOTA,'RAV4 LIMITED AWD','SUV - SMALL',2.5,4,AS6,X,10.6,8.2,9.5,30,218
HONDA,HR-V,'SUV - SMALL',1.8,4,AV7,X,8.3,6.7,7.6,37,177
HYUNDAI,ACCENT,COMPACT,1.6,4,AS6,X,8.9,6.6,7.9,36,182
LAMBORGHINI,'HURACAN AWD',TWO-SEATER,5.2,10,AM7,Z,17.2,12.2,15,19,349
PORSCHE,'PANAMERA TURBO ST',FULL-SIZE,4,8,AM8,Z,13.4,10.1,11.9,24,279
GMC,Sierra,'PICKUP TRUCK - STANDARD',2.7,4,A8,X,11.9,10.3,11.1,25,261
MERCEDES-BENZ,'AMG GLE 43 4MATIC','SUV - STANDARD',3,6,A9,Z,14,10.6,12.4,23,292
HONDA,CR-Z,TWO-SEATER,1.5,4,M6,X,7.6,6.1,6.9,41,159
FORD,'FLEX AWD GTDI','SUV - STANDARD',3.5,6,AS6,X,15.7,11.2,13.7,21,321
HYUNDAI,Palisade,'SUV - STANDARD',3.8,6,AS8,X,11.9,8.8,10.5,27,250
HYUNDAI,'TUCSON AWD','SUV - SMALL',2,4,AS6,X,11,9,10.1,28,240
AUDI,S4,COMPACT,3,6,AM8,Z,11.5,8,9.9,29,232
CADILLAC,'ATS AWD',COMPACT,3.6,6,AS6,X,12.8,8.9,11,26,253
SUBARU,'Impreza 5-Door AWD','STATION WAGON - SMALL',2,4,AV7,X,8.4,6.6,7.6,37,177
MITSUBISHI,'OUTLANDER 4WD','SUV - SMALL',2.4,4,AV6,X,9.7,8.1,9,31,207
MERCEDES-BENZ,'E 400 CABRIOLET',SUBCOMPACT,3,6,AS7,Z,11.5,8.1,10,28,233
BMW,'430i xDRIVE CABRIOLET',SUBCOMPACT,2,4,AS8,Z,10.7,7.3,9.1,31,214
MERCEDES-BENZ,'AMG GT ROADSTER',TWO-SEATER,4,8,AM7,Z,14.7,11,13,22,304
LINCOLN,'MKT AWD','SUV - STANDARD',3.5,6,AS6,X,14.8,10.4,12.8,22,294
DODGE,'Challenger SRT Hellcat',MID-SIZE,6.2,8,M6,Z,18.1,11.4,15.1,19,352
TOYOTA,'Prius c',COMPACT,1.5,4,AV,X,4.9,5.5,5.1,55,120
CHEVROLET,'IMPALA FFV',FULL-SIZE,3.6,6,AS6,X,12.5,8.2,10.6,27,248
TOYOTA,'SIENNA AWD',MINIVAN,3.5,6,AS8,X,13.4,9.6,11.7,24,274
LEXUS,'IS 350 AWD',COMPACT,3.5,6,AS6,Z,12.6,9.1,11,26,253
KIA,'FORTE KOUP',COMPACT,2,4,A6,X,9.6,7,8.4,34,193
MERCEDES-BENZ,'GLA 250 4MATIC','SUV - SMALL',2,4,AS7,Z,9.8,7.4,8.7,32,200
NISSAN,'Titan 4WD','PICKUP TRUCK - STANDARD',5.6,8,AS9,Z,15.1,11.1,13.3,21,313
MINI,'John Cooper Works Countryman ALL4',MID-SIZE,2,4,AS8,Z,10,7.8,9,31,210
LAMBORGHINI,'AVENTADOR COUPE LP 740',TWO-SEATER,6.5,12,AM7,Z,23.9,14.5,19.7,14,461
PORSCHE,'911 CARRERA S CABRIOLET',MINICOMPACT,3,6,M7,Z,12.1,8.3,10.4,27,243
PORSCHE,'CAYENNE TURBO','SUV - STANDARD',4.8,8,A8,Z,16.7,11.2,14.2,20,334
HYUNDAI,'ELANTRA GT',MID-SIZE,2,4,AS6,X,9.8,7.2,8.6,33,203
GMC,ACADIA,'SUV - STANDARD',3.6,6,A6,X,14.3,9.9,12.3,23,283
FIAT,'500 ABARTH CABRIO',MINICOMPACT,1.4,4,M5,X,8.5,6.9,7.8,36,179
MERCEDES-BENZ,'S 560 4MATIC',FULL-SIZE,4,8,A9,Z,13.5,8.6,11.3,25,265
DODGE,'Journey FFV','SUV - SMALL',3.6,6,A6,E,19.1,13.2,16.4,17,274
AUDI,'A5 QUATTRO',SUBCOMPACT,2,4,AM7,Z,10,7,8.7,32,203
RAM,'1500 Classic','PICKUP TRUCK - STANDARD',5.7,8,A8,X,15.7,11,13.6,21,319
AUDI,'A5 QUATTRO',SUBCOMPACT,2,4,AS8,Z,11.5,8.1,10,28,230
SUBARU,'Outback AWD','SUV - SMALL',2.4,4,AV8,X,10.1,7.9,9.1,31,213
BMW,'650i xDRIVE CABRIOLET',SUBCOMPACT,4.4,8,AS8,Z,14.3,9.3,12.1,23,283
LINCOLN,'Continental AWD',FULL-SIZE,3.7,6,AS6,X,14.3,9.7,12.2,23,287
HYUNDAI,Elantra,MID-SIZE,1.6,4,AM7,X,8.9,7,8.1,35,192
NISSAN,Murano,'STATION WAGON - MID-SIZE',3.5,6,AV7,X,11.7,8.3,10.2,28,240
SUBARU,'CROSSTREK AWD','SUV - SMALL',2,4,AV6,X,9.1,7.2,8.2,34,193
BMW,M2,SUBCOMPACT,3,6,M6,Z,13.1,9.2,11.4,25,267
GMC,SIERRA,'PICKUP TRUCK - STANDARD',5.3,8,A8,X,14.9,10.9,13.1,22,307
GENESIS,'G90 AWD',FULL-SIZE,3.3,6,AS8,Z,13.6,9.5,11.8,24,280
BMW,'X1 xDRIVE28i','SUV - SMALL',2,4,AS8,Z,10.7,7.4,9.2,31,215
NISSAN,'TITAN 4WD PRO-4X','PICKUP TRUCK - STANDARD',5.6,8,AS7,X,16,12,14.2,20,333
MERCEDES-BENZ,'ML 350 BLUETEC 4MATIC','SUV - STANDARD',3,6,AS7,D,11.8,8.5,10.3,27,278
TOYOTA,'Prius c',COMPACT,1.5,4,AV,X,4.9,5.5,5.1,55,120
LEXUS,'LS 460',MID-SIZE,4.6,8,AS8,Z,14.5,9.6,12.3,23,283
MINI,'COOPER S CLUBMAN',MID-SIZE,2,4,AS8,Z,10,7.2,8.7,32,205
DODGE,'JOURNEY FFV','SUV - SMALL',3.6,6,A6,X,14.2,9.5,12.1,23,284
TOYOTA,C-HR,COMPACT,2,4,AS7,X,8.7,7.5,8.2,34,189
PORSCHE,'911 CARRERA S',MINICOMPACT,3.8,6,AM7,Z,12.1,8.7,10.6,27,244
PORSCHE,'911 CARRERA 4 CABRIOLET',MINICOMPACT,3,6,AM7,Z,11,8.4,9.8,29,230
LINCOLN,'MKX AWD','SUV - SMALL',2.7,6,AS6,X,14.1,9.8,12.1,23,284
CADILLAC,'CTS AWD',MID-SIZE,3.6,6,AS8,X,13.3,9.2,11.5,25,269
PORSCHE,BOXSTER,TWO-SEATER,2,4,AM7,Z,10.5,8,9.4,30,219
NISSAN,FRONTIER,'PICKUP TRUCK - SMALL',2.5,4,M5,X,12.2,10.4,11.4,25,268
BENTLEY,'Continental GT',COMPACT,6,12,AM8,Z,19,11.6,15.7,18,364
SCION,FR-S,MINICOMPACT,2,4,M6,Z,10.9,7.9,9.6,29,224
AUDI,'A7 quattro',MID-SIZE,3,6,AM7,Z,10.9,8.2,9.7,29,226
CHRYSLER,'Voyager (Stop-Start)',MINIVAN,3.6,6,A9,X,12.4,8.4,10.6,27,249
FORD,'Transit Connect Wagon LWB FFV','SPECIAL PURPOSE VEHICLE',2,4,AS8,E,13.7,11.1,12.5,23,208
HYUNDAI,ACCENT,COMPACT,1.6,4,M6,X,8.7,6.3,7.6,37,176
CHEVROLET,CORVETTE,TWO-SEATER,6.2,8,AS8,Z,15.5,9.2,12.7,22,297
MITSUBISHI,'OUTLANDER 4WD','SUV - SMALL',2.4,4,AV6,X,9.9,8.1,9.1,31,209
FORD,'TAURUS FFV AWD',FULL-SIZE,3.5,6,AS6,E,18.7,13.3,16.3,17,271
MERCEDES-BENZ,'C 250 COUPE',SUBCOMPACT,1.8,4,AS7,Z,10.9,7.5,9.4,30,216
KIA,'FORTE 5',FULL-SIZE,2,4,M6,X,9.7,6.9,8.4,34,197
FORD,MUSTANG,SUBCOMPACT,3.7,6,AS6,X,12.6,8.5,10.7,26,253
INFINITI,'Q50 AWD',MID-SIZE,2,4,AS7,Z,10.6,8.4,9.6,29,226
ROLLS-ROYCE,'PHANTOM EWB',FULL-SIZE,6.7,12,AS8,Z,20.7,12.9,17.2,16,404
CADILLAC,ATS,COMPACT,2,4,AS8,Z,10.5,7.7,9.2,31,216
FORD,'Flex AWD GTDI','SUV - STANDARD',3.5,6,AS6,X,15.7,11.2,13.7,21,322
AUDI,'A5 QUATTRO',SUBCOMPACT,2,4,M6,Z,9.9,7.1,8.7,32,204
HYUNDAI,Elantra,MID-SIZE,1.6,4,AM7,X,8.9,7,8.1,35,192
DODGE,'CHALLENGER GT AWD FFV',MID-SIZE,3.6,6,A8,E,17.6,12,15,19,248
GMC,SIERRA,'PICKUP TRUCK - STANDARD',5.3,8,A8,X,14.9,10.9,13.1,22,307
CHEVROLET,TAHOE,'SUV - STANDARD',5.3,8,A6,X,15.1,10.4,13,22,305
PORSCHE,'911 CARRERA 4S',MINICOMPACT,3,6,M7,Z,12.1,8.4,10.4,27,243
FORD,'F-150 4X4','PICKUP TRUCK - STANDARD',3,6,AS10,D,11.9,9.4,10.8,26,290
VOLVO,'XC60 T5 AWD','SUV - SMALL',2.5,5,AS6,X,12.5,9.2,11,26,254
MINI,'John Cooper Works Convertible',MINICOMPACT,2,4,AS6,Z,9.4,7.2,8.4,34,197
CHRYSLER,300,FULL-SIZE,3.6,6,A8,X,12.4,7.8,10.3,27,242
LEXUS,'IS 350 AWD',COMPACT,3.5,6,AS6,Z,12.6,9.2,11.1,25,258
FORD,'FLEX AWD (EcoBoost)','SUV - STANDARD',3.5,6,AS6,X,14.6,10.4,12.8,22,294
CHRYSLER,'200 SEDAN FFV',MID-SIZE,3.6,6,A6,X,12.5,8.1,10.5,27,242
VOLVO,'V60 T5 AWD','STATION WAGON - SMALL',2,4,AS8,X,11,8.1,9.7,29,226
BMW,'530i xDrive',MID-SIZE,2,4,AS8,Z,10.2,7.2,8.8,32,207
AUDI,'A5 CABRIOLET QUATTRO',SUBCOMPACT,2,4,AS8,Z,11.3,8,9.8,29,230
CADILLAC,ATS,COMPACT,3.6,6,AS8,X,11.6,7.9,9.9,29,233
RAM,'1500 FFV','PICKUP TRUCK - STANDARD',3.6,6,A8,X,13.9,9.5,11.9,24,274
FORD,'TAURUS FFV',FULL-SIZE,3.5,6,AS6,X,13.1,8.7,11.1,25,260
RAM,'1500 Classic FFV','PICKUP TRUCK - STANDARD',3.6,6,A8,X,13.9,9.6,11.9,24,280
SUBARU,BRZ,MINICOMPACT,2,4,AS6,Z,9.6,7.1,8.5,33,196
GENESIS,'G70 AWD',COMPACT,2,4,AS8,Z,11.4,8.6,10.2,28,238
AUDI,'A3 TDI (modified)',SUBCOMPACT,2,4,AM6,D,7.6,5.5,6.5,43,177
PORSCHE,'911 CARRERA CABRIOLET',MINICOMPACT,3,6,AM7,Z,10.8,8.3,9.7,29,227
JEEP,'Grand Cherokee 4X4','SUV - STANDARD',5.7,8,A8,X,16.7,10.9,14.1,20,331
VOLVO,'V60 CC AWD','SUV - SMALL',2.5,5,AS6,X,11.8,8.5,10.3,27,237
TOYOTA,CAMRY,MID-SIZE,3.5,6,AS6,X,11,7.7,9.5,30,218
FORD,'Expedition 4X4','SUV - STANDARD',3.5,6,AS10,X,14.1,10.6,12.5,23,293
HONDA,'CIVIC SEDAN',MID-SIZE,2,4,AV,X,7.8,5.8,6.9,41,162
HONDA,Odyssey,MINIVAN,3.5,6,AS9,X,12.6,8.4,10.7,26,252
MERCEDES-BENZ,'AMG GLE 43 4MATIC Coupe','SUV - STANDARD',3,6,A9,Z,14.1,10.9,12.6,22,297
BMW,'335i SEDAN',COMPACT,3,6,AS8,Z,11.4,7.4,9.6,29,221
FORD,'F-150 4X4 (Payload Pkg)','PICKUP TRUCK - STANDARD',3.5,6,AS10,X,14.7,11.2,13.1,22,308
DODGE,Challenger,MID-SIZE,3.6,6,A8,X,12.4,7.8,10.3,27,242
KIA,'OPTIMA HYBRID',MID-SIZE,2,4,AS6,X,6,5.1,5.6,50,132
'ASTON MARTIN','V8 VANTAGE S',TWO-SEATER,4.7,8,AM7,Z,17.4,11.3,14.7,19,343
PORSCHE,'911 Carrera S Cabriolet',MINICOMPACT,3,6,AM8,Z,12.7,10.2,11.6,24,272
CADILLAC,'ESCALADE 4WD','SUV - STANDARD',6.2,8,A6,Z,16.2,11.4,14,20,322
NISSAN,Qashqai,'STATION WAGON - SMALL',2,4,M6,X,10.1,8.1,9.2,31,217
KIA,'FORTE 5',FULL-SIZE,2,4,M6,X,9.7,6.9,8.4,34,197
CHEVROLET,'CRUZE LIMITED',MID-SIZE,1.8,4,M6,X,9.4,6.6,8.1,35,190
BENTLEY,Bentayga,'SUV - STANDARD',6,12,AS8,Z,20,13.8,17.2,16,401
KIA,RONDO,'STATION WAGON - MID-SIZE',2,4,M6,X,10.8,7.4,9.3,30,214
BUICK,VERANO,COMPACT,2,4,AS6,Z,11.4,7.9,9.8,29,231
BMW,'650i xDRIVE CABRIOLET',SUBCOMPACT,4.4,8,AS8,Z,15.2,9.8,12.8,22,294
AUDI,'ALLROAD QUATTRO','STATION WAGON - SMALL',2,4,AS8,Z,11.8,8.8,10.5,27,242
NISSAN,FRONTIER,'PICKUP TRUCK - SMALL',4,6,A5,X,14.8,10.6,12.9,22,304
PORSCHE,MACAN,'SUV - SMALL',2,4,A7,Z,11.6,9.3,10.6,27,248
BMW,'750Li xDRIVE',FULL-SIZE,4.4,8,A8,Z,15,9.8,12.7,22,292
VOLVO,'XC70 T5','SUV - SMALL',2,4,AS8,X,10.3,7.6,9.1,31,213
DODGE,'Challenger Widebody (MDS)',MID-SIZE,6.4,8,A8,Z,15.8,9.6,13,22,305
DODGE,'CHALLENGER SRT HELLCAT',MID-SIZE,6.2,8,M6,Z,18.1,11.4,15.1,19,352
HONDA,'PILOT AWD','SUV - SMALL',3.5,6,A6,X,13,9.3,11.3,25,266
FORD,FIESTA,SUBCOMPACT,1.6,4,AS6,X,8.7,6.4,7.6,37,175
FORD,'MUSTANG CONVERTIBLE',SUBCOMPACT,3.7,6,A6,X,12.5,8.2,10.6,27,244
CHEVROLET,SILVERADO,'PICKUP TRUCK - STANDARD',6.2,8,A8,Z,16.1,11.4,14,20,322
GMC,TERRAIN,'SUV - SMALL',3.6,6,A6,X,14.1,9.7,12.1,23,285
CADILLAC,'CT6 AWD',FULL-SIZE,3.6,6,AS10,X,13,8.8,11.1,25,261
PORSCHE,'911 CARRERA 4 GTS CABRIOLET',MINICOMPACT,3,6,M7,Z,12.9,9.1,11.1,25,260
CHEVROLET,EQUINOX,'SUV - SMALL',2.4,4,A6,X,10.5,7.3,9.1,31,209
CADILLAC,CTS,MID-SIZE,2,4,AS6,Z,11.5,7.9,9.9,29,228
JEEP,'COMPASS 4X4','SUV - SMALL',2.4,4,A6,X,11.4,8.7,10.2,28,235
FORD,'TAURUS AWD',FULL-SIZE,3.5,6,AS6,X,14.7,9.8,12.5,23,293
BMW,'X1 xDRIVE35i','SUV - SMALL',3,6,A6,Z,13.2,8.9,11.3,25,260
MINI,'JOHN COOPER WORKS',SUBCOMPACT,2,4,AS6,Z,9.4,7.5,8.5,33,199
MINI,'COOPER S CLUBMAN ALL4',MID-SIZE,2,4,M6,Z,11.4,7.8,9.7,29,227
TOYOTA,COROLLA,MID-SIZE,1.8,4,M6,X,8.3,6.3,7.4,38,170
KIA,RONDO,'STATION WAGON - MID-SIZE',2,4,M6,X,10.8,7.4,9.3,30,214
TOYOTA,'SEQUOIA 4WD','SUV - STANDARD',5.7,8,AS6,X,19,13.9,16.7,17,384
FORD,'FLEX AWD','SUV - STANDARD',3.5,6,AS6,X,13.7,10.1,12.1,23,278
MAZDA,'Mazda3 5-Door 4WD',MID-SIZE,2.5,4,AS6,X,9.8,7.4,8.7,32,204
HYUNDAI,Elantra,MID-SIZE,1.6,4,M6,X,10.7,7.8,9.4,30,221
AUDI,S5,SUBCOMPACT,3,6,A7,Z,13.2,9.2,11.4,25,262
VOLVO,'XC70 T5','SUV - SMALL',2,4,AS8,X,10.3,7.6,9.1,31,213
JEEP,Compass,'SUV - SMALL',2.4,4,A6,X,10.6,7.6,9.3,30,218
MERCEDES-BENZ,'AMG C 63 S CABRIOLET',SUBCOMPACT,4,8,AS7,Z,14,10.1,12.2,23,291
PORSCHE,'911 CARRERA S',MINICOMPACT,3.8,6,AM7,Z,11.9,8.7,10.5,27,245
PORSCHE,'Cayenne S','SUV - STANDARD',2.9,6,AS8,Z,12.9,10.4,11.8,24,275
ACURA,'TLX SH-AWD A-SPEC',COMPACT,3.5,6,AS9,Z,12,8.2,10.3,27,240
VOLKSWAGEN,GOLF,COMPACT,1.8,4,AS6,X,9.3,6.5,8.1,35,186
JAGUAR,'XE 20d AWD',COMPACT,2,4,AS8,D,7.8,5.8,6.9,41,186
NISSAN,Rogue,'SUV - SMALL',2.5,4,AV,X,9.1,7.1,8.2,34,192
'LAND ROVER','RANGE ROVER SPORT V6 3.0 SC FFV','SUV - STANDARD',3,6,AS8,Z,14.2,10.2,12.4,23,285
GMC,'Yukon 4WD','SUV - STANDARD',6.2,8,A10,Z,16.5,10.9,13.9,20,327
JAGUAR,'F-TYPE COUPE',TWO-SEATER,3,6,AS8,Z,11.9,8.5,10.4,27,242
MERCEDES-BENZ,'AMG GT S COUPE',TWO-SEATER,4,8,AM7,Z,14.5,10.8,12.8,22,302
VOLKSWAGEN,'BEETLE CONVERTIBLE',SUBCOMPACT,1.8,4,AS6,X,9.8,7.3,8.7,32,200
FORD,FLEX,'SUV - STANDARD',3.5,6,AS6,X,14.7,10.2,12.7,22,298
PORSCHE,BOXSTER,TWO-SEATER,2,4,AM7,Z,10.5,8,9.4,30,219
BMW,'650i xDRIVE CABRIOLET',SUBCOMPACT,4.4,8,AS8,Z,14.3,9.3,12.1,23,283
MERCEDES-BENZ,'AMG SL 63',TWO-SEATER,5.5,8,AS7,Z,14.7,9.5,12.4,23,298
MAZDA,'CX-5 4WD','SUV - SMALL',2,4,AS6,X,9.3,7.6,8.5,33,196
HYUNDAI,IONIQ,FULL-SIZE,1.6,4,AM6,X,4.2,4.2,4.2,67,99
DODGE,'GRAND CARAVAN FFV',MINIVAN,3.6,6,A6,X,13.7,9.4,11.8,24,271
HYUNDAI,'GENESIS AWD',FULL-SIZE,5,8,AS8,Z,17.3,10.5,14.2,20,327
CHRYSLER,'Voyager (Stop-Start)',MINIVAN,3.6,6,A9,X,12.4,8.4,10.6,27,249
VOLKSWAGEN,GOLF,COMPACT,1.8,4,AS6,X,9.4,6.7,8.2,34,192
CHEVROLET,SONIC,COMPACT,1.8,4,M5,X,9,6.8,8,35,187
CHEVROLET,'CRUZE ECO',MID-SIZE,1.4,4,A6,X,9.1,6,7.7,37,177
NISSAN,370Z,TWO-SEATER,3.7,6,M6,Z,13.3,9.3,11.5,25,264
GMC,'Yukon XL 4WD','SUV - STANDARD',6.2,8,A10,Z,17.2,11.4,14.6,19,343
AUDI,'A5 QUATTRO',SUBCOMPACT,2,4,AS8,Z,11,7.8,9.6,29,224
GMC,'Yukon XL 4WD','SUV - STANDARD',6.2,8,A10,Z,17.2,11.4,14.6,19,343
MERCEDES-BENZ,'ML 350 BLUETEC 4MATIC','SUV - STANDARD',3,6,AS7,D,11.8,8.5,10.3,27,278
FORD,'F-150 FFV 4X4','PICKUP TRUCK - STANDARD',5,8,AS10,E,20.3,14.7,17.8,16,296
JEEP,'CHEROKEE 4X4 ACTIVE DRIVE I','SUV - SMALL',3.2,6,A9,X,11.6,8.6,10.3,27,241
'LAND ROVER','Range Rover 5.0 Supercharged LWB','SUV - STANDARD',5,8,AS8,Z,14.4,11.3,13,22,305
MERCEDES-BENZ,'AMG GLE 63 S COUPE 4MATIC','SUV - STANDARD',5.5,8,AS7,Z,17.2,12.8,15.2,19,363
GMC,'Yukon XL 4WD','SUV - STANDARD',6.2,8,A10,Z,17.1,11.3,14.5,19,340
NISSAN,MURANO,'STATION WAGON - MID-SIZE',3.5,6,AV7,X,11,8.3,9.8,29,230
CHEVROLET,'SUBURBAN 4WD','SUV - STANDARD',5.3,8,A6,X,15.4,10.8,13.3,21,312
JEEP,'RENEGADE 4X4','SUV - SMALL',2.4,4,A9,X,11.2,8.2,9.8,29,230
LINCOLN,'MKX AWD','SUV - SMALL',2.7,6,AS6,X,14.1,9.8,12.1,23,284
TOYOTA,C-HR,COMPACT,2,4,AV7,X,8.7,7.5,8.2,34,189
SUBARU,'Outback AWD','SUV - SMALL',2.4,4,AV8,X,10.1,7.9,9.1,31,213
TOYOTA,VENZA,'SUV - SMALL',3.5,6,AS6,X,12.5,9,10.9,26,256
'LAND ROVER','RANGE ROVER EVOQUE CONVERTIBLE','SUV - SMALL',2,4,AS9,Z,11.2,8.2,9.8,29,231
VOLKSWAGEN,PASSAT,MID-SIZE,3.6,6,AM6,X,12.2,8.5,10.6,27,246
VOLKSWAGEN,'Atlas 4MOTION','SUV - STANDARD',3.6,6,AS8,X,13.8,10.2,12.2,23,286
GENESIS,'G90 AWD',FULL-SIZE,3.3,6,AS8,Z,13.6,9.5,11.8,24,280
'ALFA ROMEO','4C Spider',TWO-SEATER,1.8,4,AM6,Z,9.7,6.9,8.4,34,197
'ALFA ROMEO','STELVIO AWD','SUV - SMALL',2,4,A8,Z,10.8,8.3,9.6,29,226
DODGE,Challenger,MID-SIZE,5.7,8,M6,Z,15.6,10.1,13.1,22,307
LINCOLN,'CONTINENTAL AWD',FULL-SIZE,2.7,6,AS6,X,14,9.4,12,24,280
CHEVROLET,Equinox,'SUV - SMALL',1.5,4,A6,X,9.2,7.3,8.3,34,196
DODGE,'CHARGER SRT HELLCAT',FULL-SIZE,6.2,8,A8,Z,17.6,10.7,14.5,19,339
MERCEDES-BENZ,'AMG GT S COUPE',TWO-SEATER,4,8,AM7,Z,14.5,10.8,12.8,22,302
BMW,'Alpina B7 xDrive',FULL-SIZE,4.4,8,AS8,Z,14.5,9.9,12.4,23,290
DODGE,'Durango AWD SRT','SUV - STANDARD',6.4,8,A8,Z,18.3,12.2,15.6,18,363
MAZDA,'MAZDA6 (i-ELOOP)',MID-SIZE,2.5,4,AS6,X,8.5,5.9,7.3,39,171
GMC,'TERRAIN FFV','SUV - SMALL',2.4,4,A6,X,10.5,7.3,9.1,31,214
NISSAN,'NV200 CARGO VAN','SPECIAL PURPOSE VEHICLE',2,4,AV,X,10,8.5,9.3,30,214
MITSUBISHI,RVR,'SUV - SMALL',2,4,AV6,X,9.7,7.8,8.8,32,204
FORD,FLEX,'SUV - STANDARD',3.5,6,AS6,X,13.2,9.4,11.5,25,264
GMC,'Sierra WT 4WD','PICKUP TRUCK - STANDARD',2.7,4,A8,X,12.7,11,12,24,280
SUBARU,BRZ,MINICOMPACT,2,4,AS6,Z,9.6,7.1,8.5,33,196
VOLKSWAGEN,BEETLE,COMPACT,1.8,4,M5,X,9.9,7.2,8.7,32,200
JEEP,'RENEGADE 4X4','SUV - SMALL',2.4,4,A9,X,11.2,8.2,9.8,29,230
AUDI,'TTS Coupe',SUBCOMPACT,2,4,AM7,Z,10.4,8.2,9.4,30,220
DODGE,Charger,FULL-SIZE,3.6,6,A8,X,12.4,7.8,10.3,27,242
HYUNDAI,'TUCSON 4WD','SUV - SMALL',2,4,A6,X,11.4,9.3,10.5,27,242
PORSCHE,'Macan S','SUV - SMALL',3,6,AM7,Z,12.9,10.2,11.7,24,272
FORD,'Edge AWD','SUV - SMALL',2,4,A8,X,11.4,8.3,10,28,233
VOLKSWAGEN,TOUAREG,'SUV - STANDARD',3.6,6,AS8,Z,14.1,10.4,12.4,23,292
FORD,'C-MAX HYBRID',FULL-SIZE,2,4,AV,X,5.7,6.2,5.9,48,138
GMC,TERRAIN,'SUV - SMALL',2.4,4,A6,X,10.5,7.3,9.1,31,209
LEXUS,'IS 250',COMPACT,2.5,6,AS6,Z,11.2,7.8,9.7,29,223
MAZDA,MX-5,TWO-SEATER,2,4,AS6,Z,9,6.6,7.9,36,186
FORD,'ESCAPE AWD','SUV - SMALL',2,4,AS6,X,11.4,8.4,10,28,236
HONDA,Accord,FULL-SIZE,1.5,4,AV,X,7.9,6.3,7.2,39,168
FORD,Mustang,SUBCOMPACT,5,8,AS10,X,15,9.1,12.3,23,289
MAZDA,'MX-5 (SIL)',TWO-SEATER,2,4,M6,Z,8.8,6.9,7.8,36,183
BMW,'435i xDRIVE COUPE',COMPACT,3,6,AS8,Z,12,7.9,10.2,28,238
BENTLEY,'Flying Spur',MID-SIZE,6,12,AM8,Z,19.2,12.2,16,18,373
MERCEDES-BENZ,'E 400 4MATIC CABRIOLET',SUBCOMPACT,3,6,A9,Z,12,9.2,10.8,26,251
VOLKSWAGEN,'GOLF TDI (modified)',COMPACT,2,4,AM6,D,7.6,5.5,6.5,43,177
CHEVROLET,'IMPALA FFV',FULL-SIZE,3.6,6,AS6,X,12.5,8.2,10.6,27,248
HONDA,'HR-V AWD','STATION WAGON - SMALL',1.8,4,AV7,X,8.9,7.5,8.2,34,194
TOYOTA,'Prius c',COMPACT,1.5,4,AV,X,4.9,5.5,5.1,55,120
MERCEDES-BENZ,'CLA 250',COMPACT,2,4,AS7,Z,9.1,6.2,7.8,36,179
CHRYSLER,'300 AWD',FULL-SIZE,3.6,6,A8,X,12.8,8.7,11,26,258
MAZDA,MAZDA5,MINIVAN,2.5,4,AS5,X,10.8,8.2,9.6,29,226
CADILLAC,'CTS Vsport',MID-SIZE,3.6,6,AS8,Z,15,9.9,12.7,22,311
MERCEDES-BENZ,'E 400 CABRIOLET',SUBCOMPACT,3.5,6,AS7,Z,11.5,8.1,10,28,230
CHEVROLET,Camaro,SUBCOMPACT,3.6,6,M6,X,14.3,8.8,11.8,24,277
VOLKSWAGEN,TIGUAN,'SUV - SMALL',2,4,M6,Z,13,9,11.2,25,259
NISSAN,'370Z ROADSTER',TWO-SEATER,3.7,6,M6,Z,13.6,9.7,11.8,24,278
'ASTON MARTIN',VANQUISH,MINICOMPACT,6,12,A8,Z,17.6,11.4,14.8,19,340
BMW,'328d xDRIVE',COMPACT,2,4,A8,D,7.6,5.5,6.7,42,181
SCION,FR-S,MINICOMPACT,2,4,M6,Z,10.9,7.9,9.6,29,221
PORSCHE,'911 CARRERA CABRIOLET',MINICOMPACT,3,6,AM7,Z,10.8,8.3,9.7,29,227
NISSAN,'PATHFINDER 4WD','SUV - SMALL',3.5,6,AV,X,12.1,8.9,10.7,26,251
MERCEDES-BENZ,'CLS 400 4MATIC',COMPACT,3,6,AS7,Z,12.1,8.5,10.5,27,242
LEXUS,'ES 300h',MID-SIZE,2.5,4,AV6,X,5.8,6.1,5.9,48,139
INFINITI,'Q60 COUPE',SUBCOMPACT,3.7,6,M6,Z,13.5,9.3,11.6,24,267
MITSUBISHI,'OUTLANDER 4WD','SUV - SMALL',2.4,4,AV6,X,9.9,8.1,9.1,31,209
MINI,'COOPER S 5 DOOR',SUBCOMPACT,2,4,M6,Z,10.3,7.4,9,31,210
BMW,340i,COMPACT,3,6,AS8,Z,10.9,7.2,9.3,30,217
'ALFA ROMEO','Giulia Quadrifoglio',MID-SIZE,2.9,6,A8,Z,13.5,9.3,11.6,24,271
HYUNDAI,'VELOSTER TURBO',COMPACT,1.6,4,M6,X,9.7,7.1,8.5,33,196
BMW,'328i xDRIVE GRAN TURISMO',FULL-SIZE,2,4,A8,Z,10.6,7.2,9.1,31,209
FORD,FUSION,MID-SIZE,2.5,4,AS6,X,10.5,6.9,8.9,32,209
CHEVROLET,Camaro,SUBCOMPACT,2,4,M6,Z,11.9,7.9,10.1,28,235
ROLLS-ROYCE,WRAITH,MID-SIZE,6.6,12,AS8,Z,19,12.5,16.1,18,375
MITSUBISHI,LANCER,COMPACT,2,4,AV6,X,9.2,7,8.2,34,189
FORD,'EXPLORER FFV AWD','SUV - STANDARD',3.5,6,AS6,E,19.7,14.3,17.3,16,288
FORD,'TAURUS FFV AWD',FULL-SIZE,3.5,6,AS6,X,13.6,9.9,12.4,23,291
HYUNDAI,'TUCSON 4WD','SUV - SMALL',2,4,A6,X,11.4,9.3,10.5,27,242
CHEVROLET,'CRUZE LIMITED',MID-SIZE,1.8,4,M6,X,9.4,6.6,8.1,35,190
JEEP,PATRIOT,'SUV - SMALL',2,4,AV,X,10.8,8.9,10,28,234
JEEP,'CHEROKEE 4X4 FFV','SUV - SMALL',2.4,4,A9,E,15.9,11,13.7,21,226
JEEP,COMPASS,'SUV - SMALL',2,4,A6,X,11.1,8.3,9.8,29,225
GMC,ACADIA,'SUV - STANDARD',2.5,4,A6,X,11,9.2,10.2,28,239
NISSAN,JUKE,'STATION WAGON - SMALL',1.6,4,M6,Z,8.5,6.9,7.8,36,183
BMW,'M240i Coupe M Performance',SUBCOMPACT,3,6,AS8,Z,11.2,7.8,9.7,29,227
CHEVROLET,'IMPALA FFV',FULL-SIZE,3.6,6,AS6,X,12.5,8.2,10.6,27,248
BMW,'X4 M','SUV - SMALL',3,6,AS8,Z,16.6,12.1,14.6,19,339
FORD,'EXPLORER FFV AWD','SUV - STANDARD',3.5,6,AS6,E,19.7,14.3,17.3,16,288
FORD,'FOCUS FFV',COMPACT,2,4,AS6,X,8.9,6.4,7.8,36,179
BMW,'740Li xDRIVE SEDAN',FULL-SIZE,3,6,AS8,Z,12.1,8.1,10.3,27,237
MITSUBISHI,'LANCER EVOLUTION',COMPACT,2,4,M5,Z,14,10.3,12.3,23,283
MERCEDES-BENZ,'C 250 COUPE',SUBCOMPACT,1.8,4,AS7,Z,11,7.4,9.4,30,216
CADILLAC,'CTS Vsport',MID-SIZE,3.6,6,AS8,Z,15,9.9,12.7,22,311
PORSCHE,'911 CARRERA 4S CABRIOLET',MINICOMPACT,3.8,6,M7,Z,12.9,9.2,11.2,25,258
CHEVROLET,SILVERADO,'PICKUP TRUCK - STANDARD',6.2,8,A8,Z,16.1,11.4,14,20,322
ROLLS-ROYCE,'PHANTOM COUPE',COMPACT,6.7,12,A8,Z,20.7,12.8,17.1,17,393
GMC,SIERRA,'PICKUP TRUCK - STANDARD',5.3,8,A6,X,14.6,10.3,12.7,22,292
CADILLAC,XTS,FULL-SIZE,3.6,6,AS6,X,13.2,8.5,11.1,25,260
JAGUAR,'F-TYPE CONVERTIBLE',TWO-SEATER,3,6,M6,Z,14.9,9.8,12.6,22,296
KIA,FORTE,MID-SIZE,2,4,A6,X,9.8,6.6,8.4,34,193
CHEVROLET,'SONIC 5 RS',MID-SIZE,1.4,4,AS6,X,9.4,7,8.3,34,191
BMW,M2,SUBCOMPACT,3,6,M6,Z,13.1,9.2,11.4,25,267
PORSCHE,CAYENNE,'SUV - STANDARD',3.6,6,A8,Z,12.9,9.7,11.5,25,268
AUDI,'A3 CABRIOLET QUATTRO',SUBCOMPACT,2,4,AM6,X,10.8,8,9.5,30,223
BMW,'330i xDrive',COMPACT,2,4,AS8,Z,9.5,6.9,8.3,34,194
VOLKSWAGEN,TOUAREG,'SUV - STANDARD',3.6,6,AS8,Z,14.1,10.4,12.4,23,292
CHEVROLET,'Silverado WT 4WD','PICKUP TRUCK - STANDARD',2.7,4,A8,X,12.7,11,12,24,280
PORSCHE,Macan,'SUV - SMALL',2,4,AM7,Z,12.2,10.2,11.3,25,264
FORD,'F-150 4X4 (Payload Pkg)','PICKUP TRUCK - STANDARD',3.5,6,AS10,X,14,11,12.7,22,298
FORD,'F-150 FFV (LT Tire Pkg)','PICKUP TRUCK - STANDARD',5,8,AS10,X,14.7,11.2,13.1,22,307
KIA,Sorento,'SUV - SMALL',2.4,4,AS6,X,10.7,8.2,9.6,29,225
BMW,'430i xDRIVE CABRIOLET',SUBCOMPACT,2,4,AS8,Z,10.7,7.3,9.1,31,214
HYUNDAI,'Santa Fe XL Ultimate AWD','SUV - SMALL',3.3,6,AS6,X,14.1,10.8,12.6,22,297
MERCEDES-BENZ,'B 250','STATION WAGON - SMALL',2,4,AS7,Z,9.2,6.6,8,35,184
GMC,'YUKON DENALI 4WD','SUV - STANDARD',6.2,8,A8,Z,15.9,11.1,13.8,20,317
HYUNDAI,ELANTRA,MID-SIZE,2,4,AS6,X,8.3,6.4,7.4,38,174
JEEP,'GRAND CHEROKEE 4X4','SUV - STANDARD',5.7,8,A8,X,16.6,10.7,14,20,328
HONDA,FIT,'STATION WAGON - SMALL',1.5,4,AV,X,7,5.9,6.5,43,151
CHRYSLER,'PACIFICA (Stop-Start)',MINIVAN,3.6,6,A9,X,12.4,8.4,10.6,27,249
FORD,'Edge AWD','SUV - SMALL',2,4,A8,X,11.4,8.3,10,28,233
CHEVROLET,COLORADO,'PICKUP TRUCK - SMALL',2.5,4,A6,X,12,9.2,10.7,26,252
FORD,'TAURUS AWD',FULL-SIZE,3.5,6,AS6,X,13.7,9.4,11.8,24,271
HONDA,'CR-V AWD','SUV - SMALL',1.5,4,AV,X,8.7,7.4,8.1,35,189
VOLVO,'S60 T5 AWD',COMPACT,2.5,5,AS6,X,11.6,8.2,10.1,28,232
'ASTON MARTIN','V8 VANTAGE',TWO-SEATER,4.7,8,M6,Z,18.1,12.3,15.5,18,362
PORSCHE,'911 CARRERA S CABRIOLET',MINICOMPACT,3,6,M7,Z,12.1,8.3,10.4,27,243
CHRYSLER,'200 SEDAN FFV',MID-SIZE,3.6,6,A6,X,12.5,8.1,10.5,27,242
HONDA,'CR-V AWD','SUV - SMALL',1.5,4,AV,X,8.7,7.4,8.1,35,189
SUBARU,BRZ,MINICOMPACT,2,4,AS6,Z,9.6,7.1,8.5,33,196
MINI,'JOHN COOPER WORKS CONVERTIBLE',MINICOMPACT,1.6,4,A6,Z,9.3,7,8.3,34,191
CHEVROLET,'Colorado ZR2 4WD','PICKUP TRUCK - SMALL',2.8,4,A6,D,13.3,10.6,12.1,23,326
MAZDA,'MAZDA3 5-DOOR',MID-SIZE,2,4,AS6,X,8,5.9,7.1,40,163
MERCEDES-BENZ,'G 63 AMG','SUV - STANDARD',5.5,8,AS7,Z,20,16.6,18.5,15,426
PORSCHE,'911 Turbo',MINICOMPACT,3.8,6,AM7,Z,12.6,9.9,11.4,25,266
MERCEDES-BENZ,'GLE 400 4MATIC','SUV - STANDARD',3,6,A9,Z,13.1,10.1,11.7,24,276
MINI,'COOPER COUNTRYMAN',COMPACT,1.6,4,M6,Z,8.6,6.8,7.8,36,179
CHEVROLET,'SONIC 5','STATION WAGON - SMALL',1.8,4,M5,X,9,6.8,8,35,187
AUDI,'A3 TDI (modified)',SUBCOMPACT,2,4,AM6,D,7.6,5.5,6.5,43,177
TOYOTA,'RAV4 Hybrid AWD','SUV - SMALL',2.5,4,AV6,X,5.8,6.3,6,47,140
BUICK,'ENVISION AWD','SUV - SMALL',2,4,A6,Z,11.8,9.1,10.6,27,248
MERCEDES-BENZ,'E 350 CABRIOLET',SUBCOMPACT,3.5,6,AS7,Z,12,8.5,10.4,27,239
AUDI,'A3 CABRIOLET QUATTRO',SUBCOMPACT,2,4,AM6,X,10.8,8,9.5,30,223
BMW,'740Li xDRIVE SEDAN',FULL-SIZE,3,6,AS8,Z,12.1,8.1,10.3,27,237
VOLKSWAGEN,BEETLE,COMPACT,1.8,4,M5,X,9.5,7.1,8.4,34,198
NISSAN,'PATHFINDER 4WD','SUV - SMALL',3.5,6,AV,X,12.1,8.9,10.7,26,250
HYUNDAI,'ELANTRA GT',FULL-SIZE,2,4,AS6,X,9.4,7.2,8.4,34,198
MINI,'JOHN COOPER WORKS CONVERTIBLE',MINICOMPACT,1.6,4,M6,Z,9.1,6.8,8.1,35,186
PORSCHE,BOXSTER,TWO-SEATER,2.7,6,M6,Z,11.5,7.9,9.9,29,228
BMW,'330i xDRIVE GRAN TURISMO',FULL-SIZE,2,4,AS8,Z,10.5,7.4,9.1,31,213
CADILLAC,CTS,MID-SIZE,2,4,AS6,Z,11.5,7.9,9.9,29,228
ROLLS-ROYCE,DAWN,COMPACT,6.6,12,AS8,Z,20,12.6,16.7,17,390
MERCEDES-BENZ,'CLA 250',COMPACT,2,4,AS7,Z,9.4,6.4,8.1,35,188
BMW,'M240i Coupe M Performance',SUBCOMPACT,3,6,AS8,Z,11.2,7.8,9.7,29,227
BMW,'435i xDRIVE GRAN COUPE',COMPACT,3,6,AS8,Z,11.9,7.8,10,28,230
BMW,'440i Coupe',COMPACT,3,6,AS8,Z,11.2,7.3,9.4,30,227
BMW,'428i COUPE',COMPACT,2,4,M6,Z,10.7,7,9,31,211
FORD,'E150 WAGON FFV','VAN - PASSENGER',4.6,8,A4,X,18.6,14.6,16.8,17,386
RAM,'1500 Classic','PICKUP TRUCK - STANDARD',3.6,6,A8,X,13.9,9.6,11.9,24,280
MERCEDES-BENZ,'GLA 250 4MATIC','SUV - SMALL',2,4,AS7,Z,9.8,7.4,8.7,32,200
GMC,'Yukon XL 4WD','SUV - STANDARD',6.2,8,A10,Z,17.2,11.4,14.6,19,343
BMW,320i,COMPACT,2,4,AS8,Z,10,6.5,8.4,34,200
HYUNDAI,ACCENT,COMPACT,1.6,4,A6,X,8.8,6.3,7.7,37,177
FORD,'F-150 FFV 4X4','PICKUP TRUCK - STANDARD',5,8,AS10,X,15.1,11.6,13.5,21,317
BUICK,'REGAL eASSIST',MID-SIZE,2.4,4,AS6,X,9.6,6.5,8.2,34,193
HONDA,'CIVIC COUPE',COMPACT,1.5,4,AV,X,7.5,5.6,6.7,42,155
AUDI,'A5 SPORTBACK QUATTRO',MID-SIZE,2,4,AM7,Z,10,7,8.7,32,203
FIAT,'124 Spider',TWO-SEATER,1.4,4,M6,X,9,6.7,7.9,36,185
DODGE,Charger,FULL-SIZE,3.6,6,A8,X,12.4,7.8,10.3,27,242
MINI,'COOPER 3 DOOR',SUBCOMPACT,1.5,3,AS6,Z,8.5,6.3,7.5,38,172
MITSUBISHI,'RVR 4WD','SUV - SMALL',2.4,4,AV6,X,10.3,8.3,9.4,30,219
GMC,TERRAIN,'SUV - SMALL',2.4,4,A6,X,10.5,7.3,9.1,31,209
GENESIS,'G70 AWD',COMPACT,2,4,AS8,Z,11.4,8.6,10.2,28,238
GMC,'SAVANA 2500 PASSENGER','VAN - PASSENGER',4.8,8,A6,X,21.1,14.2,18,16,414
GMC,'SIERRA 4WD FFV','PICKUP TRUCK - STANDARD',5.3,8,A6,E,20.5,14.4,17.8,16,295
HONDA,'ACCORD COUPE',MID-SIZE,3.5,6,M6,X,12.9,8.4,10.9,26,254
FORD,'FLEX AWD GTDI','SUV - STANDARD',3.5,6,AS6,X,15.7,11.2,13.7,21,321
MERCEDES-BENZ,'C 350 COUPE',SUBCOMPACT,3.5,6,AS7,Z,12.1,8.6,10.5,27,242
PORSCHE,'911 CARRERA 4S',MINICOMPACT,3,6,M7,Z,12.1,8.4,10.4,27,243
VOLKSWAGEN,JETTA,COMPACT,1.4,4,AS6,X,8.5,6,7.3,39,173
CHEVROLET,'Colorado ZR2 4WD','PICKUP TRUCK - SMALL',2.8,4,A6,D,13.3,10.6,12.1,23,326
MERCEDES-BENZ,'ML 350 BLUETEC 4MATIC','SUV - STANDARD',3,6,AS7,D,11.8,8.5,10.3,27,278
GENESIS,'G90 AWD',FULL-SIZE,3.3,6,AS8,Z,13.6,9.5,11.8,24,280
KIA,'SPORTAGE AWD','SUV - SMALL',2.4,4,AS6,X,12,9.1,10.7,26,246
SUBARU,'Impreza 5-Door AWD','STATION WAGON - SMALL',2,4,M5,X,10.1,7.7,9,31,211
TOYOTA,VENZA,'SUV - SMALL',3.5,6,AS6,X,12.5,9,10.9,26,256
CHEVROLET,CAMARO,COMPACT,3.6,6,M6,X,14,8.4,11.5,25,265
PORSCHE,'911 CARRERA 4',MINICOMPACT,3.4,6,M7,Z,12.3,8.7,10.7,26,251
GMC,Sierra,'PICKUP TRUCK - STANDARD',2.7,4,A8,X,11.9,10.3,11.1,25,261
HYUNDAI,ELANTRA,MID-SIZE,2,4,AS6,X,8.3,6.4,7.4,38,174
SUBARU,'CROSSTREK AWD','SUV - SMALL',2,4,AV6,X,9.1,7.2,8.2,34,193
LEXUS,'GS 450h',MID-SIZE,3.5,6,AV8,Z,8.1,6.9,7.6,37,177
HONDA,'CIVIC SEDAN',MID-SIZE,1.5,4,AV,X,7.6,5.5,6.7,42,157
FORD,'TRANSIT CONNECT WAGON LWB FFV','SPECIAL PURPOSE VEHICLE',2.5,4,AS6,E,16.8,12.1,14.7,19,242
FORD,'F-150 FFV 4X4 (Payload Pkg)','PICKUP TRUCK - STANDARD',5,8,AS6,X,16.8,12.4,14.8,19,347
BMW,M3,COMPACT,3,6,M6,Z,13.5,9.3,11.6,24,273
MINI,'John Cooper Works Countryman ALL4',MID-SIZE,2,4,AS8,Z,10,7.8,9,31,210
MERCEDES-BENZ,'AMG GLE 43 4MATIC','SUV - STANDARD',3,6,A9,Z,13.6,10.1,12,24,281
MINI,'COOPER ROADSTER',TWO-SEATER,1.6,4,AS6,Z,8.6,6.5,7.7,37,177
ACURA,'MDX SH-AWD A-SPEC','SUV - SMALL',3.5,6,AS9,Z,12.2,9.5,11,26,258
TOYOTA,AVALON,MID-SIZE,3.5,6,AS6,X,11.4,7.7,9.7,29,226
NISSAN,Murano,'STATION WAGON - MID-SIZE',3.5,6,AV7,X,11.7,8.3,10.2,28,240
NISSAN,'NV200 CARGO VAN','SPECIAL PURPOSE VEHICLE',2,4,AV,X,9.8,8.8,9.3,30,218
MINI,'COOPER 5 DOOR',SUBCOMPACT,1.5,3,AS6,Z,8.5,6.3,7.5,38,172
MASERATI,GHIBLI,MID-SIZE,3,6,AS8,Z,14.1,9.8,12.4,23,286
MERCEDES-BENZ,'AMG S 65',FULL-SIZE,6,12,AS7,Z,17.6,10.9,14.6,19,349
AUDI,'S5 Cabriolet',SUBCOMPACT,3,6,AS8,Z,12.1,9.1,10.8,26,252
ROLLS-ROYCE,DAWN,COMPACT,6.6,12,AS8,Z,20,12.6,16.7,17,390
DODGE,Charger,FULL-SIZE,3.6,6,A8,X,12.4,7.8,10.3,27,242
'LAND ROVER',LR4,'SUV - STANDARD',3,6,AS8,Z,16.2,12.1,14.3,20,336
BMW,'320i SEDAN',COMPACT,2,4,AS8,Z,10,6.5,8.4,34,193
'ASTON MARTIN',RAPIDE,SUBCOMPACT,5.9,12,A6,Z,18,12.6,15.6,18,359
CHEVROLET,'CRUZE LIMITED',MID-SIZE,1.8,4,M6,X,9.4,6.6,8.1,35,190
BUICK,ENCLAVE,'SUV - STANDARD',3.6,6,A6,X,14.3,9.9,12.3,23,283
VOLVO,'V60 T5 AWD','STATION WAGON - SMALL',2,4,AS8,X,11,8.1,9.7,29,226
JAGUAR,'XJ AWD',FULL-SIZE,3,6,AS8,Z,14.6,9.6,12.4,23,285
LINCOLN,'MKZ AWD',MID-SIZE,3,6,AS6,X,14,9.2,11.8,24,278
KIA,'Telluride AWD','SUV - SMALL',3.8,6,AS8,X,12.5,9.6,11.2,25,264
KIA,'Sportage AWD','SUV - SMALL',2.4,4,AS6,X,10.8,9.1,10,28,239
AUDI,'TT Roadster quattro',TWO-SEATER,2,4,AM7,X,10.3,7.7,9.2,31,213
JEEP,'CHEROKEE 4X4 ACTIVE DRIVE I','SUV - SMALL',3.2,6,A9,X,11.6,8.6,10.3,27,241
BENTLEY,'CONTINENTAL GT',COMPACT,6,12,AS8,Z,18.9,11.2,15.4,18,360
CHEVROLET,'SONIC 5','STATION WAGON - SMALL',1.4,4,AS6,X,9,6.8,8,35,188
MERCEDES-BENZ,'E 400 CABRIOLET',SUBCOMPACT,3,6,AS7,Z,11.5,8.1,10,28,233
PORSCHE,'911 CARRERA 4S CABRIOLET',MINICOMPACT,3,6,M7,Z,12.2,8.5,10.5,27,246
JEEP,COMPASS,'SUV - SMALL',2,4,A6,X,11.1,8.3,9.8,29,225
GMC,'SIERRA 4WD','PICKUP TRUCK - STANDARD',5.3,8,A6,X,15,10.7,13.1,22,307
MINI,'COOPER S CLUBMAN',MID-SIZE,2,4,M6,Z,10.8,7.7,9.4,30,220
BMW,'430i xDRIVE CABRIOLET',SUBCOMPACT,2,4,AS8,Z,10.7,7.3,9.1,31,214
CHEVROLET,'EXPRESS 1500 CARGO CONV AWD','VAN - CARGO',5.3,8,A4,X,18.3,14.2,16.5,17,380
INFINITI,'QX60 HYBRID AWD','SUV - STANDARD',2.5,4,AV7,X,8.9,8.4,8.7,32,200
JEEP,CHEROKEE,'SUV - SMALL',2.4,4,A9,X,10.9,7.7,9.5,30,223
TOYOTA,TUNDRA,'PICKUP TRUCK - STANDARD',4.6,8,AS6,X,15.8,12.3,14.2,20,334
PORSCHE,'911 TARGA 4',MINICOMPACT,3,6,AM7,Z,10.9,8.4,9.8,29,228
AUDI,'A5 CABRIOLET QUATTRO',SUBCOMPACT,2,4,AS8,Z,11.3,8,9.8,29,230
JEEP,'GRAND CHEROKEE 4X4','SUV - STANDARD',5.7,8,A8,X,16.6,10.7,14,20,328
MITSUBISHI,RVR,'SUV - SMALL',2,4,M5,X,10.3,8.2,9.3,30,216
JEEP,'GRAND CHEROKEE 4X4 SRT','SUV - STANDARD',6.4,8,A8,Z,18.3,12.6,15.7,18,368
FORD,'E150 VAN FFV','VAN - CARGO',4.6,8,A4,E,24.1,19.2,21.9,13,350
DODGE,'CHALLENGER GT AWD FFV',MID-SIZE,3.6,6,A8,X,12.8,8.7,11,26,258
BMW,'430i xDRIVE CABRIOLET',SUBCOMPACT,2,4,AS8,Z,10.7,7.3,9.1,31,214
PORSCHE,'911 CARRERA 4S',MINICOMPACT,3,6,M7,Z,12.1,8.4,10.4,27,243
FORD,F-150,'PICKUP TRUCK - STANDARD',3,6,AS10,D,10.8,8,9.5,30,256
PORSCHE,'911 CARRERA S',MINICOMPACT,3.8,6,AM7,Z,11.9,8.7,10.5,27,245
SCION,FR-S,MINICOMPACT,2,4,M6,Z,10.9,7.9,9.6,29,224
FORD,'F-150 (Payload Pkg)','PICKUP TRUCK - STANDARD',2.7,6,AS10,X,12.4,9.4,11.1,25,260
AUDI,A8L,FULL-SIZE,3,6,AS8,Z,12.6,8,10.5,27,242
PORSCHE,'911 Carrera 4 GTS',MINICOMPACT,3,6,M7,Z,12.8,8.9,11,26,257
VOLKSWAGEN,CC,COMPACT,2,4,M6,Z,11.4,7.4,9.6,29,221
NISSAN,'Rogue AWD','SUV - SMALL',2.5,4,AV,X,9.6,7.5,8.7,32,204
TOYOTA,AVALON,MID-SIZE,3.5,6,AS6,X,11.4,7.7,9.7,29,226
FORD,'ESCAPE AWD','SUV - SMALL',2,4,AS6,X,11.4,8.4,10.1,28,232
AUDI,'A5 CABRIOLET QUATTRO',SUBCOMPACT,2,4,AS8,Z,11.3,8,9.8,29,225
SUBARU,'Ascent AWD','SUV - STANDARD',2.4,4,AV8,X,11.6,9,10.4,27,244
KIA,Soul,'STATION WAGON - SMALL',2,4,AS6,X,9.5,7.8,8.7,32,206
CHEVROLET,'CORVETTE Z06',TWO-SEATER,6.2,8,AS8,Z,17.7,10.2,14.3,20,335
VOLVO,'V60 T5 AWD','STATION WAGON - SMALL',2,4,AS8,X,11,8.1,9.7,29,226
HYUNDAI,'VELOSTER TURBO',COMPACT,1.6,4,M6,X,9.4,7.2,8.4,34,200
CHEVROLET,TRAVERSE,'SUV - STANDARD',2,4,A9,Z,11.7,9,10.5,27,246
BMW,'440i COUPE',COMPACT,3,6,M6,Z,12.2,8.2,10.4,27,242
'ASTON MARTIN','V8 VANTAGE',TWO-SEATER,4.7,8,M6,Z,18.1,12.3,15.5,18,356
MITSUBISHI,LANCER,COMPACT,2,4,AV6,X,9.2,7,8.2,34,189
HYUNDAI,'SANTA FE','SUV - SMALL',3.3,6,AS6,X,12.9,9.4,11.3,25,265
MINI,'JOHN COOPER WORKS CONVERTIBLE',MINICOMPACT,1.6,4,M6,Z,9.1,6.8,8.1,35,186
CHEVROLET,Camaro,SUBCOMPACT,2,4,AS8,Z,10.8,7.7,9.4,30,220
CHRYSLER,'300 AWD',FULL-SIZE,3.6,6,A8,X,12.8,8.6,10.9,26,251
BMW,'X3 M Competition','SUV - SMALL',3,6,AS8,Z,16.6,12.1,14.6,19,339
PORSCHE,'911 TURBO S EXCLUSIVE',MINICOMPACT,3.8,6,AM7,Z,13.8,10.3,12.3,23,285
PORSCHE,'911 Carrera S Cabriolet',MINICOMPACT,3,6,AM8,Z,12.7,10.2,11.6,24,272
CHEVROLET,'EXPRESS 2500 PASSENGER FFV','VAN - PASSENGER',6,8,A6,E,30.3,20.5,25.9,11,414
BMW,'440i COUPE',COMPACT,3,6,M6,Z,12.2,8.2,10.4,27,242
TOYOTA,'4Runner 4WD (Part-Time 4WD)','SUV - STANDARD',4,6,AS5,X,14.3,11.9,13.2,21,308
DODGE,Challenger,MID-SIZE,5.7,8,M6,Z,15.6,10.1,13.1,22,307
MINI,'COOPER S PACEMAN ALL4',COMPACT,1.6,4,AS6,Z,10.1,7.8,9,31,207
TOYOTA,'CAMRY HYBRID LE',MID-SIZE,2.5,4,AV6,X,4.9,4.8,4.9,58,113
MINI,'Cooper 5 Door',SUBCOMPACT,1.5,3,M6,Z,8.4,6.3,7.5,38,175
GMC,'ACADIA AWD','SUV - STANDARD',3.6,6,A6,X,16.1,10.8,13.7,21,323
AUDI,S5,SUBCOMPACT,3,6,AS8,Z,11.8,8.9,10.5,27,245
PORSCHE,'911 Carrera 4 GTS',MINICOMPACT,3,6,M7,Z,12.8,8.9,11,26,257
VOLKSWAGEN,CC,COMPACT,2,4,A6,Z,11.1,7.9,9.7,29,223
MAZDA,MAZDA5,MINIVAN,2.5,4,AS5,X,10.8,8.2,9.6,29,226
'LAND ROVER','Range Rover 5.0 Supercharged LWB','SUV - STANDARD',5,8,AS8,Z,14.4,11.3,13,22,305
HONDA,CIVIC,COMPACT,1.8,4,AV,X,7.9,6.1,7.1,40,163
CHEVROLET,'MALIBU LIMITED',MID-SIZE,2.5,4,AS6,X,10,7,8.6,33,202
CHEVROLET,MALIBU,MID-SIZE,1.5,4,A6,X,8.8,6.5,7.8,36,181
AUDI,'A5 CABRIOLET QUATTRO',SUBCOMPACT,2,4,AS8,Z,11.3,8,9.8,29,225
VOLKSWAGEN,'Atlas 4MOTION','SUV - STANDARD',3.6,6,AS8,X,13.8,10.2,12.2,23,286
DODGE,'GRAND CARAVAN FFV',MINIVAN,3.6,6,A6,X,13.7,9.4,11.8,24,271
AUDI,'Q5 HYBRID','SUV - SMALL',2,4,AS8,Z,9.8,7.9,8.9,32,205
CHEVROLET,CORVETTE,TWO-SEATER,6.2,8,AS8,Z,15.5,9.2,12.7,22,297
PORSCHE,'Panamera 4 ST',FULL-SIZE,3,6,AM8,Z,12.2,8.9,10.7,26,250
NISSAN,370Z,TWO-SEATER,3.7,6,M6,Z,13.3,9.3,11.5,25,264
MINI,'JOHN COOPER WORKS CONVERTIBLE',MINICOMPACT,1.6,4,A6,Z,9.3,7,8.3,34,191
BMW,'X1 xDRIVE28i','SUV - SMALL',2,4,AS8,Z,10.7,7.5,9.3,30,217
BMW,'330i xDRIVE GRAN TURISMO',FULL-SIZE,2,4,AS8,Z,10.2,7.2,8.9,32,208
FIAT,'500 HATCHBACK',MINICOMPACT,1.4,4,M5,X,7.6,5.9,6.8,42,156
LEXUS,'NX 300h AWD','SUV - SMALL',2.5,4,AV6,X,7.2,7.9,7.5,38,176
GMC,Acadia,'SUV - STANDARD',2.5,4,A9,X,11.3,8.9,10.2,28,238
INFINITI,'Q60 AWD',SUBCOMPACT,2,4,AS7,Z,11.2,8.5,10,28,233
AUDI,A3,SUBCOMPACT,2,4,AM7,X,9.1,6.8,8,35,188
MITSUBISHI,'Outlander 4WD','SUV - SMALL',2.4,4,AV6,X,9.9,8.1,9.1,31,212
PORSCHE,CAYMAN,TWO-SEATER,2,4,M6,Z,11,8.3,9.8,29,229
FORD,'F-150 (LT Tire Pkg)','PICKUP TRUCK - STANDARD',2.7,6,AS6,X,12.4,9.8,11.2,25,263
FORD,FUSION,MID-SIZE,2.5,4,AS6,X,10.5,6.9,8.9,32,209
GMC,'Yukon XL FFV','SUV - STANDARD',5.3,8,A6,E,21.2,13.9,17.9,16,298
BMW,'X7 M50i','SUV - STANDARD',4.4,8,AS8,Z,15.5,11.4,13.6,21,318
BMW,'M4 CABRIOLET',SUBCOMPACT,3,6,M6,Z,13.7,9.1,11.7,24,273
MITSUBISHI,'RVR 4WD','SUV - SMALL',2,4,AV6,X,9.8,8,9,31,207
GMC,'YUKON DENALI XL AWD','SUV - STANDARD',6.2,8,A6,E,25.7,17.8,22.1,13,354
GMC,SIERRA,'PICKUP TRUCK - STANDARD',5.3,8,A6,X,14.6,10.3,12.7,22,292
RAM,'1500 4X4','PICKUP TRUCK - STANDARD',5.7,8,A6,X,18.7,13.3,16.3,17,382
CADILLAC,CTS,MID-SIZE,3.6,6,AS8,X,11.6,8,10,28,234
GMC,'CANYON 4WD','PICKUP TRUCK - SMALL',2.8,4,A6,D,12,8.2,10.3,27,277
FORD,'MUSTANG (Performance Pkg)',SUBCOMPACT,5,8,M6,X,16.7,10.2,13.8,20,324
PORSCHE,'911 CARRERA S',MINICOMPACT,3.8,6,AM7,Z,11.9,8.7,10.5,27,245
RAM,'1500 FFV','PICKUP TRUCK - STANDARD',3.6,6,A8,E,19.7,13.8,17,17,283
CHEVROLET,SONIC,COMPACT,1.8,4,AS6,X,9.6,6.7,8.3,34,195
KIA,'SPORTAGE AWD','SUV - SMALL',2.4,4,AS6,X,12,9.3,10.8,26,251
FORD,'F-150 FFV (Payload Pkg)','PICKUP TRUCK - STANDARD',5,8,AS10,E,20.3,14,17.4,16,288
GMC,'YUKON XL FFV','SUV - STANDARD',5.3,8,A6,E,19.8,13.9,17.2,16,285
MERCEDES-BENZ,'GLC 300 4MATIC COUPE','SUV - SMALL',2,4,A9,Z,11,8.7,10,28,235
MITSUBISHI,'OUTLANDER 4WD','SUV - SMALL',2.4,4,AV6,X,9.7,8.1,9,31,207
INFINITI,Q70,MID-SIZE,3.7,6,AS7,Z,12.8,8.9,11,26,253
KIA,'SPORTAGE AWD','SUV - SMALL',2.4,4,AS6,X,11.3,9.5,10.5,27,247
PORSCHE,'CAYENNE TURBO','SUV - STANDARD',4.8,8,A8,Z,16.7,11.2,14.2,20,334
CHEVROLET,SILVERADO,'PICKUP TRUCK - STANDARD',5.3,8,A6,E,19.9,13.8,17.2,16,275
FORD,'EXPLORER FFV AWD','SUV - STANDARD',3.5,6,AS6,E,19.7,14.3,17.3,16,288
GMC,'Yukon XL FFV','SUV - STANDARD',5.3,8,A6,E,21.2,13.9,17.9,16,298
BUICK,'Envision AWD','SUV - SMALL',2,4,A9,Z,11.7,9.4,10.7,26,250
MERCEDES-BENZ,'G 63 AMG','SUV - STANDARD',5.5,8,AS7,Z,20,16.6,18.5,15,426
ACURA,'MDX HYBRID AWD','SUV - SMALL',3,6,AM7,Z,9.1,9,9,31,210
JEEP,'RENEGADE 4X4','SUV - SMALL',2.4,4,A9,X,11.2,8,9.8,29,225
ACURA,'MDX SH-AWD ELITE','SUV - SMALL',3.5,6,AS9,Z,12.2,9,10.7,26,251
NISSAN,ALTIMA,MID-SIZE,2.5,4,AV,X,8.7,6.3,7.6,37,179
JEEP,COMPASS,'SUV - SMALL',2,4,A6,X,11.1,8.3,9.8,29,225
TOYOTA,Corolla,MID-SIZE,1.8,4,M6,X,8.5,6.6,7.6,37,178
MERCEDES-BENZ,'G 63 AMG','SUV - STANDARD',5.5,8,AS7,Z,20,16.6,18.5,15,426
MERCEDES-BENZ,'B 250','STATION WAGON - SMALL',2,4,AS7,Z,9.2,6.6,8,35,184
JEEP,CHEROKEE,'SUV - SMALL',3.2,6,A9,X,11.4,8.3,10,28,234
MERCEDES-BENZ,'G 63 AMG','SUV - STANDARD',5.5,8,AS7,Z,20,16.6,18.5,15,426
INFINITI,Q70,MID-SIZE,3.7,6,AS7,Z,12.8,8.9,11,26,253
MITSUBISHI,MIRAGE,COMPACT,1.2,3,AV,X,6.4,5.5,6,47,141
AUDI,'A4 ALLROAD QUATTRO','STATION WAGON - SMALL',2,4,AS8,Z,11.2,8.4,9.9,28,228
LEXUS,'LS 500',MID-SIZE,3.4,6,AS10,Z,12.2,7.8,10.2,28,240
DODGE,'CHARGER AWD',FULL-SIZE,3.6,6,A8,X,12.8,8.6,10.9,26,251
CHRYSLER,'Voyager (Stop-Start)',MINIVAN,3.6,6,A9,X,12.4,8.4,10.6,27,249
TOYOTA,'Prius c',COMPACT,1.5,4,AV,X,4.9,5.5,5.1,55,120
MITSUBISHI,'Outlander 4WD','SUV - SMALL',2.4,4,AV6,X,9.9,8.1,9.1,31,212
TOYOTA,'RAV4 HYBRID AWD','SUV - SMALL',2.5,4,AV6,X,6.9,7.6,7.2,39,169
JEEP,CHEROKEE,'SUV - SMALL',2.4,4,A9,X,10.9,7.7,9.5,30,223
'LAND ROVER','Range Rover SVAutobiography LWB','SUV - STANDARD',5,8,AS8,Z,17.9,12.7,15.5,18,365
RAM,'1500 4X4 (MDS)','PICKUP TRUCK - STANDARD',5.7,8,A8,X,16.3,11.5,14.1,20,324
MERCEDES-BENZ,'SL 550',TWO-SEATER,4.7,8,AS7,Z,13.4,9.6,11.7,24,269
VOLKSWAGEN,'Atlas 4MOTION','SUV - STANDARD',3.6,6,AS8,X,13.8,10.2,12.2,23,286
INFINITI,Q50,MID-SIZE,3.7,6,AS7,Z,12,8.1,10.3,27,237
PORSCHE,'911 CARRERA 4 GTS',MINICOMPACT,3,6,M7,Z,12.8,8.9,11,26,257
MAZDA,MAZDA5,MINIVAN,2.5,4,AS5,X,10.8,8.2,9.6,29,226
KIA,RIO,COMPACT,1.6,4,M6,X,8.7,6.4,7.7,37,177
BUICK,VERANO,COMPACT,2.4,4,AS6,X,11.3,7.4,9.5,30,218
FORD,'Mustang (Performance Pkg)',SUBCOMPACT,2.3,4,M6,X,11.8,8.7,10.4,27,244
TOYOTA,'TUNDRA 4WD','PICKUP TRUCK - STANDARD',4.6,8,AS6,X,16.8,12.6,14.9,19,349
HYUNDAI,ACCENT,COMPACT,1.6,4,M6,X,8.2,6.3,7.3,39,173
MAZDA,'MAZDA6 (i-ELOOP)',MID-SIZE,2.5,4,AS6,X,8.4,5.9,7.3,39,168
NISSAN,MURANO,'STATION WAGON - MID-SIZE',3.5,6,AV7,X,11,8.3,9.8,29,230
CHEVROLET,'EXPRESS 2500 PASSENGER FFV','VAN - PASSENGER',6,8,A6,E,30.3,20.5,25.9,11,414
ROLLS-ROYCE,DAWN,COMPACT,6.6,12,AS8,Z,20,12.6,16.7,17,390
MITSUBISHI,'RVR 4WD','SUV - SMALL',2.4,4,AV6,X,10.4,8.5,9.6,29,221
CHEVROLET,COLORADO,'PICKUP TRUCK - SMALL',2.5,4,A6,X,12.1,9.2,10.8,26,253
MINI,'COOPER S 5 DOOR',SUBCOMPACT,2,4,M6,Z,10.2,7.3,8.9,32,210
MITSUBISHI,'OUTLANDER 4WD','SUV - SMALL',2.4,4,AV6,X,9.7,8.1,9,31,207
PORSCHE,'911 TARGA 4',MINICOMPACT,3.4,6,M7,Z,12.9,9,11.1,25,255
JEEP,'NEW WRANGLER UNLIMITED 4X4','SUV - SMALL',3.6,6,A8,X,12.9,10.2,11.7,24,275
HYUNDAI,ELANTRA,MID-SIZE,2,4,M6,X,9.8,7,8.5,33,198
LAMBORGHINI,'Aventador Coupe',TWO-SEATER,6.5,12,AM7,Z,26.2,15.5,21.4,13,485
HONDA,HR-V,'STATION WAGON - SMALL',1.8,4,AV,X,8.4,7,7.8,36,181
CHRYSLER,'300 AWD FFV',FULL-SIZE,3.6,6,A8,X,12.8,8.7,11,26,258
HYUNDAI,SONATA,FULL-SIZE,2.4,4,AS6,X,9.8,6.7,8.4,34,193
HYUNDAI,Elantra,MID-SIZE,1.6,4,M6,X,10.7,7.8,9.4,30,221
LEXUS,'RX 450h AWD','SUV - STANDARD',3.5,6,AV6,Z,7.7,8.2,8,35,186
TOYOTA,TACOMA,'PICKUP TRUCK - SMALL',2.7,4,A4,X,12.2,9.9,11.2,25,258
TOYOTA,'SIENNA AWD',MINIVAN,3.5,6,AS8,X,13.4,9.6,11.7,24,274
CHEVROLET,MALIBU,MID-SIZE,1.5,4,A6,X,8.8,6.5,7.8,36,181
CHEVROLET,'Silverado WT 4WD','PICKUP TRUCK - STANDARD',2.7,4,A8,X,12.7,11,12,24,280
MERCEDES-BENZ,'AMG SL 63',TWO-SEATER,5.5,8,AS7,Z,14.7,9.5,12.4,23,298
FORD,'EXPEDITION 4X4 FFV','SUV - STANDARD',5.4,8,A6,X,18.2,13.3,16,18,368
BMW,M5,MID-SIZE,4.4,8,AS8,Z,16,11.2,13.9,20,324
KIA,'SPORTAGE AWD','SUV - SMALL',2.4,4,A6,X,12,9.1,10.7,26,246
NISSAN,'JUKE NISMO RS AWD','STATION WAGON - SMALL',1.6,4,AV8,Z,9.4,8.1,8.8,32,202
PORSCHE,'911 TARGA 4S',MINICOMPACT,3.8,6,AM7,Z,12.8,9.3,11.2,25,258
GENESIS,'G70 AWD',COMPACT,2,4,AS8,Z,11.5,8.7,10.3,27,241
MINI,'COOPER S CLUBMAN ALL4',MID-SIZE,2,4,M6,Z,11.4,7.8,9.7,29,227
BMW,'X4 M','SUV - SMALL',3,6,AS8,Z,16.6,12.1,14.6,19,339
FORD,'EXPLORER FFV AWD','SUV - STANDARD',3.5,6,AS6,E,18.9,13.9,16.7,17,267
LEXUS,'RX 450h AWD','SUV - STANDARD',3.5,6,AV6,Z,7.7,8.2,8,35,186
HONDA,FIT,'STATION WAGON - SMALL',1.5,4,AV7,X,7.6,6.4,7,40,164
MERCEDES-BENZ,'G 63 AMG','SUV - STANDARD',5.5,8,AS7,Z,20,16.6,18.5,15,426
CHEVROLET,TRAVERSE,'SUV - STANDARD',2,4,A9,Z,11.7,9,10.5,27,246
VOLKSWAGEN,Jetta,COMPACT,1.4,4,M6,X,7.9,5.9,7,40,163
JEEP,'COMPASS 4X4','SUV - SMALL',2.4,4,A6,X,11.4,8.7,10.2,28,235
CHEVROLET,'Silverado WT 4WD','PICKUP TRUCK - STANDARD',2.7,4,A8,X,12.7,11,12,24,280
BMW,'M2 Competition',SUBCOMPACT,3,6,M6,Z,13.4,9.6,11.7,24,273
HYUNDAI,'Sonata Hybrid',FULL-SIZE,2,4,AM6,X,5.3,4.6,5,56,117
AUDI,'A7 quattro',MID-SIZE,3,6,AM7,Z,10.9,8.2,9.7,29,226
PORSCHE,'911 CARRERA 4 GTS CABRIOLET',MINICOMPACT,3.8,6,AM7,Z,13.1,9.4,11.4,25,262
MERCEDES-BENZ,'C 300 4MATIC',COMPACT,2,4,AS7,Z,10.1,7.8,9,31,207
BMW,340i,COMPACT,3,6,AS8,Z,10.9,7.2,9.3,30,217
HYUNDAI,'SANTA FE','SUV - SMALL',3.3,6,AS6,X,12.9,9.4,11.3,25,265
CADILLAC,'ATS AWD',COMPACT,3.6,6,AS8,X,12.2,8.5,10.5,27,247
MAZDA,MX-5,TWO-SEATER,2,4,AS6,Z,9,6.7,8,35,187
MAZDA,'CX-9 4WD','SUV - SMALL',2.5,4,AS6,X,11.6,9.1,10.5,27,244
MITSUBISHI,LANCER,COMPACT,2.4,4,AV6,X,9.8,7.6,8.8,32,204
BENTLEY,'CONTINENTAL GT CONVERTIBLE',SUBCOMPACT,6,12,AS8,Z,19.6,11.7,16,18,375
JEEP,'NEW WRANGLER UNLIMITED 4X4','SUV - SMALL',3.6,6,A8,X,12.9,10.2,11.7,24,275
DODGE,'GRAND CARAVAN FFV',MINIVAN,3.6,6,A6,X,13.7,9.4,11.8,24,271
BMW,320i,COMPACT,2,4,AS8,Z,10,6.5,8.4,34,200
ROLLS-ROYCE,'PHANTOM COUPE',COMPACT,6.7,12,A8,Z,20.7,12.8,17.1,17,393
LINCOLN,Aviator,'SUV - STANDARD',3,6,AS10,X,13.7,9.7,11.9,24,280
HYUNDAI,'TUCSON AWD','SUV - SMALL',2,4,AS6,X,11,9,10.1,28,240
JEEP,'CHEROKEE 4X4 ACTIVE DRIVE LOCK','SUV - SMALL',3.2,6,A9,X,12.9,9.9,11.6,24,269
HONDA,'HR-V AWD','STATION WAGON - SMALL',1.8,4,AV,X,8.9,7.5,8.2,34,194
BMW,'740Li xDRIVE SEDAN',FULL-SIZE,3,6,AS8,Z,12.1,8.1,10.3,27,237
TOYOTA,86,MINICOMPACT,2,4,AS6,Z,9.9,7.3,8.7,32,204
MASERATI,'QUATTROPORTE GTS',FULL-SIZE,3.8,8,AS8,Z,17.6,10.7,14.5,19,334
MINI,'COOPER S 5 DOOR',SUBCOMPACT,2,4,M6,Z,10.2,7.3,8.9,32,210
HYUNDAI,ELANTRA,MID-SIZE,2,4,AS6,X,8.3,6.4,7.4,38,174
DODGE,'CHALLENGER (MDS)',MID-SIZE,5.7,8,A8,X,14.7,9.4,12.3,23,289
SUBARU,'OUTBACK AWD','SUV - SMALL',2.5,4,AV6,X,9.4,7.3,8.4,34,198
'LAND ROVER','RANGE ROVER EVOQUE','SUV - SMALL',2,4,AS9,Z,11.3,7.9,9.7,29,229
SCION,FR-S,MINICOMPACT,2,4,M6,Z,10.9,7.9,9.6,29,224
BMW,'340i xDRIVE',COMPACT,3,6,AS8,Z,10.9,7.3,9.3,30,216
AUDI,S5,SUBCOMPACT,3,6,AS8,Z,11.8,8.9,10.5,27,245
'LAND ROVER','RANGE ROVER EVOQUE CONVERTIBLE','SUV - SMALL',2,4,AS9,Z,11.2,8.2,9.8,29,231
VOLKSWAGEN,'Jetta GLI',COMPACT,2,4,M6,X,9.6,7.1,8.5,33,198
KIA,'SPORTAGE AWD','SUV - SMALL',2.4,4,AS6,X,12,9.1,10.7,26,246
CHEVROLET,TRAX,'SUV - SMALL',1.4,4,AS6,X,9.4,7.1,8.4,34,193
INFINITI,'QX50 AWD','SUV - SMALL',2,4,AV8,Z,10.8,8.3,9.7,29,228
ACURA,'RDX AWD A-SPEC','SUV - SMALL',2,4,AS10,Z,11.3,9.1,10.3,27,242
GMC,'YUKON 4WD','SUV - STANDARD',5.3,8,A6,E,20.5,14,17.6,16,282
VOLKSWAGEN,CC,COMPACT,2,4,A6,Z,11.1,7.9,9.7,29,223
CHEVROLET,SONIC,COMPACT,1.4,4,M6,X,8.5,6.2,7.5,38,173
PORSCHE,'911 TURBO',MINICOMPACT,3.8,6,AM7,Z,12.6,9.9,11.4,25,266
MINI,'COOPER S PACEMAN ALL4',COMPACT,1.6,4,AS6,Z,10.1,7.8,9,31,207
NISSAN,'NV200 CARGO VAN','SPECIAL PURPOSE VEHICLE',2,4,AV,X,9.8,8.8,9.3,30,218
BMW,'M6 GRAN COUPE',COMPACT,4.4,8,M6,Z,16.1,10.8,13.7,21,315
INFINITI,'QX80 4WD','SUV - STANDARD',5.6,8,AS7,Z,16.9,11.9,14.7,19,338
BMW,'X1 xDRIVE28i','SUV - SMALL',2,4,AS8,Z,10.7,7.5,9.3,30,217
BMW,'435i xDRIVE COUPE',COMPACT,3,6,AS8,Z,12,7.9,10.2,28,238
MERCEDES-BENZ,'ML 350 BLUETEC 4MATIC','SUV - STANDARD',3,6,AS7,D,11.8,8.5,10.3,27,278
MAZDA,'MAZDA3 4-DOOR',COMPACT,2.5,4,AS6,X,8.4,6.1,7.4,38,173
GMC,Canyon,'PICKUP TRUCK - SMALL',2.8,4,A6,D,11.8,7.9,10.1,28,270
MINI,'COOPER S CONVERTIBLE',MINICOMPACT,2,4,AS6,Z,9.7,7,8.5,33,198
FORD,'F-150 4X4','PICKUP TRUCK - STANDARD',3,6,AS10,D,11.8,9.3,10.7,26,287
VOLKSWAGEN,'GOLF ALLTRACK','STATION WAGON - SMALL',1.8,4,AM6,X,10.7,8,9.4,30,220
PORSCHE,'Cayenne S','SUV - STANDARD',2.9,6,AS8,Z,12.9,10.4,11.8,24,275
DODGE,'DART FFV',MID-SIZE,2,4,A6,E,14.2,9.8,12.2,23,195
FORD,'EDGE AWD','SUV - SMALL',2,4,AS6,X,11.8,8.4,10.3,27,240
GMC,'TERRAIN FFV','SUV - SMALL',2.4,4,A6,E,15.6,10.8,13.4,21,214
KIA,'SPORTAGE AWD','SUV - SMALL',2.4,4,AS6,X,11.3,9.5,10.5,27,247
HONDA,'PILOT AWD','SUV - SMALL',3.5,6,A6,X,13,9.3,11.3,25,266
VOLVO,'XC70 T5','SUV - SMALL',2,4,AS8,X,10.3,7.6,9.1,31,213
MERCEDES-BENZ,'GLC 300 4MATIC','SUV - SMALL',2,4,A9,Z,11,8.7,10,28,234
AUDI,S4,COMPACT,3,6,AS8,Z,11.3,8,9.8,29,230
AUDI,'R8 SPYDER',TWO-SEATER,5.2,10,M6,Z,19.9,12,16.4,17,377
CHEVROLET,'EQUINOX FFV','SUV - SMALL',2.4,4,A6,E,15.6,10.8,13.4,21,221
FORD,'EDGE AWD','SUV - SMALL',2.7,6,AS6,X,13.8,9.8,12,24,281
LINCOLN,'MKX AWD','SUV - SMALL',2.7,6,AS6,X,14.1,9.8,12.1,23,284
AUDI,'A4 ULTRA',COMPACT,2,4,AM7,Z,8.6,6.4,7.6,37,177
GMC,'YUKON 4WD','SUV - STANDARD',5.3,8,A6,X,15.2,10.8,13.2,21,310
CHEVROLET,'Silverado LD','PICKUP TRUCK - STANDARD',5.3,8,A6,X,15.6,10.9,13.5,21,317
BMW,'M850i xDrive Coupe',SUBCOMPACT,4.4,8,AS8,Z,13.3,9.2,11.5,25,269
CHEVROLET,'SILVERADO FFV','PICKUP TRUCK - STANDARD',5.3,8,A6,X,14.6,10.3,12.7,22,298
CHRYSLER,'Pacifica (Stop-Start)',MINIVAN,3.6,6,A9,X,12.4,8.4,10.6,27,249
KIA,'FORTE 5',FULL-SIZE,2,4,M6,X,9.7,6.9,8.4,34,197
GMC,'Sierra FFV','PICKUP TRUCK - STANDARD',5.3,8,A6,X,15.7,11.9,14,20,329
NISSAN,MICRA,COMPACT,1.6,4,M5,X,8.6,6.6,7.7,37,177
GMC,'Yukon XL','SUV - STANDARD',5.3,8,A6,X,15.7,10.5,13.4,21,314
VOLVO,S60,COMPACT,2.5,5,AS6,X,11.3,7.8,9.7,29,223
MINI,'John Cooper Works Convertible',MINICOMPACT,2,4,AS6,Z,9.4,7.2,8.4,34,197
CADILLAC,ATS,COMPACT,2,4,M6,Z,12,8.1,10.3,27,240
GMC,YUKON,'SUV - STANDARD',5.3,8,A6,E,21.5,14.6,18.4,15,294
MERCEDES-BENZ,'G 63 AMG','SUV - STANDARD',5.5,8,AS7,Z,20,16.6,18.5,15,426
CHEVROLET,TRAX,'SUV - SMALL',1.4,4,AS6,X,9.4,7.1,8.4,34,193
PORSCHE,'911 TURBO S',MINICOMPACT,3.8,6,AM7,Z,12.6,9.9,11.4,25,266
CHEVROLET,SPARK,SUBCOMPACT,1.2,4,AV,X,7.7,6.1,7,40,161
DODGE,'Challenger SRT Hellcat',MID-SIZE,6.2,8,M6,Z,18.1,11.4,15.1,19,352
LAMBORGHINI,'Aventador Roadster',TWO-SEATER,6.5,12,AM7,Z,26.6,15.8,21.7,13,493
CHEVROLET,'Equinox AWD','SUV - SMALL',1.5,4,A6,X,9.3,7.8,8.6,33,207
GMC,'YUKON XL 4WD','SUV - STANDARD',6.2,8,A8,Z,16.4,11.7,14.3,20,334
CHEVROLET,CORVETTE,TWO-SEATER,6.2,8,M7,Z,13.7,8.2,11.2,25,263
CHEVROLET,'SONIC 5','STATION WAGON - SMALL',1.4,4,AS6,X,9,6.8,8,35,188
AUDI,A8L,FULL-SIZE,3,6,AS8,Z,13.1,8.8,11.2,25,258
JAGUAR,'E-PACE P250','SUV - SMALL',2,4,AS9,Z,11,8.4,9.8,29,231
JAGUAR,'F-TYPE S COUPE',TWO-SEATER,3,6,AS8,Z,12.4,8.8,10.8,26,253
JEEP,'RENEGADE 4X4','SUV - SMALL',2.4,4,A9,X,11.2,8.2,9.8,29,230
FORD,'F-150 FFV','PICKUP TRUCK - STANDARD',3.5,6,A6,X,13.2,9.7,11.6,24,272
NISSAN,GT-R,SUBCOMPACT,3.8,6,AM6,Z,14.3,10.5,12.6,22,294
MITSUBISHI,'OUTLANDER 4WD','SUV - SMALL',3,6,AS6,Z,11.5,8.4,10.1,28,232
HONDA,'CIVIC COUPE',COMPACT,1.5,4,AV,X,7.5,5.6,6.7,42,155
MERCEDES-BENZ,'GLE 550 4MATIC','SUV - STANDARD',4.7,8,A9,Z,15.2,11.4,13.5,21,317
RAM,'1500 4X4 ECODIESEL','PICKUP TRUCK - STANDARD',3,6,A8,D,12.3,8.8,10.8,26,289
FORD,'FOCUS FFV',COMPACT,2,4,A6,X,8.8,6.4,7.7,37,177
VOLVO,'V60 CC T5 AWD','STATION WAGON - SMALL',2,4,AS8,X,10.8,7.8,9.4,30,220
GMC,'Sierra 4WD','PICKUP TRUCK - STANDARD',5.3,8,A8,X,15.3,11.2,13.5,21,316
CHEVROLET,Blazer,'SUV - SMALL',3.6,6,A9,X,12,9,10.6,27,250
PORSCHE,'911 CARRERA S',MINICOMPACT,3.8,6,AM7,Z,12.1,8.7,10.6,27,244
DODGE,'CHALLENGER SRT (MDS)',MID-SIZE,6.4,8,A8,Z,15.6,9.6,12.9,22,302
MAZDA,MX-5,TWO-SEATER,2,4,AS6,Z,9,6.7,8,35,187
MITSUBISHI,'OUTLANDER 4WD','SUV - SMALL',3,6,AS6,Z,11.5,8.5,10.2,28,235
CHEVROLET,'SUBURBAN 4WD FFV','SUV - STANDARD',5.3,8,A6,X,15.3,10.9,13.3,21,312
BMW,'328i xDRIVE GRAN TURISMO',FULL-SIZE,2,4,A8,Z,10.6,7.2,9.1,31,209
BUICK,VERANO,COMPACT,2,4,AS6,Z,11.4,7.9,9.8,29,231
MINI,'John Cooper Works Countryman ALL4',MID-SIZE,2,4,AS8,Z,10,7.8,9,31,210
MASERATI,'GHIBLI AWD',MID-SIZE,3,6,AS8,Z,15.2,9.6,12.7,22,292
BUICK,'REGAL eASSIST',MID-SIZE,2.4,4,AS6,X,9.6,6.5,8.2,34,193
JEEP,'Wrangler JL 4X4','SUV - SMALL',2,4,A8,X,10.5,9.4,10,28,233
JEEP,'NEW WRANGLER UNLIMITED 4X4','SUV - SMALL',3.6,6,A8,X,12.9,10.2,11.7,24,275
SUBARU,'IMPREZA WAGON AWD','STATION WAGON - SMALL',2,4,M5,X,9.6,7.1,8.5,33,196
JEEP,'NEW WRANGLER UNLIMITED 4X4','SUV - SMALL',3.6,6,A8,X,12.9,10.2,11.7,24,275
MITSUBISHI,'RVR 4WD','SUV - SMALL',2.4,4,AV6,X,10.4,8.5,9.6,29,221
VOLKSWAGEN,CC,COMPACT,2,4,M6,Z,11.4,7.4,9.6,29,221
BMW,'X4 M40i','SUV - SMALL',3,6,AS8,Z,12.8,9.5,11.3,25,264
AUDI,'A5 CABRIOLET QUATTRO',SUBCOMPACT,2,4,AS8,Z,11.3,8,9.8,29,230
BMW,340i,COMPACT,3,6,M6,Z,12.1,8.1,10.3,27,240
JEEP,'GRAND CHEROKEE 4X4','SUV - STANDARD',5.7,8,A8,X,16.6,10.7,14,20,328
NISSAN,SENTRA,MID-SIZE,1.8,4,AV,X,8,6.1,7.2,39,166
BUICK,'REGAL eASSIST',MID-SIZE,2.4,4,AS6,X,9.6,6.5,8.2,34,193
DODGE,'CHARGER SRT 392 HEMI',FULL-SIZE,6.4,8,A8,Z,15.7,9.5,12.9,22,297
LINCOLN,'MKT AWD','SUV - STANDARD',3.5,6,AS6,X,14.8,10.4,12.8,22,294
MERCEDES-BENZ,'S 560 4MATIC',FULL-SIZE,4,8,A9,Z,13.5,8.6,11.3,25,265
CADILLAC,'CTS SEDAN Vsport',MID-SIZE,3.6,6,AS8,Z,15.1,9.9,12.8,22,294
'ASTON MARTIN','DB11 V12',MINICOMPACT,5.2,12,A8,Z,15.5,11.4,13.7,21,322
MITSUBISHI,'OUTLANDER 4WD','SUV - SMALL',3,6,AS6,Z,11.5,8.5,10.2,28,235
JEEP,'NEW COMPASS 4X4','SUV - SMALL',2.4,4,M6,X,10.8,7.6,9.4,30,221
BMW,'335i xDRIVE SEDAN',COMPACT,3,6,AS8,Z,11.9,7.8,10,28,230
MAZDA,MAZDA6,MID-SIZE,2.5,4,M6,X,9.4,6.4,8.1,35,186
PORSCHE,'Macan S','SUV - SMALL',3,6,AM7,Z,12.9,10.2,11.7,24,272
CHEVROLET,'Camaro SS',SUBCOMPACT,6.2,8,M6,Z,14.9,9.9,12.6,22,297
BMW,'328d xDRIVE',COMPACT,2,4,AS8,D,7.8,5.9,7,40,184
JAGUAR,'F-TYPE Coupe',TWO-SEATER,3,6,M6,Z,14.9,9.8,12.6,22,296
RAM,'1500 4X4 (MDS)','PICKUP TRUCK - STANDARD',5.7,8,A6,X,17.7,12.7,15.4,18,362
TOYOTA,SIENNA,MINIVAN,3.5,6,AS6,X,13,9.5,11.4,25,267
VOLKSWAGEN,'GOLF ALLTRACK','STATION WAGON - SMALL',1.8,4,AM6,X,10.7,8,9.4,30,220
CHEVROLET,Equinox,'SUV - SMALL',1.5,4,A6,X,9.2,7.3,8.3,34,196
VOLKSWAGEN,'BEETLE CONVERTIBLE',SUBCOMPACT,1.8,4,AS6,X,9.8,7.3,8.7,32,200
HONDA,FIT,'STATION WAGON - SMALL',1.5,4,AV,X,7,5.9,6.5,43,151
TOYOTA,'TACOMA 4WD','PICKUP TRUCK - SMALL',4,6,A5,X,14.8,11.6,13.4,21,308
BMW,'430i xDRIVE CABRIOLET',SUBCOMPACT,2,4,AS8,Z,10.7,7.3,9.1,31,214
VOLKSWAGEN,'BEETLE CONVERTIBLE',SUBCOMPACT,2,4,AS6,X,9,7.2,8.2,34,191
INFINITI,'Q60 AWD COUPE',SUBCOMPACT,3.7,6,AS7,Z,13.3,9.4,11.5,25,265
BUICK,VERANO,COMPACT,2,4,AS6,Z,11.4,7.9,9.8,29,231
FORD,'Mustang Convertible',SUBCOMPACT,2.3,4,AS10,X,11.9,8.4,10.4,27,243
JAGUAR,'XJ AWD',FULL-SIZE,3,6,AS8,Z,14.6,9.6,12.4,23,285
JEEP,'CHEROKEE 4X4 ACTIVE DRIVE I','SUV - SMALL',3.2,6,A9,X,11.6,8.6,10.3,27,241
'LAND ROVER','Discovery Sport P290','SUV - SMALL',2,4,AS9,Z,12.3,9.8,11.1,25,262
LAMBORGHINI,'AVENTADOR ROADSTER LP 740',TWO-SEATER,6.5,12,AM7,Z,23.9,14.5,19.7,14,461
FORD,ECOSPORT,'SUV - SMALL',1,3,AS6,X,8.6,8.1,8.4,34,195
PORSCHE,'911 TARGA 4',MINICOMPACT,3.4,6,M7,Z,12.9,9,11.1,25,255
AUDI,S4,COMPACT,3,6,A7,Z,13.2,9.2,11.4,25,262
DODGE,'Charger AWD FFV',FULL-SIZE,3.6,6,A8,E,17.6,12,15,19,248
VOLVO,'XC70 T5','SUV - SMALL',2,4,AS8,X,10.3,7.6,9.1,31,213
GMC,Canyon,'PICKUP TRUCK - SMALL',3.6,6,A8,X,13.4,9.6,11.7,24,273
MITSUBISHI,MIRAGE,COMPACT,1.2,3,AV,X,6.4,5.5,6,47,141
CHEVROLET,'EXPRESS 3500 PASSENGER','VAN - PASSENGER',6,8,A6,X,22.2,15.1,19,15,437
TOYOTA,'RAV4 AWD','SUV - SMALL',2.5,4,AS8,X,9.2,7.1,8.2,34,194
BMW,'X1 xDRIVE35i','SUV - SMALL',3,6,A6,Z,13.2,8.9,11.3,25,260
DODGE,'CHARGER SRT 392 HEMI',FULL-SIZE,6.4,8,A8,Z,15.7,9.5,12.9,22,297
CHEVROLET,'CRUZE DIESEL',COMPACT,1.6,4,M6,D,7.8,4.6,6.3,45,170
PORSCHE,'CAYENNE TURBO','SUV - STANDARD',4.8,8,A8,Z,16.7,11.2,14.2,20,334
PORSCHE,'911 CARRERA S CABRIOLET',MINICOMPACT,3,6,M7,Z,12.1,8.3,10.4,27,243
JAGUAR,'XJR LWB',FULL-SIZE,5,8,AS8,Z,15.8,10.3,13.3,21,313
CHEVROLET,'SILVERADO FFV','PICKUP TRUCK - STANDARD',5.3,8,A6,X,14.6,10.3,12.7,22,298
HONDA,'Civic Coupe',COMPACT,2,4,AV,X,7.8,6.1,7.1,40,164
KIA,'OPTIMA HYBRID',MID-SIZE,2,4,AS6,X,6,5.1,5.6,50,132
DODGE,CHALLENGER,MID-SIZE,3.6,6,A5,X,13.2,8.7,11.2,25,258
VOLKSWAGEN,'GOLF SPORTWAGON TDI (modified)','STATION WAGON - SMALL',2,4,M6,D,7.6,5.5,6.7,42,179
PORSCHE,CAYENNE,'SUV - STANDARD',3.6,6,A8,Z,12.9,9.7,11.5,25,268
JEEP,'CHEROKEE 4X4 ACTIVE DRIVE I','SUV - SMALL',3.2,6,A9,X,11.6,8.6,10.3,27,241
KIA,'Sorento AWD','SUV - SMALL',3.3,6,AS8,X,12.3,9.5,11.1,25,261
TOYOTA,'SEQUOIA 4WD','SUV - STANDARD',5.7,8,AS6,X,19,13.9,16.7,17,384
BMW,'Z4 sDrive30i',TWO-SEATER,2,4,AS8,Z,9.5,7.4,8.5,33,200
VOLKSWAGEN,JETTA,COMPACT,2,4,AM6,X,9.8,7,8.6,33,201
ACURA,'MDX SH-AWD','SUV - SMALL',3.5,6,AS9,Z,12.3,9.2,10.9,26,254
MINI,'COOPER CLUBMAN ALL4',MID-SIZE,1.5,3,AS8,Z,10.2,7.8,9.1,31,213
RAM,'1500 4X4 FFV','PICKUP TRUCK - STANDARD',3.6,6,A8,E,20.7,14.7,18,16,300
JAGUAR,'XE 25t AWD',COMPACT,2,4,AS8,Z,9.8,6.9,8.5,33,200
BMW,'X4 M40i','SUV - SMALL',3,6,AS8,Z,11.9,8.7,10.4,27,245
RAM,'1500 ECODIESEL HFE','PICKUP TRUCK - STANDARD',3,6,A8,D,11.3,8,9.8,29,264
MERCEDES-BENZ,'CL 550 4MATIC',COMPACT,4.7,8,AS7,Z,15.4,10.4,13.2,21,304
LEXUS,'GS 350 AWD',MID-SIZE,3.5,6,AS6,Z,12.3,9.1,10.9,26,254
BMW,'750Li xDRIVE SEDAN',FULL-SIZE,4.4,8,AS8,Z,15.2,9.8,12.8,22,294
'ASTON MARTIN','DB11 V8',MINICOMPACT,4,8,A8,Z,13,9.8,11.5,25,271
VOLVO,'S60 AWD',COMPACT,2.5,5,AS6,X,11.6,8.3,10.1,28,232
CHEVROLET,'Camaro ZL1',SUBCOMPACT,6.2,8,M6,Z,17.2,12,14.9,19,349
TOYOTA,'RAV4 AWD','SUV - SMALL',2.5,4,AS8,X,9.2,7.1,8.3,34,190
HONDA,ACCORD,MID-SIZE,3.5,6,AS6,X,11.4,7.3,9.6,29,221
RAM,'1500 eTorque','PICKUP TRUCK - STANDARD',3.6,6,A8,X,11.9,9.4,10.8,26,253
AUDI,'A3 TDI (modified)',SUBCOMPACT,2,4,AM6,D,7.6,5.5,6.5,43,177
CHEVROLET,'SUBURBAN 4WD FFV','SUV - STANDARD',5.3,8,A6,X,15.3,10.9,13.3,21,312
MERCEDES-BENZ,'AMG GT R Coupe',TWO-SEATER,4,8,AM7,Z,15.9,11.8,14,20,327
KIA,SOUL,'STATION WAGON - SMALL',1.6,4,AS6,X,9.4,7.8,8.7,32,205
JEEP,'Cherokee 4X4 Active Drive II','SUV - SMALL',2,4,A9,X,11.5,8.6,10.2,28,240
CHEVROLET,'EQUINOX AWD','SUV - SMALL',3.6,6,A6,E,19.8,13.6,17,17,272
FORD,'EcoSport AWD','SUV - SMALL',2,4,AS6,X,10.2,8,9.3,30,218
RAM,'1500 4X4 (MDS)','PICKUP TRUCK - STANDARD',5.7,8,A6,X,17.7,12.7,15.4,18,362
CHEVROLET,CAMARO,COMPACT,3.6,6,M6,X,14,8.4,11.5,25,265
HONDA,HR-V,'SUV - SMALL',1.8,4,AV7,X,8.3,6.7,7.6,37,177
HONDA,'ACCORD COUPE',MID-SIZE,3.5,6,M6,X,12.9,8.4,10.9,26,254
LEXUS,'LS 600h L',MID-SIZE,5,8,AV8,Z,12.7,10.1,11.5,25,268
JAGUAR,'F-TYPE SVR AWD Coupe',TWO-SEATER,5,8,AS8,Z,15.2,9.8,12.7,22,299
MASERATI,'QUATTROPORTE S',FULL-SIZE,3,6,AS8,Z,14.9,10.3,13.1,22,300
LEXUS,'NX 300h AWD','SUV - SMALL',2.5,4,AV6,X,7.2,7.9,7.5,38,176
'LAND ROVER','RANGE ROVER SPORT SUPERCHARGED','SUV - STANDARD',5,8,AS8,E,24,16.6,20.7,14,331
LEXUS,'LS 500',MID-SIZE,3.4,6,AS10,Z,12.2,7.8,10.2,28,240
FORD,'Fiesta ST',SUBCOMPACT,1.6,4,M6,X,9.2,7.4,8.4,34,196
DODGE,'Challenger SRT Hellcat',MID-SIZE,6.2,8,M6,Z,18.1,11.4,15.1,19,352
CHEVROLET,Tahoe,'SUV - STANDARD',5.3,8,A6,X,15.7,10.5,13.4,21,314
LINCOLN,'CONTINENTAL AWD',FULL-SIZE,3,6,AS6,X,14.4,9.7,12.3,23,288
MERCEDES-BENZ,'AMG C 43 4MATIC Wagon','STATION WAGON - SMALL',3,6,A9,Z,12.4,8.9,10.8,26,255
'ASTON MARTIN','DB11 V12',MINICOMPACT,5.2,12,A8,Z,15.5,11.4,13.7,21,322
CHEVROLET,'CRUZE LIMITED ECO',MID-SIZE,1.4,4,M6,X,8.4,5.6,7.1,40,167
HYUNDAI,Elantra,MID-SIZE,1.6,4,M6,X,10.7,7.8,9.4,30,221
GMC,Acadia,'SUV - STANDARD',2.5,4,A6,X,11.1,9.2,10.2,28,237
DODGE,'JOURNEY FFV','SUV - SMALL',3.6,6,A6,X,14.2,9.5,12.1,23,284
HONDA,HR-V,'SUV - SMALL',1.8,4,M6,X,9.3,7,8.3,34,193
DODGE,'CHALLENGER SRT (MDS)',MID-SIZE,6.4,8,A8,Z,15.6,9.6,12.9,22,302
CHEVROLET,Spark,SUBCOMPACT,1.4,4,M5,X,8,6.2,7.2,39,170
MASERATI,'Ghibli S',MID-SIZE,3,6,AS8,Z,14.1,9.8,12.2,23,286
GMC,'Sierra WT 4WD','PICKUP TRUCK - STANDARD',2.7,4,A8,X,12.7,11,12,24,280
KIA,CADENZA,FULL-SIZE,3.3,6,AS8,X,11.5,8.5,10.2,28,237
HONDA,'CIVIC COUPE',COMPACT,2,4,AV,X,7.8,5.8,6.9,41,162
PORSCHE,'CAYENNE TURBO S','SUV - STANDARD',4.8,8,A8,Z,18,11.9,15.2,19,358
HONDA,'Civic Hatchback Sport',FULL-SIZE,1.5,4,M6,Z,8,6.2,7.2,39,167
ACURA,'MDX HYBRID AWD','SUV - SMALL',3,6,AM7,Z,9.1,9,9,31,210
MAZDA,CX-9,'SUV - SMALL',3.7,6,AS6,X,14.2,10,12.3,23,283
FORD,'Mustang Convertible',SUBCOMPACT,2.3,4,AS10,X,11.9,8.4,10.4,27,243
LEXUS,'GS 350 AWD',MID-SIZE,3.5,6,AS6,Z,12.5,9.1,11,26,253
CHEVROLET,'SONIC 5','STATION WAGON - SMALL',1.4,4,AS6,X,9,6.8,8,35,188
CHEVROLET,'SILVERADO 4WD','PICKUP TRUCK - STANDARD',6.2,8,A8,Z,16,11.7,14.1,20,330
MINI,'COOPER 3 DOOR',SUBCOMPACT,1.5,3,AS6,Z,8.5,6.3,7.5,38,172
MERCEDES-BENZ,'AMG GT S COUPE',TWO-SEATER,4,8,AM7,Z,14.5,10.8,12.8,22,302
FORD,'ESCAPE AWD','SUV - SMALL',2,4,AS6,X,11.4,8.4,10.1,28,232
CHEVROLET,'EXPRESS 2500 PASSENGER FFV','VAN - PASSENGER',6,8,A6,E,30.3,20.5,25.9,11,414
FORD,'TAURUS FFV AWD',FULL-SIZE,3.5,6,AS6,X,13.6,9.9,12.4,23,291
JAGUAR,'F-TYPE S COUPE',TWO-SEATER,3,6,AS8,Z,12.4,8.8,10.8,26,253
MITSUBISHI,'ECLIPSE CROSS 4WD','SUV - SMALL',1.5,4,AV8,X,9.6,8.9,9.3,30,216
AUDI,'A5 CABRIOLET QUATTRO',SUBCOMPACT,2,4,AS8,Z,11.3,8,9.8,29,225
GMC,'YUKON DENALI XL AWD','SUV - STANDARD',6.2,8,A6,E,25.7,17.8,22.1,13,354
LINCOLN,'NAVIGATOR 4X4 FFV','SUV - STANDARD',5.4,8,A6,E,24.5,18,21.6,13,346
JAGUAR,'F-PACE 25t','SUV - SMALL',2,4,AS8,Z,10.7,8.8,9.9,29,227
VOLVO,S60,COMPACT,2.5,5,AS6,X,11.3,7.8,9.7,29,223
PORSCHE,'911 CARRERA S',MINICOMPACT,3.8,6,AM7,Z,11.9,8.7,10.5,27,245
MERCEDES-BENZ,'METRIS CARGO','SPECIAL PURPOSE VEHICLE',2,4,AS7,Z,11.1,9.1,10.2,28,240
DODGE,'Challenger SRT Hellcat',MID-SIZE,6.2,8,M6,Z,18.1,11.4,15.1,19,352
GMC,YUKON,'SUV - STANDARD',5.3,8,A6,E,21.5,14.6,18.4,15,294
INFINITI,Q50,MID-SIZE,3.7,6,AS7,Z,12,8.1,10.3,27,237
JAGUAR,'XJ SUPERCHARGED',FULL-SIZE,5,8,AS8,Z,15.8,10.2,13.3,21,306
SUBARU,WRX,COMPACT,2.5,4,M6,Z,13.8,10.2,12.2,23,281
CADILLAC,CTS,MID-SIZE,2,4,AS6,Z,11.5,7.9,9.9,29,228
CHEVROLET,'SONIC RS',COMPACT,1.4,4,M6,X,8.9,7,8,35,189
RAM,'1500 4X4 ECODIESEL','PICKUP TRUCK - STANDARD',3,6,A8,D,12.3,8.8,10.8,26,289
CHEVROLET,'EQUINOX FFV','SUV - SMALL',2.4,4,A6,E,15.6,10.8,13.4,21,221
MITSUBISHI,'RVR 4WD','SUV - SMALL',2.4,4,AV6,X,10.5,8.6,9.6,29,223
GMC,Canyon,'PICKUP TRUCK - SMALL',2.5,4,M6,X,11.9,9.2,10.7,26,251
'LAND ROVER',LR4,'SUV - STANDARD',3,6,AS8,Z,16.2,12.1,14.3,20,336
FORD,'E350 WAGON FFV','VAN - PASSENGER',5.4,8,A4,E,26.7,20.5,23.9,12,382
FORD,'F-150 (LT Tire Pkg)','PICKUP TRUCK - STANDARD',3.5,6,AS10,X,13,10.2,11.7,24,274
HONDA,'CR-V AWD','SUV - SMALL',1.5,4,AV,X,8.7,7.4,8.1,35,189
LINCOLN,'Continental AWD',FULL-SIZE,3.7,6,AS6,X,14.3,9.7,12.2,23,287
FORD,FUSION,MID-SIZE,2.5,4,AS6,X,10.5,6.9,8.9,32,209
CHEVROLET,SILVERADO,'PICKUP TRUCK - STANDARD',5.3,8,A6,E,19.9,13.8,17.2,16,275
VOLKSWAGEN,'Golf SportWagen 4MOTION','STATION WAGON - SMALL',1.8,4,AM6,X,10.8,8.1,9.6,29,224
RAM,'1500 Classic FFV','PICKUP TRUCK - STANDARD',3.6,6,A8,X,13.9,9.6,11.9,24,280
PORSCHE,BOXSTER,TWO-SEATER,2,4,AM7,Z,10.5,8,9.4,30,219
GMC,SIERRA,'PICKUP TRUCK - STANDARD',5.3,8,A8,X,14.9,10.9,13.1,22,307
MINI,'COOPER 5 DOOR',SUBCOMPACT,1.5,3,M6,Z,8.2,5.9,7.2,39,166
CHRYSLER,'TOWN & COUNTRY FFV',MINIVAN,3.6,6,A6,X,14.1,9.5,12,24,276
VOLKSWAGEN,'Jetta GLI',COMPACT,2,4,M6,X,9.6,7.1,8.5,33,198
PORSCHE,'911 CARRERA S CABRIOLET',MINICOMPACT,3,6,M7,Z,12.1,8.3,10.4,27,243
BMW,'M5 Sedan',MID-SIZE,4.4,8,AS8,Z,16,11,13.8,20,322
FORD,'F-150 4X4 (LT Tire Pkg)','PICKUP TRUCK - STANDARD',3,6,AS10,D,11.8,9.3,10.7,26,287
HONDA,'ACCORD COUPE',MID-SIZE,3.5,6,M6,X,12.9,8.4,10.9,26,254
HYUNDAI,'ELANTRA GT',FULL-SIZE,2,4,AS6,X,9.4,7.2,8.4,34,198
FORD,FUSION,MID-SIZE,2.5,4,AS6,X,10.5,6.9,8.9,32,209
FORD,F-150,'PICKUP TRUCK - STANDARD',2.7,6,AS6,X,12.2,9.3,10.9,26,256
JAGUAR,'XJR  LWB',FULL-SIZE,5,8,AS8,Z,15.8,10.3,13.3,21,313
MITSUBISHI,RVR,'SUV - SMALL',2,4,M5,X,10.3,8,9.3,30,214
CHEVROLET,'TAHOE 4WD FFV','SUV - STANDARD',5.3,8,A6,X,15.2,10.8,13.2,21,310
MERCEDES-BENZ,'AMG S 65 Coupe',COMPACT,6,12,A9,Z,17.6,11,14.6,19,343
BMW,'435i xDRIVE CABRIOLET',SUBCOMPACT,3,6,AS8,Z,12.1,8.1,10.3,27,237
PORSCHE,'PANAMERA TURBO',FULL-SIZE,4.8,8,AM7,Z,15.3,9.7,12.8,22,300
FORD,FIESTA,SUBCOMPACT,1.6,4,M5,X,8.6,6.4,7.6,37,175
BUICK,ENCLAVE,'SUV - STANDARD',3.6,6,A6,X,14.3,9.9,12.3,23,283
LINCOLN,'Continental AWD',FULL-SIZE,3.7,6,AS6,X,14.3,9.7,12.2,23,287
GMC,'SIERRA FFV','PICKUP TRUCK - STANDARD',4.3,6,A6,X,13.5,10,11.9,24,280
FORD,'EDGE AWD','SUV - SMALL',2,4,AS6,X,11.8,8.4,10.3,27,240
PORSCHE,'Panamera 4 ST',FULL-SIZE,3,6,AM8,Z,12.2,8.9,10.7,26,250
LAMBORGHINI,'Huracan Performante Spyder',TWO-SEATER,5.2,10,AM7,Z,17.9,13,15.7,18,370
INFINITI,'Q60 AWD',SUBCOMPACT,2,4,AS7,Z,11.2,8.5,10,28,233
MINI,'John Cooper Works Convertible',MINICOMPACT,2,4,M6,Z,10.8,7.7,9.4,30,220
'LAND ROVER',LR4,'SUV - STANDARD',3,6,AS8,Z,16.2,12.1,14.3,20,336
MAZDA,MX-5,TWO-SEATER,2,4,AS6,Z,9,6.6,7.9,36,186
SUBARU,'FORESTER AWD','SUV - SMALL',2.5,4,M6,X,10.9,8.3,9.7,29,228
DODGE,'CHALLENGER (MDS)',MID-SIZE,5.7,8,A8,X,14.7,9.4,12.3,23,289
KIA,RONDO,'STATION WAGON - MID-SIZE',2,4,M6,X,10.8,7.4,9.3,30,214
GMC,ACADIA,'SUV - STANDARD',2.5,4,A6,X,11,9.2,10.2,28,239
DODGE,'Grand Caravan',MINIVAN,3.6,6,A6,X,13.7,9.4,11.8,24,276
MINI,'COOPER CLUBMAN ALL4',MID-SIZE,1.5,3,AS8,Z,10.2,7.8,9.1,31,213
PORSCHE,'Panamera GTS ST',FULL-SIZE,4,8,AM8,Z,15.7,10.5,13.4,21,313
CHEVROLET,'EQUINOX AWD FFV','SUV - SMALL',2.4,4,A6,E,16.3,11.8,14.2,20,234
BMW,'335i xDRIVE SEDAN',COMPACT,3,6,AS8,Z,11.9,7.8,10,28,230
TOYOTA,Corolla,MID-SIZE,1.8,4,M6,X,8.5,6.6,7.6,37,178
BMW,'230i COUPE',SUBCOMPACT,2,4,M6,Z,11.1,7.3,9.4,30,219
'ALFA ROMEO','Stelvio AWD Quadrifoglio','SUV - SMALL',2.9,6,A8,Z,13.9,10.3,12.3,23,288
CHEVROLET,Tahoe,'SUV - STANDARD',5.3,8,A6,X,15.7,10.5,13.4,21,314
BUICK,ENCLAVE,'SUV - STANDARD',3.6,6,A6,X,14.3,9.9,12.3,23,283
VOLVO,'V60 POLESTAR','STATION WAGON - SMALL',2,4,AS8,Z,11.8,8.5,10.3,27,241
VOLKSWAGEN,BEETLE,COMPACT,1.8,4,M5,X,9.9,7.2,8.7,32,200
'ASTON MARTIN','V8 VANTAGE',TWO-SEATER,4.7,8,M6,Z,18.1,12.3,15.5,18,362
RAM,'1500 4X4','PICKUP TRUCK - STANDARD',5.7,8,A6,X,18.7,13.3,16.3,17,382
PORSCHE,'911 CARRERA 4 GTS',MINICOMPACT,3.8,6,AM7,Z,12.6,9.2,11.1,25,255
JAGUAR,'XJR LWB',FULL-SIZE,5,8,AS8,Z,15.8,10.3,13.3,21,313
CHEVROLET,'MALIBU LIMITED',MID-SIZE,2.5,4,AS6,X,10,7,8.6,33,202
HONDA,CR-Z,TWO-SEATER,1.5,4,M6,X,7.6,6.1,6.9,41,159
SCION,tC,COMPACT,2.5,4,M6,X,10.2,7.7,9,31,210
FORD,'ESCAPE AWD','SUV - SMALL',1.5,4,AS6,X,10.7,8.3,9.6,29,226
MERCEDES-BENZ,'AMG S 65 Coupe',COMPACT,6,12,A9,Z,17.6,11,14.6,19,343
FORD,'TRANSIT CONNECT TAXI','SPECIAL PURPOSE VEHICLE',1.6,4,AS6,X,11.5,8.3,10.1,28,232
PORSCHE,CAYMAN,TWO-SEATER,2,4,M6,Z,11,8.3,9.8,29,229
FIAT,'500 CABRIO',MINICOMPACT,1.4,4,A6,X,8.7,6.9,7.9,36,182
GMC,'YUKON XL','SUV - STANDARD',5.3,8,A6,X,15.1,10.4,13,22,305
MINI,'COOPER 5 DOOR',SUBCOMPACT,1.5,3,AS6,Z,8.5,6.3,7.5,38,172
CHEVROLET,TRAX,'SUV - SMALL',1.4,4,AS6,X,9.4,7.1,8.4,34,193
PORSCHE,MACAN,'SUV - SMALL',2,4,A7,Z,11.6,9.3,10.6,27,248
CHEVROLET,MALIBU,MID-SIZE,1.5,4,A6,X,8.8,6.5,7.8,36,181
TOYOTA,HIGHLANDER,'SUV - SMALL',3.5,6,AS6,X,12.5,9.3,11.1,25,255
AUDI,A8,MID-SIZE,3,6,AS8,Z,12.6,8,10.5,27,246
BMW,'M240i COUPE',SUBCOMPACT,3,6,AS8,Z,11.1,7.8,9.6,29,224
GMC,Canyon,'PICKUP TRUCK - SMALL',3.6,6,A8,X,13.4,9.6,11.7,24,273
JEEP,'RENEGADE 4X4','SUV - SMALL',2.4,4,A9,X,11.2,8.2,9.8,29,230
MINI,'Cooper 5 Door',SUBCOMPACT,1.5,3,M6,Z,8.4,6.3,7.5,38,175
CHEVROLET,'EQUINOX AWD','SUV - SMALL',3.6,6,A6,X,14.8,9.9,12.6,22,290
TOYOTA,86,MINICOMPACT,2,4,AS6,Z,9.9,7.3,8.7,32,204
RAM,'1500 FFV','PICKUP TRUCK - STANDARD',3.6,6,A8,X,13.9,9.5,11.9,24,274
MERCEDES-BENZ,'E 400 CABRIOLET',SUBCOMPACT,3,6,AS7,Z,11.5,8.1,10,28,233
CHEVROLET,'Camaro SS',SUBCOMPACT,6.2,8,M6,Z,14.9,9.9,12.6,22,297
DODGE,Challenger,MID-SIZE,5.7,8,M6,Z,15.6,10.1,13.1,22,307
FORD,'F-150 4X4 (Payload Pkg)','PICKUP TRUCK - STANDARD',3.5,6,AS10,X,14.7,11.2,13.1,22,308
MASERATI,GRANTURISMO,SUBCOMPACT,4.7,8,AS6,Z,18.2,11.4,15.1,19,357
PORSCHE,'911 CARRERA S',MINICOMPACT,3.8,6,AM7,Z,11.9,8.7,10.5,27,245
FORD,'Flex AWD GTDI','SUV - STANDARD',3.5,6,AS6,X,15.7,11.2,13.7,21,322
HYUNDAI,'GENESIS AWD',FULL-SIZE,5,8,AS8,Z,17.3,10.5,14.2,20,327
GMC,TERRAIN,'SUV - SMALL',2.4,4,A6,X,10.5,7.3,9.1,31,209
BMW,'X4 M','SUV - SMALL',3,6,AS8,Z,16.6,12.1,14.6,19,339
FORD,'EDGE AWD','SUV - SMALL',2,4,AS6,X,11.8,8.4,10.3,27,240
TOYOTA,'SEQUOIA 4WD','SUV - STANDARD',5.7,8,AS6,X,19,13.9,16.7,17,384
PORSCHE,'911 TURBO S',MINICOMPACT,3.8,6,AM7,Z,12.6,9.9,11.4,25,266
MERCEDES-BENZ,'S 550 4MATIC LWB',FULL-SIZE,4.7,8,AS7,Z,14.3,9.5,12.1,23,278
HYUNDAI,'GENESIS AWD',FULL-SIZE,5,8,AS8,Z,17.3,10.5,14.2,20,327
HONDA,CIVIC,COMPACT,1.8,4,AV7,X,8.1,6.2,7.2,39,166
SUBARU,'XV CROSSTREK AWD','SUV - SMALL',2,4,AV6,X,9.1,7,8.1,35,191
MERCEDES-BENZ,'S 63 AMG 4MATIC',FULL-SIZE,5.5,8,AS7,Z,15.6,10.3,13.2,21,304
FORD,FLEX,'SUV - STANDARD',3.5,6,AS6,X,14.7,10.2,12.7,22,298
MAZDA,'CX-5 4WD','SUV - SMALL',2,4,AS6,X,9.3,7.6,8.5,33,196
FORD,'F-150 FFV (LT Tire Pkg)','PICKUP TRUCK - STANDARD',5,8,AS10,X,14.7,11.2,13.1,22,307
FORD,'F-150 FFV 4X4 (Payload Pkg)','PICKUP TRUCK - STANDARD',5,8,AS6,X,16.8,12.4,14.8,19,347
HONDA,'Civic Sedan Si',MID-SIZE,1.5,4,M6,Z,8.9,6.4,7.8,36,183
MAZDA,MAZDA6,MID-SIZE,2.5,4,M6,X,9.4,6.4,8.1,35,186
VOLKSWAGEN,'GOLF SPORTWAGEN 4MOTION','STATION WAGON - SMALL',1.8,4,M6,X,10.8,7.6,9.3,30,218
GMC,'Sierra 4WD','PICKUP TRUCK - STANDARD',2.7,4,A8,X,12.5,10.8,11.7,24,275
MASERATI,GRANTURISMO,SUBCOMPACT,4.7,8,AS6,Z,18.2,11.4,15.1,19,357
DODGE,Challenger,MID-SIZE,5.7,8,M6,Z,15.6,10.1,13.1,22,307
VOLVO,'XC70 T5','SUV - SMALL',2,4,AS8,X,10.3,7.6,9.1,31,213
BMW,'740Li xDRIVE SEDAN',FULL-SIZE,3,6,AS8,Z,12.1,8.1,10.3,27,237
MERCEDES-BENZ,'AMG G 65','SUV - STANDARD',6,12,AS7,Z,24.3,17.9,21.4,13,476
JEEP,'CHEROKEE 4X4 ACTIVE DRIVE I','SUV - SMALL',3.2,6,A9,X,11.6,8.6,10.3,27,241
'ALFA ROMEO','4C Spider',TWO-SEATER,1.8,4,AM6,Z,9.7,6.9,8.4,34,197
GMC,'Sierra WT 4WD','PICKUP TRUCK - STANDARD',2.7,4,A8,X,12.7,11,12,24,280
JEEP,COMPASS,'SUV - SMALL',2,4,AV,X,10.8,8.9,10,28,234
DODGE,'JOURNEY FFV','SUV - SMALL',3.6,6,A6,X,14.2,9.5,12.1,23,284
VOLKSWAGEN,BEETLE,COMPACT,1.8,4,M5,X,9.5,7.1,8.4,34,198
VOLKSWAGEN,'Golf SportWagen 4MOTION','STATION WAGON - SMALL',1.8,4,AM6,X,10.8,8.1,9.6,29,224
KIA,SOUL,'STATION WAGON - SMALL',1.6,4,AS6,X,9.4,7.8,8.7,32,205
FORD,'ESCAPE AWD','SUV - SMALL',2,4,AS6,X,11.4,8.4,10,28,236
JAGUAR,'E-PACE P250','SUV - SMALL',2,4,AS9,Z,11,8.4,9.8,29,231
PORSCHE,'911 CARRERA CABRIOLET',MINICOMPACT,3,6,M7,Z,12,8.2,10.3,27,241
LAMBORGHINI,HURACAN,TWO-SEATER,5.2,10,AM7,Z,16.8,11.4,14.4,20,336
BMW,'335i SEDAN',COMPACT,3,6,AS8,Z,11.4,7.4,9.6,29,221
KIA,'OPTIMA HYBRID',MID-SIZE,2,4,AS6,X,6,5.1,5.6,50,132
GMC,SIERRA,'PICKUP TRUCK - STANDARD',5.3,8,A6,X,14.6,10.3,12.7,22,292
FORD,'Edge AWD','SUV - SMALL',2,4,AS8,X,11.4,8.3,10,28,233
LAMBORGHINI,'Aventador Roadster',TWO-SEATER,6.5,12,AM7,Z,26.6,15.8,21.7,13,493
BMW,'428i COUPE',COMPACT,2,4,M6,Z,10.7,7,9,31,211
BMW,'X6 xDRIVE50i','SUV - STANDARD',4.4,8,AS8,Z,15.4,11.2,13.5,21,317
BMW,'440i Coupe',COMPACT,3,6,AS8,Z,11.2,7.3,9.4,30,227
BMW,'330i xDRIVE GRAN TURISMO',FULL-SIZE,2,4,AS8,Z,10.5,7.4,9.1,31,213
HONDA,'CIVIC SEDAN',MID-SIZE,2,4,AV,X,7.8,5.8,6.9,41,162
SUBARU,'Impreza 4-Door AWD',MID-SIZE,2,4,AV7,X,8.3,6.4,7.5,38,174
ACURA,'MDX HYBRID AWD','SUV - SMALL',3,6,AM7,Z,9.1,9,9,31,210
KIA,Forte,MID-SIZE,1.6,4,AM7,X,8.7,6.6,7.8,36,184
DODGE,Challenger,MID-SIZE,5.7,8,M6,Z,15.6,10.1,13.1,22,307
TOYOTA,'HIGHLANDER AWD','SUV - STANDARD',3.5,6,AS6,X,13,9.8,11.6,24,272
MERCEDES-BENZ,'CL 550 4MATIC',COMPACT,4.7,8,AS7,Z,15.4,10.4,13.2,21,304
VOLKSWAGEN,'GOLF WAGON TDI (modified)','STATION WAGON - SMALL',2,4,M6,D,8.3,6,7.3,39,196
CADILLAC,ATS,COMPACT,2.5,4,AS8,X,10.6,7.3,9.1,31,214
PORSCHE,'911 TARGA 4',MINICOMPACT,3.4,6,M7,Z,12.9,9,11.1,25,255
RAM,'1500 ECODIESEL','PICKUP TRUCK - STANDARD',3,6,A8,D,11.8,8.6,10.4,27,278
AUDI,'A7 quattro',MID-SIZE,3,6,AM7,Z,10.9,8.2,9.7,29,226
TOYOTA,'SIENNA AWD',MINIVAN,3.5,6,AS8,X,13.4,9.6,11.7,24,274
CADILLAC,XTS,FULL-SIZE,3.6,6,AS6,X,13.2,8.5,11.1,25,260
JEEP,'RENEGADE 4X4','SUV - SMALL',2.4,4,A9,X,11.2,8.2,9.8,29,230
BUICK,VERANO,COMPACT,2,4,AS6,Z,11.4,7.9,9.8,29,231
DODGE,Challenger,MID-SIZE,5.7,8,M6,Z,15.6,10.1,13.1,22,307
MASERATI,'GHIBLI AWD',MID-SIZE,3,6,AS8,Z,15.2,9.6,12.7,22,292
SUBARU,BRZ,MINICOMPACT,2,4,AS6,Z,9.6,7.1,8.5,33,196
CHEVROLET,SONIC,COMPACT,1.8,4,AS6,X,9.6,6.7,8.3,34,195
JEEP,CHEROKEE,'SUV - SMALL',2.4,4,A9,X,10.9,7.7,9.5,30,218
VOLVO,'XC70 T5','SUV - SMALL',2,4,AS8,X,10.3,7.6,9.1,31,213
GMC,Canyon,'PICKUP TRUCK - SMALL',2.8,4,A6,D,11.8,7.9,10.1,28,270
BMW,'M5 Sedan',MID-SIZE,4.4,8,AS8,Z,16,11,13.8,20,322
NISSAN,GT-R,SUBCOMPACT,3.8,6,AM6,Z,14.4,10.9,12.8,22,300
MITSUBISHI,'LANCER AWD',COMPACT,2.4,4,AV6,X,10.5,8.2,9.5,30,219
AUDI,A8,MID-SIZE,3,6,AS8,Z,12.6,8,10.5,27,242
TOYOTA,YARIS,COMPACT,1.5,4,M5,X,7.7,6.3,7.1,40,163
CHEVROLET,'CRUZE PREMIER',COMPACT,1.4,4,AS6,X,8.1,6,7.2,39,169
MERCEDES-BENZ,'C 250 COUPE',SUBCOMPACT,1.8,4,AS7,Z,11,7.4,9.4,30,216
LINCOLN,'MKT LIVERY AWD','SPECIAL PURPOSE VEHICLE',3.7,6,A6,X,14,9.9,12.2,23,281
DODGE,'CHALLENGER SRT HELLCAT',MID-SIZE,6.2,8,M6,Z,18.1,11.4,15.1,19,352
PORSCHE,'MACAN TURBO','SUV - SMALL',3.6,6,A7,Z,14.2,10.1,12.3,23,287
CHRYSLER,'200 SEDAN FFV',MID-SIZE,3.6,6,A6,X,12.5,8.1,10.5,27,242
GMC,'YUKON XL','SUV - STANDARD',5.3,8,A6,E,20.2,13.6,17.2,16,275
JEEP,'RENEGADE FFV','SUV - SMALL',2.4,4,A9,X,10.8,7.8,9.5,30,222
PORSCHE,'911 Carrera 4 GTS',MINICOMPACT,3,6,M7,Z,12.8,8.9,11,26,257
BMW,'440i Coupe',COMPACT,3,6,AS8,Z,11.2,7.3,9.4,30,227
PORSCHE,'CAYENNE TURBO','SUV - STANDARD',4.8,8,A8,Z,16.7,11.2,14.2,20,334
HYUNDAI,'GENESIS AWD',FULL-SIZE,5,8,AS8,Z,17.3,10.5,14.2,20,327
GMC,'Sierra WT 4WD','PICKUP TRUCK - STANDARD',2.7,4,A8,X,12.7,11,12,24,280
PORSCHE,'911 CARRERA 4S',MINICOMPACT,3,6,AM7,Z,11,8.5,9.9,29,232
MERCEDES-BENZ,'SLK 250',TWO-SEATER,1.8,4,AS7,Z,10.4,7.2,9,31,207
BMW,'X1 xDRIVE35i','SUV - SMALL',3,6,A6,Z,13.2,8.9,11.3,25,260
AUDI,'TT RS',SUBCOMPACT,2.5,5,AM7,Z,12.3,8.2,10.5,27,245
HYUNDAI,VELOSTER,COMPACT,1.6,4,AM6,X,8.3,6.7,7.6,37,180
CHEVROLET,EQUINOX,'SUV - SMALL',3.6,6,A6,X,14.1,9.7,12.1,23,285
FORD,'Fiesta ST',SUBCOMPACT,1.6,4,M6,X,9.2,7.4,8.4,34,196
CADILLAC,SRX,'SUV - STANDARD',3.6,6,AS6,X,14.2,9.8,12.3,23,287
'LAND ROVER','RANGE ROVER SPORT SUPERCHARGED','SUV - STANDARD',5,8,AS8,Z,16.6,12.3,14.7,19,344
CHEVROLET,'TAHOE 4WD FFV','SUV - STANDARD',5.3,8,A6,X,15.2,10.8,13.2,21,310
FORD,FUSION,MID-SIZE,2.5,4,AS6,X,10.5,7,8.9,32,205
FORD,'ESCAPE AWD','SUV - SMALL',1.5,4,AS6,X,10.7,8.3,9.6,29,226
CHEVROLET,'Silverado 4WD','PICKUP TRUCK - STANDARD',5.3,8,A8,X,14.7,10.7,12.9,22,303
FORD,'ESCAPE AWD','SUV - SMALL',2,4,AS6,X,11.4,8.4,10.1,28,232
HYUNDAI,Tucson,'SUV - SMALL',2,4,AS6,X,10,7.9,9.1,31,216
RAM,'ProMaster City','SPECIAL PURPOSE VEHICLE',2.4,4,A9,X,11.2,8.3,9.9,29,232
LINCOLN,'Nautilus AWD','SUV - SMALL',2,4,AS8,X,12,9.6,10.7,26,250
VOLKSWAGEN,JETTA,COMPACT,1.4,4,AS6,X,8.5,6,7.3,39,173
RAM,'1500 ECODIESEL HFE','PICKUP TRUCK - STANDARD',3,6,A8,D,11.3,8,9.8,29,264
GMC,SIERRA,'PICKUP TRUCK - STANDARD',4.3,6,A6,E,19.3,14.3,17.1,17,274
FORD,'FOCUS FFV',COMPACT,2,4,AM6,E,11.9,8.5,10.4,27,166
NISSAN,Qashqai,'STATION WAGON - SMALL',2,4,M6,X,10.1,8.1,9.2,31,217
CHEVROLET,'EXPRESS 2500 PASSENGER FFV','VAN - PASSENGER',6,8,A6,E,30.3,20.5,25.9,11,414
HYUNDAI,Elantra,MID-SIZE,1.6,4,M6,X,10.7,7.8,9.4,30,221
AUDI,'A4 QUATTRO',COMPACT,2,4,AS8,Z,11,7.8,9.6,29,221
HONDA,'Civic Sedan Si',MID-SIZE,1.5,4,M6,Z,8.9,6.4,7.8,36,183
KIA,'SORENTO 4WD','SUV - SMALL',3.3,6,A6,X,13.4,9.9,11.8,24,271
PORSCHE,'Panamera 4 ST',FULL-SIZE,3,6,AM8,Z,12.2,8.9,10.7,26,250
VOLKSWAGEN,'GOLF SPORTWAGEN 4MOTION','STATION WAGON - SMALL',1.8,4,M6,X,10.8,7.6,9.3,30,218
CHEVROLET,'TAHOE FFV','SUV - STANDARD',5.3,8,A6,X,15.1,10.4,13,22,304
MERCEDES-BENZ,'E 400 CABRIOLET',SUBCOMPACT,3.5,6,AS7,Z,11.5,8.1,10,28,230
MERCEDES-BENZ,'B 250 4MATIC',MID-SIZE,2,4,AS7,Z,10,7.5,8.9,32,206
AUDI,'A3 CABRIOLET QUATTRO',SUBCOMPACT,2,4,AM6,Z,10.1,7.5,8.9,32,205
NISSAN,'NV200 CARGO VAN','SPECIAL PURPOSE VEHICLE',2,4,AV,X,9.7,9,9.4,30,220
FORD,'F-150 4X4 (Payload Pkg)','PICKUP TRUCK - STANDARD',3.5,6,AS10,X,14.7,11.2,13.1,22,308
MERCEDES-BENZ,'GLC 300 4MATIC Coupe','SUV - SMALL',2,4,A9,Z,10.8,9,10,28,234
BMW,'M4 CABRIOLET',SUBCOMPACT,3,6,M6,Z,13.7,9.1,11.7,24,273
FORD,'E150 WAGON FFV','VAN - PASSENGER',4.6,8,A4,X,18.6,14.6,16.8,17,386
VOLKSWAGEN,GOLF,COMPACT,1.8,4,AS6,X,9.6,7.2,8.5,33,199
GMC,'YUKON DENALI XL AWD','SUV - STANDARD',6.2,8,A6,E,25.7,17.8,22.1,13,354
ROLLS-ROYCE,GHOST,FULL-SIZE,6.6,12,AS8,Z,20.3,13,17,17,397
MAZDA,'CX-5 (Cylinder Deactivation)','SUV - SMALL',2.5,4,AS6,X,9.3,7.6,8.5,33,201
CADILLAC,'CT6 AWD',FULL-SIZE,3.6,6,AS10,X,13,8.8,11.1,25,261
BMW,'430i xDRIVE CABRIOLET',SUBCOMPACT,2,4,AS8,Z,10.7,7.3,9.1,31,214
JEEP,COMPASS,'SUV - SMALL',2,4,A6,X,11.1,8.3,9.8,29,225
ROLLS-ROYCE,DAWN,COMPACT,6.6,12,AS8,Z,20,12.6,16.7,17,390
JEEP,COMPASS,'SUV - SMALL',2.4,4,A6,X,11.1,8.3,9.8,29,225
INFINITI,'QX50 AWD','SUV - SMALL',2,4,AV8,Z,10.8,8.3,9.7,29,228
BMW,'M4 Cabriolet',SUBCOMPACT,3,6,M6,Z,13.8,9.4,11.9,24,280
TOYOTA,'RAV4 LE/XLE','SUV - SMALL',2.5,4,AS6,X,10,7.6,8.9,32,205
'LAND ROVER','RANGE ROVER EVOQUE CONVERTIBLE','SUV - SMALL',2,4,AS9,Z,11.2,8.2,9.8,29,231
FORD,'F-150 FFV 4X4','PICKUP TRUCK - STANDARD',3.3,6,AS6,E,17.6,13.7,15.8,18,263
'ALFA ROMEO','Stelvio AWD Quadrifoglio','SUV - SMALL',2.9,6,A8,Z,13.9,10.3,12.3,23,288
VOLKSWAGEN,PASSAT,MID-SIZE,3.6,6,AM6,X,12.2,8.5,10.6,27,246
PORSCHE,PANAMERA,FULL-SIZE,3.6,6,AM7,Z,12.9,8.4,10.9,26,255
HYUNDAI,'TUCSON 4WD','SUV - SMALL',2,4,A6,X,11.4,9.3,10.5,27,242
CHRYSLER,'200 SEDAN FFV',MID-SIZE,3.6,6,A6,X,12.5,8.1,10.5,27,242
CHEVROLET,'IMPALA FFV',FULL-SIZE,3.6,6,AS6,X,12.5,8.2,10.6,27,248
MERCEDES-BENZ,'ML 350 BLUETEC 4MATIC','SUV - STANDARD',3,6,AS7,D,11.8,8.5,10.3,27,278
DODGE,'CHARGER SRT (MDS)',FULL-SIZE,6.4,8,A5,Z,16.7,10.3,13.8,20,317
INFINITI,'Q60 AWD',SUBCOMPACT,2,4,AS7,Z,11.2,8.5,10,28,233
MAZDA,'CX-9 4WD','SUV - SMALL',3.7,6,AS6,X,14.3,10.6,12.7,22,292
LINCOLN,'CONTINENTAL AWD',FULL-SIZE,3,6,AS6,X,14.4,9.7,12.3,23,288
NISSAN,'NV200 CARGO VAN','SPECIAL PURPOSE VEHICLE',2,4,AV,X,10,8.5,9.3,30,214
MINI,'Cooper 5 Door',SUBCOMPACT,1.5,3,M6,Z,8.4,6.3,7.5,38,175
CHEVROLET,EQUINOX,'SUV - SMALL',2.4,4,A6,X,10.5,7.3,9.1,31,209
FORD,'F-150 FFV 4X4','PICKUP TRUCK - STANDARD',5,8,AS10,X,15.1,11.6,13.5,21,317
'ASTON MARTIN','V8 VANTAGE',TWO-SEATER,4.7,8,M6,Z,18.1,12.3,15.5,18,356
CHEVROLET,ORLANDO,'SUV - SMALL',2.4,4,AS6,X,12.2,8.6,10.6,27,244
INFINITI,'Q60 AWD',SUBCOMPACT,3,6,AS7,Z,12.3,8.7,10.7,26,251
JEEP,'CHEROKEE 4X4 ACTIVE DRIVE II','SUV - SMALL',3.2,6,A9,X,12.8,9,11.1,25,259
AUDI,S5,SUBCOMPACT,3,6,A7,Z,13.2,9.2,11.4,25,262
VOLVO,'V60 CC T5 AWD','STATION WAGON - SMALL',2,4,AS8,Z,10.8,7.6,9.3,30,218
SUBARU,'Outback AWD','SUV - SMALL',2.4,4,AV8,X,10.1,7.9,9.1,31,213
MITSUBISHI,RVR,'SUV - SMALL',2,4,M5,X,10.3,8,9.3,30,214
SCION,FR-S,MINICOMPACT,2,4,M6,Z,10.9,7.9,9.6,29,224
AUDI,'ALLROAD QUATTRO','STATION WAGON - SMALL',2,4,AS8,Z,11.8,8.8,10.5,27,242
LEXUS,'ES 300h',MID-SIZE,2.5,4,AV6,X,5.8,6.1,5.9,48,139
MAZDA,'Mazda3 5-Door (SIL)',MID-SIZE,2,4,M6,X,8.7,6.6,7.8,36,181
FORD,'E350 WAGON FFV','VAN - PASSENGER',5.4,8,A4,E,26.7,20.5,23.9,12,382
MERCEDES-BENZ,'CLA 250 4MATIC FFV',COMPACT,2,4,AS7,Z,9.8,7.1,8.6,33,198
MERCEDES-BENZ,'CL 550 4MATIC',COMPACT,4.7,8,AS7,Z,15.4,10.4,13.2,21,304
INFINITI,'Q60 CONVERTIBLE',SUBCOMPACT,3.7,6,M6,Z,14.3,9.8,12.3,23,283
FORD,'F-150 FFV','PICKUP TRUCK - STANDARD',3.5,6,A6,X,13.2,9.7,11.6,24,272
JEEP,'RENEGADE FFV','SUV - SMALL',2.4,4,A9,X,10.8,7.8,9.5,30,222
CHEVROLET,TAHOE,'SUV - STANDARD',5.3,8,A6,E,20.2,13.6,17.2,16,275
HYUNDAI,ACCENT,COMPACT,1.6,4,AS6,X,8.9,6.6,7.9,36,182
CHEVROLET,SONIC,COMPACT,1.4,4,M6,X,8.5,6.2,7.5,38,173
BMW,'750Li xDRIVE',FULL-SIZE,4.4,8,A8,Z,15,9.8,12.7,22,292
INFINITI,'Q50 HYBRID AWD',COMPACT,3.5,6,AS7,Z,9.1,7.7,8.5,33,200
DODGE,'Durango AWD','SUV - STANDARD',3.6,6,A8,X,12.7,9.6,11.3,25,265
CHEVROLET,SONIC,COMPACT,1.4,4,M6,X,8.5,6.2,7.5,38,173
TOYOTA,PRIUS,MID-SIZE,1.8,4,AV,X,4.3,4.6,4.5,63,105
HYUNDAI,'SANTA FE','SUV - SMALL',3.3,6,AS6,X,12.9,9.4,11.3,25,265
LINCOLN,'CONTINENTAL AWD',FULL-SIZE,2.7,6,AS6,X,14,9.4,12,24,280
AUDI,'A3 CABRIOLET QUATTRO',SUBCOMPACT,2,4,AM6,Z,10.1,7.5,8.9,32,205
ROLLS-ROYCE,Ghost,FULL-SIZE,6.6,12,AS8,Z,20.3,13,17,17,397
BMW,'M850i xDrive Coupe',SUBCOMPACT,4.4,8,AS8,Z,13.3,9.2,11.5,25,269
BUICK,'LACROSSE eASSIST',MID-SIZE,2.4,4,AS6,X,9.6,6.5,8.2,34,189
BMW,'M2 Competition',SUBCOMPACT,3,6,M6,Z,13.4,9.6,11.7,24,273
KIA,'FORTE 5',FULL-SIZE,2,4,M6,X,9.7,6.9,8.4,34,197
KIA,'FORTE KOUP',COMPACT,2,4,AS6,X,9.6,7.3,8.6,33,203
GMC,'TERRAIN AWD','SUV - SMALL',2.4,4,A6,X,11.5,8.2,10,28,235
BUICK,'REGAL eASSIST',MID-SIZE,2.4,4,AS6,X,9.6,6.5,8.2,34,193
TOYOTA,TUNDRA,'PICKUP TRUCK - STANDARD',5.7,8,AS6,X,17.2,12.9,15.3,18,358
GMC,'YUKON XL 4WD FFV','SUV - STANDARD',5.3,8,A6,X,15.4,10.8,13.3,21,312
GMC,TERRAIN,'SUV - SMALL',2.4,4,A6,X,10.5,7.3,9.1,31,209
DODGE,'CHARGER (MDS)',FULL-SIZE,5.7,8,A8,X,14.8,9.3,12.3,23,289
GMC,Canyon,'PICKUP TRUCK - SMALL',3.6,6,A8,X,13.4,9.6,11.7,24,273
MINI,'JOHN COOPER WORKS',SUBCOMPACT,2,4,AS6,Z,9.3,7.3,8.4,34,197
VOLVO,'V60 T5 AWD','STATION WAGON - SMALL',2,4,AS8,X,11,8.1,9.7,29,226
NISSAN,'NV200 CARGO VAN','SPECIAL PURPOSE VEHICLE',2,4,AV,X,10,8.5,9.3,30,214
SCION,xD,SUBCOMPACT,1.8,4,M5,X,8.6,7.1,7.9,36,182
CHEVROLET,CAMARO,COMPACT,3.6,6,AS6,X,13.3,8.8,11.3,25,260
KIA,'SORENTO 4WD','SUV - SMALL',3.3,6,A6,X,13.4,9.9,11.8,24,271
BMW,'X1 xDRIVE28i','SUV - SMALL',2,4,AS8,Z,10.7,7.4,9.2,31,215
DODGE,'CHARGER AWD',FULL-SIZE,5.7,8,A5,X,16,10.1,13.3,21,312
GMC,TERRAIN,'SUV - SMALL',2.4,4,A6,X,10.5,7.3,9.1,31,209
CHEVROLET,'EXPRESS 2500 PASSENGER FFV','VAN - PASSENGER',6,8,A6,E,30.3,20.5,25.9,11,414
JEEP,'CHEROKEE FFV','SUV - SMALL',2.4,4,A9,X,10.9,7.7,9.5,30,223
SUBARU,BRZ,MINICOMPACT,2,4,AS6,Z,9.7,7.2,8.6,33,200
AUDI,'A4 allroad quattro','STATION WAGON - SMALL',2,4,AM7,Z,10,7.4,8.8,32,206
CHEVROLET,Camaro,SUBCOMPACT,3.6,6,AS8,X,12.3,8.2,10.4,27,246
NISSAN,'JUKE NISMO RS AWD','STATION WAGON - SMALL',1.6,4,AV8,Z,9.4,8.1,8.8,32,202
MERCEDES-BENZ,'AMG CLA 45 4MATIC',COMPACT,2,4,AM7,Z,10.3,7.9,9.2,31,217
PORSCHE,'CAYENNE PLATINUM','SUV - STANDARD',3.6,6,A8,Z,13.6,10.2,12.1,23,281
PORSCHE,'MACAN GTS','SUV - SMALL',3,6,A7,Z,13.8,10.3,12.3,23,287
PORSCHE,'Panamera Turbo ST',FULL-SIZE,4,8,AM8,Z,13.4,10.1,11.9,24,279
PORSCHE,'911 GT3 Touring',TWO-SEATER,4,6,M6,Z,16.4,11.2,14.1,20,334
PORSCHE,'CAYENNE PLATINUM','SUV - STANDARD',3.6,6,A8,Z,13.6,10.2,12.1,23,281
TOYOTA,86,MINICOMPACT,2,4,AS6,Z,9.9,7.3,8.7,32,204
FORD,'F-150 FFV','PICKUP TRUCK - STANDARD',3.5,6,A6,X,13.2,9.7,11.6,24,272
BUICK,ENCLAVE,'SUV - STANDARD',3.6,6,A6,X,14.3,9.9,12.3,23,283
NISSAN,MICRA,COMPACT,1.6,4,M5,X,8.6,6.6,7.7,37,177
BMW,'435i xDRIVE COUPE',COMPACT,3,6,AS8,Z,12,7.9,10.2,28,238
AUDI,S4,COMPACT,3,6,AM8,Z,11.5,8,9.9,29,232
FORD,F-150,'PICKUP TRUCK - STANDARD',3,6,AS10,D,10.8,8,9.5,30,256
VOLVO,'XC70 T5','SUV - SMALL',2,4,AS8,X,10.3,7.6,9.1,31,213
NISSAN,'Rogue AWD','SUV - SMALL',2.5,4,AV,X,9.6,7.5,8.7,32,204
TOYOTA,'Prius c',COMPACT,1.5,4,AV,X,4.9,5.5,5.1,55,120
SUBARU,'IMPREZA AWD',COMPACT,2.5,4,M6,Z,14.2,10.4,12.5,23,288
BMW,'650i xDRIVE COUPE',COMPACT,4.4,8,A8,Z,14.4,9.6,12.2,23,281
GMC,'YUKON 4WD','SUV - STANDARD',5.3,8,A6,X,15.2,10.8,13.2,21,310
CHEVROLET,Equinox,'SUV - SMALL',1.5,4,A6,X,9.2,7.3,8.3,34,196
LAMBORGHINI,'Huracan Coupe',TWO-SEATER,5.2,10,AM7,Z,18,12.9,15.7,18,370
KIA,'SEDONA SXL',MINIVAN,3.3,6,AS6,X,14.2,10.5,12.5,23,288
JEEP,'CHEROKEE 4X4 ACTIVE DRIVE I','SUV - SMALL',3.2,6,A9,X,11.6,8.6,10.3,27,241
KIA,RIO,COMPACT,1.6,4,M6,X,8.7,6.4,7.7,37,177
JEEP,Compass,'SUV - SMALL',2.4,4,A6,X,10.6,7.6,9.3,30,218
NISSAN,VERSA,COMPACT,1.6,4,M5,X,8.6,6.5,7.7,37,177
MINI,'COOPER COUNTRYMAN',MID-SIZE,1.5,3,AS6,Z,9.5,7.2,8.4,34,197
TOYOTA,86,MINICOMPACT,2,4,AS6,Z,9.9,7.3,8.7,32,204
LEXUS,'GS 200t',MID-SIZE,2,4,AS8,Z,10.6,7.2,9,31,212
CHEVROLET,'CRUZE ECO',MID-SIZE,1.4,4,M6,X,8.4,5.6,7.1,40,163
JAGUAR,'F-PACE 25t','SUV - SMALL',2,4,AS8,Z,10.7,8.8,9.9,29,227
FORD,'E150 WAGON FFV','VAN - PASSENGER',4.6,8,A4,X,18.6,14.6,16.8,17,386
FORD,'TRANSIT CONNECT TAXI','SPECIAL PURPOSE VEHICLE',1.6,4,AS6,X,11.5,8.3,10.1,28,232
BMW,'X2 xDrive28i','SUV - SMALL',2,4,AS8,Z,11,7.7,9.5,30,222
KIA,'FORTE (MPI)',MID-SIZE,2,4,AS6,X,7.9,6.3,7.2,39,170
FORD,'ESCAPE AWD','SUV - SMALL',2,4,AS6,X,11.4,8.4,10.1,28,232
LINCOLN,'CONTINENTAL AWD',FULL-SIZE,3,6,AS6,X,14.4,9.7,12.3,23,288
FORD,'F-150 4X4 (Payload Pkg)','PICKUP TRUCK - STANDARD',3.5,6,AS10,X,14.7,11.2,13.1,22,308
BMW,'435i xDRIVE CABRIOLET',SUBCOMPACT,3,6,AS8,Z,12.1,8.1,10.3,27,237
GMC,'YUKON 4WD','SUV - STANDARD',5.3,8,A6,X,15.1,10.4,13,22,299
BUICK,LACROSSE,MID-SIZE,3.6,6,AS9,X,11.3,7.9,9.7,29,228
BMW,'X4 M40i','SUV - SMALL',3,6,AS8,Z,11.9,8.7,10.4,27,245
VOLVO,S60,COMPACT,2.5,5,AS6,X,11.3,7.8,9.7,29,223
DODGE,'CHALLENGER SRT HELLCAT',MID-SIZE,6.2,8,M6,Z,18.1,11.4,15.1,19,352
CHEVROLET,'Blazer AWD','SUV - SMALL',3.6,6,A9,X,12.7,9.5,11.3,25,265
MERCEDES-BENZ,'AMG SL 63',TWO-SEATER,5.5,8,AS7,Z,14.7,9.5,12.4,23,298
BMW,'M8 Cabriolet Competition',SUBCOMPACT,4.4,8,AS8,Z,16,11,13.8,20,322
AUDI,'S5 CABRIOLET',SUBCOMPACT,3,6,AM7,Z,13.3,9.1,11.4,25,262
MASERATI,'Ghibli S',MID-SIZE,3,6,AS8,Z,14.1,9.8,12.2,23,286
RAM,'1500 eTorque','PICKUP TRUCK - STANDARD',3.6,6,A8,X,11.9,9.4,10.8,26,253
FORD,'FOCUS FFV',COMPACT,2,4,A6,X,8.8,6.4,7.7,37,177
DODGE,'CHARGER SRT 392 HEMI',FULL-SIZE,6.4,8,A8,Z,15.7,9.5,12.9,22,297
MERCEDES-BENZ,'AMG CLA 45 4MATIC',COMPACT,2,4,AM7,Z,10.3,7.9,9.2,31,217
NISSAN,'JUKE AWD','STATION WAGON - SMALL',1.6,4,AV,Z,9.3,7.9,8.7,32,200
MINI,'JOHN COOPER WORKS COUNTRYMAN ALL4',COMPACT,1.6,4,AS6,Z,10.1,7.7,9,31,212
BMW,'X3 xDrive30i','SUV - SMALL',2,4,AS8,Z,10,8.2,9.2,31,215
BMW,'M4 COUPE',COMPACT,3,6,M6,Z,13.7,9.1,11.7,24,273
BMW,'530i xDRIVE',MID-SIZE,2,4,AS8,Z,10.5,7.4,9.1,31,213
PORSCHE,BOXSTER,TWO-SEATER,2,4,AM7,Z,10.5,8,9.4,30,219
BMW,'328d xDRIVE',COMPACT,2,4,AS8,D,7.8,5.9,7,40,184
CHEVROLET,'SUBURBAN 4WD FFV','SUV - STANDARD',5.3,8,A6,X,15.3,10.9,13.3,21,312
MERCEDES-BENZ,'AMG S 65',FULL-SIZE,6,12,AS7,Z,17.6,10.9,14.6,19,349
LEXUS,'GS 450h',MID-SIZE,3.5,6,AV8,Z,8.1,6.9,7.6,37,177
JEEP,'RENEGADE 4X4','SUV - SMALL',2.4,4,A9,X,11.2,8.2,9.8,29,230
TOYOTA,Corolla,MID-SIZE,1.8,4,M6,X,8.5,6.6,7.6,37,178
ACURA,'RDX AWD','SUV - SMALL',3.5,6,AS6,Z,12.4,8.7,10.7,26,250
FORD,'F-150 FFV','PICKUP TRUCK - STANDARD',5,8,AS6,E,22.1,16.7,19.7,14,315
AUDI,'TT ROADSTER QUATTRO',TWO-SEATER,2,4,AM6,Z,10.4,7.7,9.2,31,212
MERCEDES-BENZ,'C 250 COUPE',SUBCOMPACT,1.8,4,AS7,Z,11,7.4,9.4,30,216
'ASTON MARTIN',RAPIDE,SUBCOMPACT,5.9,12,A6,Z,18,12.6,15.6,18,359
MERCEDES-BENZ,'METRIS CARGO','SPECIAL PURPOSE VEHICLE',2,4,AS7,Z,10.8,9.5,10.2,28,233
HONDA,Odyssey,MINIVAN,3.5,6,AS10,X,12.2,8.5,10.6,27,248
SUBARU,'CROSSTREK AWD','SUV - SMALL',2,4,AV6,X,9.1,7.2,8.2,34,193
CADILLAC,'CT4-V AWD',COMPACT,2.7,4,AS10,Z,11.7,8.4,10.2,28,238
FORD,'TAURUS FFV AWD',FULL-SIZE,3.5,6,AS6,E,18.7,13.3,16.3,17,271
CADILLAC,'CT6 AWD',FULL-SIZE,3.6,6,AS10,X,13,8.8,11.1,25,261
VOLVO,'V60 POLESTAR','STATION WAGON - SMALL',2,4,AS8,Z,11.8,8.5,10.3,27,241
DODGE,'CHARGER FFV',FULL-SIZE,3.6,6,A5,E,18.7,12.4,15.9,18,264
DODGE,'CHARGER FFV',FULL-SIZE,3.6,6,A8,X,12.4,7.7,10.3,27,237
DODGE,'CHARGER AWD FFV',FULL-SIZE,3.6,6,A8,E,17.6,12,15,19,248
FORD,'F-150 4X4 (LT Tire Pkg)','PICKUP TRUCK - STANDARD',3,6,AS10,D,11.8,9.3,10.7,26,287
BMW,M2,SUBCOMPACT,3,6,M6,Z,13.1,9.2,11.4,25,267
MERCEDES-BENZ,'GLC 300 4MATIC','SUV - SMALL',2,4,A9,Z,11,8.7,10,28,234
CHEVROLET,Camaro,SUBCOMPACT,3.6,6,M6,X,14.3,8.8,11.8,24,277
RAM,'1500 (MDS)','PICKUP TRUCK - STANDARD',5.7,8,A8,X,15.7,10.9,13.6,21,313
LEXUS,'LS 460',MID-SIZE,4.6,8,AS8,Z,14.4,9.6,12.3,23,283
'LAND ROVER','RANGE ROVER SPORT V6 3.0 SC FFV','SUV - STANDARD',3,6,AS8,Z,14.2,10.2,12.4,23,285
BMW,'650i xDRIVE COUPE',COMPACT,4.4,8,AS8,Z,14.4,9.6,12.3,23,288
MERCEDES-BENZ,'E 550 COUPE',SUBCOMPACT,4.7,8,AS7,Z,13.4,8.9,11.4,25,268
'LAND ROVER','RANGE ROVER V8 5.0 SC FFV','SUV - STANDARD',5,8,AS8,Z,17.2,12.5,15.1,19,347
BMW,'435i xDRIVE CABRIOLET',SUBCOMPACT,3,6,AS8,Z,12.1,8.1,10.3,27,237
LINCOLN,'MKX AWD','SUV - SMALL',2.7,6,AS6,X,14.1,9.8,12.1,23,284
HONDA,'CIVIC COUPE',COMPACT,2,4,AV,X,7.8,5.8,6.9,41,162
HYUNDAI,ACCENT,COMPACT,1.6,4,AS6,X,8.9,6.3,7.7,37,179
LEXUS,'RX 350 AWD','SUV - SMALL',3.5,6,AS8,X,12.2,8.9,10.7,26,251
BMW,'435i xDRIVE CABRIOLET',SUBCOMPACT,3,6,AS8,Z,12.1,8.1,10.3,27,237
GMC,'SIERRA 4WD FFV','PICKUP TRUCK - STANDARD',5.3,8,A6,E,20.5,14.4,17.8,16,295
MERCEDES-BENZ,'AMG SLC 43',TWO-SEATER,3,6,A9,Z,11.6,8.2,10.1,28,236
MERCEDES-BENZ,'E 400 4MATIC CABRIOLET',SUBCOMPACT,3,6,A9,Z,12,9.2,10.8,26,251
AUDI,A8L,FULL-SIZE,4,8,AS8,Z,13.1,8.3,10.9,26,255
GMC,Canyon,'PICKUP TRUCK - SMALL',3.6,6,A8,X,13.4,9.6,11.7,24,273
PORSCHE,'911 CARRERA S',MINICOMPACT,3.8,6,AM7,Z,12.1,8.7,10.6,27,244
JAGUAR,'F-TYPE Coupe R-Dynamic',TWO-SEATER,3,6,AS8,Z,12.4,8.8,10.8,26,253
FIAT,500L,'STATION WAGON - SMALL',1.4,4,A6,X,10.7,7.9,9.4,30,221
DODGE,'CHALLENGER SRT (MDS)',MID-SIZE,6.4,8,A8,Z,15.6,9.6,12.9,22,302
BMW,'430i xDrive Cabriolet',SUBCOMPACT,2,4,AS8,Z,10.6,7.3,9.1,31,213
TOYOTA,VENZA,'SUV - SMALL',2.7,4,AS6,X,11.4,8.2,10,28,230
HONDA,'Accord Sport/Touring',MID-SIZE,2,4,AS10,X,10.4,7.4,9.1,31,211
CHRYSLER,'300 AWD',FULL-SIZE,3.6,6,A8,X,12.8,8.6,10.9,26,251
JAGUAR,'F-TYPE CONVERTIBLE',TWO-SEATER,3,6,M6,Z,14.9,9.8,12.6,22,296
PORSCHE,'CAYENNE TURBO','SUV - STANDARD',4.8,8,A8,Z,16.7,11.2,14.2,20,334
BUICK,'ENCLAVE AWD','SUV - STANDARD',3.6,6,A6,X,14.6,10.2,12.6,22,290
KIA,'SORENTO AWD','SUV - SMALL',2,4,AS6,X,12.3,9.4,11,26,259
TOYOTA,'RAV4 LE/XLE','SUV - SMALL',2.5,4,AS6,X,10,7.6,8.9,32,205
GMC,'CANYON 4WD','PICKUP TRUCK - SMALL',2.8,4,A6,D,12,8.2,10.3,27,277
TOYOTA,86,MINICOMPACT,2,4,AS6,Z,9.9,7.3,8.7,32,204
FORD,'F-150 FFV 4X4','PICKUP TRUCK - STANDARD',3.3,6,AS6,E,17.6,13.7,15.8,18,263
NISSAN,370Z,TWO-SEATER,3.7,6,M6,Z,13.3,9.3,11.5,25,264
VOLKSWAGEN,TIGUAN,'SUV - SMALL',2,4,M6,Z,13,9,11.2,25,259
DODGE,CHALLENGER,MID-SIZE,3.6,6,A5,X,13.2,8.7,11.2,25,258
MAZDA,MAZDA6,MID-SIZE,2.5,4,M6,X,9.4,6.4,8.1,35,186
CHEVROLET,'CORVETTE Z06',TWO-SEATER,6.2,8,AS8,Z,17.7,10.2,14.3,20,335
BENTLEY,'Continental GT',COMPACT,6,12,AM8,Z,19,11.6,15.7,18,364
NISSAN,FRONTIER,'PICKUP TRUCK - SMALL',2.5,4,M5,X,12.2,10.4,11.4,25,268
MAZDA,'CX-5 4WD','SUV - SMALL',2,4,AS6,X,9.3,7.6,8.5,33,196
TOYOTA,'RAV4 Hybrid AWD','SUV - SMALL',2.5,4,AV6,X,5.8,6.3,6,47,140
BMW,'440i Coupe',COMPACT,3,6,AS8,Z,11.2,7.3,9.4,30,227
GMC,Sierra,'PICKUP TRUCK - STANDARD',2.7,4,A8,X,11.9,10.3,11.1,25,261
GMC,'TERRAIN FFV','SUV - SMALL',2.4,4,A6,X,10.5,7.3,9.1,31,209
JAGUAR,'XJR LWB',FULL-SIZE,5,8,AS8,Z,15.8,10.2,13.3,21,306
HONDA,'HR-V AWD','STATION WAGON - SMALL',1.8,4,AV7,X,8.9,7.5,8.2,34,194
TOYOTA,COROLLA,MID-SIZE,1.8,4,M6,X,8.3,6.3,7.4,38,170
'ASTON MARTIN','V8 VANTAGE',TWO-SEATER,4.7,8,M6,Z,18.1,12.3,15.5,18,362
JAGUAR,'F-TYPE CONVERTIBLE',TWO-SEATER,3,6,M6,Z,14.9,9.8,12.6,22,296
CHEVROLET,CORVETTE,TWO-SEATER,6.2,8,M7,Z,13.7,8.2,11.2,25,263
BMW,'440i xDRIVE COUPE',COMPACT,3,6,AS8,Z,11.1,7.5,9.5,30,223
GMC,Sierra,'PICKUP TRUCK - STANDARD',4.3,6,A6,X,15.1,11.5,13.5,21,317
KIA,SEDONA,MINIVAN,3.5,6,A6,X,13.7,9.9,12,24,276
SUBARU,'Ascent AWD','SUV - STANDARD',2.4,4,AV8,X,11.6,9,10.4,27,244
PORSCHE,CAYMAN,TWO-SEATER,2.7,6,M6,Z,11.5,7.9,9.9,29,232
MASERATI,'QUATTROPORTE GTS',FULL-SIZE,3.8,8,AS8,Z,17.6,10.7,14.5,19,334
GMC,'TERRAIN FFV','SUV - SMALL',2.4,4,A6,E,15.6,10.8,13.4,21,221
CHEVROLET,'TAHOE 4WD FFV','SUV - STANDARD',5.3,8,A6,E,20.8,14.5,18,16,299
FORD,Mustang,SUBCOMPACT,5,8,M6,X,16.1,9.9,13.3,21,312
'ASTON MARTIN','V8 VANTAGE',TWO-SEATER,4.7,8,M6,Z,18.1,12.3,15.5,18,362
CADILLAC,ATS,COMPACT,2,4,AS8,Z,10.5,7.7,9.2,31,216
PORSCHE,'911 Carrera 4S',MINICOMPACT,3,6,AM7,Z,11.1,8.5,9.9,29,232
PORSCHE,'BOXSTER GTS',TWO-SEATER,3.4,6,AM7,Z,10.9,7.7,9.5,30,222
SUBARU,'OUTBACK AWD','SUV - SMALL',2.5,4,AV7,X,9.4,7.3,8.5,33,198
BUICK,'REGAL eASSIST',MID-SIZE,2.4,4,AS6,X,9.6,6.5,8.2,34,193
PORSCHE,'MACAN TURBO','SUV - SMALL',3.6,6,A7,Z,14.2,10.1,12.3,23,287
PORSCHE,'911 TURBO S',MINICOMPACT,3.8,6,AM7,Z,12.6,9.9,11.4,25,266
DODGE,'CHARGER SRT HELLCAT',FULL-SIZE,6.2,8,A8,Z,17.6,10.7,14.5,19,339
TOYOTA,'Highlander AWD','SUV - STANDARD',3.5,6,AS8,X,12.1,9,10.6,27,250
HONDA,HR-V,'SUV - SMALL',1.8,4,M6,X,9.3,7,8.3,34,193
MERCEDES-BENZ,'ML 550 4MATIC','SUV - STANDARD',4.7,8,AS7,Z,16.3,11.8,14.2,20,327
PORSCHE,'911 Carrera 4 GTS',MINICOMPACT,3,6,M7,Z,12.8,8.9,11,26,257
CHEVROLET,'EXPRESS 1500 PASSENGER AWD','VAN - PASSENGER',5.3,8,A4,X,18.3,14.2,16.5,17,380
FORD,'F-150 4X4','PICKUP TRUCK - STANDARD',2.7,6,AS6,X,13.1,10.1,11.7,24,275
CHRYSLER,'300 AWD',FULL-SIZE,3.6,6,A8,X,12.8,8.6,10.9,26,251
DODGE,'CHALLENGER SRT',MID-SIZE,6.4,8,M6,Z,16.8,10.4,13.9,20,320
HYUNDAI,ELANTRA,MID-SIZE,2,4,AS6,X,8.3,6.4,7.4,38,174
RAM,'1500 eTorque','PICKUP TRUCK - STANDARD',3.6,6,A8,X,11.9,9.4,10.8,26,253
BMW,M3,COMPACT,3,6,M6,Z,13.5,9.3,11.6,24,273
VOLKSWAGEN,TOUAREG,'SUV - STANDARD',3.6,6,AS8,Z,14.1,10.4,12.4,23,292
HYUNDAI,'ELANTRA GT',FULL-SIZE,2,4,AS6,X,9.4,7.2,8.4,34,198
INFINITI,'QX70 AWD','SUV - SMALL',5,8,AS7,Z,16.6,11.9,14.5,19,334
MERCEDES-BENZ,'CLA 250 4MATIC FFV',COMPACT,2,4,AS7,E,13.1,9.8,11.6,24,198
VOLKSWAGEN,'Golf SportWagen 4MOTION','STATION WAGON - SMALL',1.8,4,AM6,X,10.8,8.1,9.6,29,224
VOLKSWAGEN,'BEETLE CONVERTIBLE',SUBCOMPACT,1.8,4,AS6,X,9.8,7.3,8.7,32,200
SUBARU,'Ascent AWD','SUV - STANDARD',2.4,4,AV8,X,11.6,9,10.4,27,244
CHEVROLET,'SILVERADO 4WD','PICKUP TRUCK - STANDARD',5.3,8,A6,E,19.9,14.2,17.3,16,277
BMW,'X2 xDRIVE28i','SUV - SMALL',2,4,AS8,Z,11,7.7,9.5,30,222
JAGUAR,'F-TYPE V8 S CONVERTIBLE',TWO-SEATER,5,8,AS8,Z,15,10.2,12.8,22,294
VOLKSWAGEN,CC,COMPACT,2,4,M6,Z,11.6,7.7,9.8,29,225
FORD,MUSTANG,SUBCOMPACT,5,8,AS6,X,14.9,9.5,12.4,23,285
SUBARU,'OUTBACK AWD','SUV - SMALL',3.6,6,AV6,X,12,8.6,10.5,27,242
'LAND ROVER',LR2,'SUV - SMALL',2,4,AS6,Z,13.5,9.9,11.9,24,274
HONDA,FIT,'STATION WAGON - SMALL',1.5,4,M6,X,8.1,6.6,7.4,38,174
BMW,'428i COUPE',COMPACT,2,4,M6,Z,10.7,7,9,31,211
AUDI,R8,TWO-SEATER,5.2,10,A7,Z,18.2,10.6,14.8,19,347
DODGE,'Grand Caravan',MINIVAN,3.6,6,A6,X,13.7,9.4,11.8,24,276
CHEVROLET,'TAHOE 4WD FFV','SUV - STANDARD',5.3,8,A6,E,20.8,14.5,18,16,299
FORD,'F-150 4X4','PICKUP TRUCK - STANDARD',2.7,6,AS6,X,13.1,10.1,11.7,24,275
INFINITI,'QX70 AWD','SUV - SMALL',5,8,AS7,Z,16.6,11.9,14.5,19,334
HONDA,'Ridgeline AWD','PICKUP TRUCK - STANDARD',3.5,6,AS9,X,12.6,10,11.4,25,269
DODGE,'Durango AWD','SUV - STANDARD',3.6,6,A8,X,12.7,9.6,11.3,25,265
VOLKSWAGEN,'GOLF R',COMPACT,2,4,M6,Z,11.1,8.1,9.8,29,227
MERCEDES-BENZ,'GLA 250 4MATIC','SUV - SMALL',2,4,AS7,Z,9.8,7.4,8.7,32,200
HYUNDAI,Elantra,MID-SIZE,1.6,4,AM7,X,8.9,7,8.1,35,192
GMC,'Yukon XL FFV','SUV - STANDARD',5.3,8,A6,E,21.2,13.9,17.9,16,298
RAM,'1500 Classic FFV','PICKUP TRUCK - STANDARD',3.6,6,A8,X,13.9,9.6,11.9,24,280
CADILLAC,ATS-V,COMPACT,3.6,6,M6,Z,14.2,10.2,12.4,23,289
AUDI,'TTS Coupe',SUBCOMPACT,2,4,AM7,Z,10.4,8.2,9.4,30,220
MASERATI,'QUATTROPORTE GTS',FULL-SIZE,3.8,8,AS8,Z,17.6,10.7,14.5,19,334
JAGUAR,'F-TYPE S CONVERTIBLE',TWO-SEATER,3,6,AS8,Z,12.2,8.7,10.6,27,244
HONDA,'CIVIC SEDAN',MID-SIZE,1.5,4,AV,X,7.4,5.6,6.6,43,153
BMW,'X1 xDRIVE28i','SUV - SMALL',2,4,AS8,Z,10.7,7.4,9.2,31,215
MERCEDES-BENZ,'S 560 4MATIC',FULL-SIZE,4,8,A9,Z,13.5,8.6,11.3,25,265
BMW,'M5 Sedan',MID-SIZE,4.4,8,AS8,Z,16,11,13.8,20,322
RAM,'1500 ECODIESEL HFE','PICKUP TRUCK - STANDARD',3,6,A8,D,11.3,8,9.8,29,264
CADILLAC,SRX,'SUV - STANDARD',3.6,6,AS6,X,14.2,9.8,12.3,23,287
AUDI,SQ5,'SUV - SMALL',3,6,AS8,Z,12.7,10,11.5,25,270
CADILLAC,ATS-V,COMPACT,3.6,6,M6,Z,14.2,10.2,12.4,23,289
GMC,'YUKON XL FFV','SUV - STANDARD',5.3,8,A6,E,19.8,13.9,17.2,16,285
VOLKSWAGEN,'BEETLE CONVERTIBLE',SUBCOMPACT,1.8,4,AS6,X,9.8,7.3,8.7,32,200
JEEP,'GRAND CHEROKEE 4X4 SRT','SUV - STANDARD',6.4,8,A8,Z,18.3,12.6,15.7,18,368
JEEP,'RENEGADE FFV','SUV - SMALL',2.4,4,A9,X,10.8,7.8,9.5,30,222
MERCEDES-BENZ,'B 250','STATION WAGON - SMALL',2,4,AS7,Z,9.2,6.6,8,35,184
JAGUAR,'F-TYPE CONVERTIBLE',TWO-SEATER,3,6,M6,Z,14.9,9.8,12.6,22,296
BMW,M2,SUBCOMPACT,3,6,AM7,Z,11.8,8.9,10.5,27,245
FORD,'F-150 FFV','PICKUP TRUCK - STANDARD',3.7,6,A6,X,14,10.3,12.3,23,283
JEEP,'CHEROKEE 4X4 ACTIVE DRIVE I','SUV - SMALL',3.2,6,A9,X,11.6,8.6,10.3,27,241
JEEP,CHEROKEE,'SUV - SMALL',2.4,4,A9,X,10.9,7.7,9.5,30,223
KIA,Forte,MID-SIZE,2,4,AV,X,7.9,5.9,7,40,165
JEEP,'RENEGADE FFV','SUV - SMALL',2.4,4,A9,X,10.8,7.8,9.5,30,222
MAZDA,'Mazda3 5-Door 4WD',MID-SIZE,2.5,4,AS6,X,9.8,7.4,8.7,32,204
DODGE,Charger,FULL-SIZE,3.6,6,A8,X,12.4,7.8,10.3,27,242
TOYOTA,TACOMA,'PICKUP TRUCK - SMALL',2.7,4,M5,X,11.3,9.5,10.5,27,242
NISSAN,'370Z ROADSTER',TWO-SEATER,3.7,6,M6,Z,13.6,9.7,11.8,24,278
MASERATI,Ghibli,MID-SIZE,3,6,AS8,Z,14.1,9.8,12.2,23,286
PORSCHE,'911 CARRERA',MINICOMPACT,3.4,6,M7,Z,12.3,8.6,10.6,27,249
VOLKSWAGEN,'GOLF SPORTWAGON TDI (modified)','STATION WAGON - SMALL',2,4,M6,D,7.6,5.5,6.7,42,179
JAGUAR,'F-TYPE CONVERTIBLE',TWO-SEATER,3,6,M6,Z,14.9,9.8,12.6,22,296
KIA,SOUL,'STATION WAGON - SMALL',1.6,4,AS6,X,9.4,7.8,8.7,32,205
FORD,'F-150 4X4 (Payload Pkg)','PICKUP TRUCK - STANDARD',3.5,6,AS10,X,14.7,11.2,13.1,22,308
CHEVROLET,'Camaro SS',SUBCOMPACT,6.2,8,M6,Z,14.9,9.9,12.6,22,297
BMW,M2,SUBCOMPACT,3,6,M6,Z,13.1,9.2,11.4,25,267
NISSAN,'NV200 Cargo Van','SPECIAL PURPOSE VEHICLE',2,4,AV,X,9.8,8.8,9.3,30,218
VOLVO,'V90 CC T6 AWD','STATION WAGON - MID-SIZE',2,4,AS8,Z,10.9,8,9.6,29,224
FORD,ESCAPE,'SUV - SMALL',2.5,4,AS6,X,10.9,7.6,9.5,30,218
VOLKSWAGEN,'Golf GTI',COMPACT,2,4,M6,X,9.8,7.3,8.7,32,203
LEXUS,'RX 350 AWD','SUV - SMALL',3.5,6,AS8,X,12.2,8.9,10.7,26,251
DODGE,'Challenger SRT Hellcat',MID-SIZE,6.2,8,M6,Z,18.1,11.4,15.1,19,352
NISSAN,GT-R,SUBCOMPACT,3.8,6,AM6,Z,14.3,10.5,12.6,22,294
DODGE,'CHALLENGER SRT HELLCAT',MID-SIZE,6.2,8,A8,Z,17.6,10.7,14.5,19,339
KIA,FORTE,MID-SIZE,2,4,A6,X,9.8,6.6,8.4,34,193
SUBARU,'FORESTER AWD','SUV - SMALL',2.5,4,AV,X,9.6,7.4,8.6,33,198
FIAT,500L,'STATION WAGON - SMALL',1.4,4,A6,X,10.7,7.9,9.4,30,221
MASERATI,'GranTurismo Convertible',SUBCOMPACT,4.7,8,AS6,Z,17.8,11.6,15,19,354
PORSCHE,'911 TURBO S EXCLUSIVE',MINICOMPACT,3.8,6,AM7,Z,13.8,10.3,12.3,23,285
PORSCHE,'Macan S','SUV - SMALL',3,6,AM7,Z,12.9,10.2,11.7,24,272
GMC,Canyon,'PICKUP TRUCK - SMALL',3.6,6,A8,X,13.4,9.6,11.7,24,273
'LAND ROVER',LR2,'SUV - SMALL',2,4,AS6,Z,13.5,9.9,11.9,24,274
TOYOTA,'Camry Hybrid LE',MID-SIZE,2.5,4,AV6,X,4.9,4.8,4.9,58,113
PORSCHE,Cayenne,'SUV - STANDARD',3,6,AS8,Z,12.5,10,11.4,25,265
DODGE,'JOURNEY FFV','SUV - SMALL',3.6,6,A6,X,14.2,9.5,12.1,23,284
SUBARU,'FORESTER AWD','SUV - SMALL',2.5,4,M6,X,10.6,8.4,9.6,29,227
MERCEDES-BENZ,'AMG SL 63',TWO-SEATER,5.5,8,AS7,Z,14.7,9.5,12.4,23,298
TOYOTA,'RAV4 AWD','SUV - SMALL',2.5,4,AS6,X,10.5,8.2,9.5,30,220
HYUNDAI,Elantra,MID-SIZE,1.6,4,AM7,X,8.9,7,8.1,35,192
HYUNDAI,'ELANTRA GT',MID-SIZE,2,4,A6,X,9.8,7.2,8.6,33,198
TOYOTA,'HIGHLANDER HYBRID AWD','SUV - STANDARD',3.5,6,AV6,X,8.6,8.5,8.5,33,196
CHRYSLER,'TOWN & COUNTRY FFV',MINIVAN,3.6,6,A6,X,14.1,9.5,12,24,276
AUDI,Q5,'SUV - SMALL',2,4,AS7,Z,10.4,8.6,9.6,29,226
CADILLAC,'CTS-V COUPE',MID-SIZE,6.2,8,AS6,Z,19.7,12.9,16.6,17,382
CHEVROLET,'SONIC 5','STATION WAGON - SMALL',1.8,4,M5,X,9,6.8,8,35,187
CHRYSLER,'300 AWD FFV',FULL-SIZE,3.6,6,A8,X,12.8,8.7,11,26,258
SUBARU,'XV CROSSTREK AWD','SUV - SMALL',2,4,AV6,X,9.1,7,8.1,35,191
SUBARU,'XV CROSSTREK AWD','SUV - SMALL',2,4,AV6,X,9.1,7,8.1,35,191
JAGUAR,'XF 35t AWD',MID-SIZE,3,6,AS8,Z,12,8.4,10.4,27,243
CHEVROLET,'MALIBU LIMITED',MID-SIZE,2.5,4,AS6,X,10,7,8.6,33,202
TOYOTA,'RAV4 LE/XLE','SUV - SMALL',2.5,4,AS6,X,10,7.6,8.9,32,208
PORSCHE,'911 Carrera 4 Cabriolet',MINICOMPACT,3,6,M7,Z,12.2,8.5,10.5,27,246
BMW,'440i Coupe',COMPACT,3,6,AS8,Z,11.2,7.3,9.4,30,227
TOYOTA,'CAMRY HYBRID XLE/SE',MID-SIZE,2.5,4,AV,X,5.8,6.2,6,47,138
CHEVROLET,IMPALA,FULL-SIZE,3.6,6,AS6,E,16.7,11.3,14.3,20,229
TOYOTA,'TUNDRA 4WD','PICKUP TRUCK - STANDARD',5.7,8,AS6,X,18.2,14.1,16.3,17,380
HONDA,CIVIC,COMPACT,1.8,4,AV7,X,8.1,6.2,7.2,39,166
CHEVROLET,Camaro,SUBCOMPACT,3.6,6,AS8,X,12.3,8.2,10.4,27,246
HONDA,'CIVIC SEDAN',MID-SIZE,1.5,4,AV,X,7.4,5.6,6.6,43,153
JEEP,CHEROKEE,'SUV - SMALL',3.2,6,A9,X,11.4,8.3,10,28,234
BMW,'M240i Cabriolet',SUBCOMPACT,3,6,AS8,Z,11.2,7.8,9.7,29,227
LEXUS,'GX 460','SUV - STANDARD',4.6,8,AS6,Z,16,12.9,14.6,19,341
BENTLEY,'FLYING SPUR',MID-SIZE,6,12,AS8,Z,20.4,12,16.6,17,389
'ASTON MARTIN','V8 VANTAGE S',TWO-SEATER,4.7,8,AM7,Z,17.4,11.3,14.7,19,343
CHEVROLET,'Blazer AWD','SUV - SMALL',3.6,6,A9,X,13.1,9.4,11.4,25,269
TOYOTA,YARIS,COMPACT,1.5,4,M5,X,7.7,6.3,7.1,40,163
MERCEDES-BENZ,'C 250 COUPE',SUBCOMPACT,1.8,4,AS7,Z,11,7.4,9.4,30,216
JEEP,'CHEROKEE 4X4 ACTIVE DRIVE II','SUV - SMALL',2.4,4,A9,X,11.4,8.7,10.2,28,239
SCION,tC,COMPACT,2.5,4,M6,X,10.2,7.7,9,31,210
PORSCHE,MACAN,'SUV - SMALL',2,4,A7,Z,11.6,9.3,10.6,27,248
FORD,'Escape FFV','SUV - SMALL',2.5,4,AS6,E,15,10.8,13.1,22,218
RAM,'1500 Classic FFV','PICKUP TRUCK - STANDARD',3.6,6,A8,X,13.9,9.6,11.9,24,280
AUDI,A8L,FULL-SIZE,4,8,AS8,Z,13.1,8.3,10.9,26,255
CADILLAC,'ESCALADE 4WD','SUV - STANDARD',6.2,8,A6,Z,16.2,11.4,14,20,322
NISSAN,'NV200 CARGO VAN','SPECIAL PURPOSE VEHICLE',2,4,AV,X,10,8.5,9.3,30,214
FORD,'TRANSIT CONNECT WAGON LWB FFV','SPECIAL PURPOSE VEHICLE',2.5,4,AS6,E,16.8,12.1,14.7,19,242
HONDA,FIT,'STATION WAGON - SMALL',1.5,4,AV,X,7,5.9,6.5,43,151
MAZDA,MX-5,TWO-SEATER,2,4,AS6,Z,9,6.6,7.9,36,186
MERCEDES-BENZ,'C 300 4MATIC',COMPACT,2,4,AS7,Z,10.1,7.8,9,31,212
GMC,'YUKON 4WD','SUV - STANDARD',5.3,8,A6,X,15.2,10.8,13.2,21,310
CHEVROLET,'CAMARO SS',COMPACT,6.2,8,M6,Z,15,9.9,12.7,22,292
PORSCHE,'CAYENNE PLATINUM','SUV - STANDARD',3.6,6,A8,Z,13.6,10.2,12.1,23,281
CHEVROLET,SILVERADO,'PICKUP TRUCK - STANDARD',6.2,8,A8,Z,16.1,11.4,14,20,322
LEXUS,'GS 350 AWD',MID-SIZE,3.5,6,AS6,Z,12.3,9.1,10.9,26,254
DODGE,Challenger,MID-SIZE,3.6,6,A8,X,12.4,7.8,10.3,27,242
JEEP,COMPASS,'SUV - SMALL',2.4,4,A6,X,11.1,8.3,9.8,29,225
TOYOTA,'YARIS HATCHBACK',COMPACT,1.5,4,M5,X,7.8,6.5,7.2,39,168
CHEVROLET,CORVETTE,TWO-SEATER,6.2,8,M7,Z,13.7,8.2,11.2,25,263
MERCEDES-BENZ,'AMG SLC 43',TWO-SEATER,3,6,A9,Z,11.6,8.2,10.1,28,236
BMW,'X4 M40i','SUV - SMALL',3,6,AS8,Z,12.8,9.5,11.3,25,264
FORD,ESCAPE,'SUV - SMALL',2,4,AS6,X,10.9,8,9.6,29,221
MASERATI,'GHIBLI S',MID-SIZE,3,6,AS8,Z,14.5,10,12.4,23,293
MERCEDES-BENZ,'AMG GLE 63 S 4MATIC','SUV - STANDARD',5.5,8,AS7,Z,17.3,13.5,15.6,18,366
FORD,'TAURUS FFV',FULL-SIZE,3.5,6,AS6,E,17.6,11.7,15,19,249
PORSCHE,'911 CARRERA CABRIOLET',MINICOMPACT,3,6,M7,Z,12,8.2,10.3,27,241
VOLKSWAGEN,'BEETLE CONVERTIBLE',SUBCOMPACT,2,4,AS6,X,9,7.2,8.2,34,191
DODGE,'Challenger SRT Hellcat',MID-SIZE,6.2,8,M6,Z,18.1,11.4,15.1,19,352
VOLKSWAGEN,CC,COMPACT,2,4,A6,Z,11.1,7.9,9.7,29,223
BUICK,'LACROSSE eASSIST',MID-SIZE,2.4,4,AS6,X,9.6,6.5,8.2,34,189
FORD,MUSTANG,SUBCOMPACT,5,8,M6,X,15.5,9.5,12.8,22,300
MERCEDES-BENZ,'AMG C 63 S',COMPACT,4,8,AS7,Z,13.4,9.6,11.7,24,273
MERCEDES-BENZ,'AMG GT ROADSTER',TWO-SEATER,4,8,AM7,Z,14.7,11,13,22,304
VOLKSWAGEN,'GOLF ALLTRACK','STATION WAGON - SMALL',1.8,4,AM6,X,10.7,8,9.4,30,220
HONDA,FIT,'STATION WAGON - SMALL',1.5,4,AV7,X,7.6,6.4,7,40,164
HONDA,ACCORD,MID-SIZE,3.5,6,AS6,X,11.4,7.3,9.6,29,221
MERCEDES-BENZ,'C 63 AMG COUPE',SUBCOMPACT,6.2,8,AS7,Z,17.9,12.3,15.4,18,354
TOYOTA,'RAV4 LE/XLE','SUV - SMALL',2.5,4,AS6,X,10,7.6,8.9,32,205
RAM,'ProMaster City','SPECIAL PURPOSE VEHICLE',2.4,4,A9,X,11.2,8.3,9.9,29,232
BMW,'228i xDRIVE CABRIOLET',SUBCOMPACT,2,4,AS8,Z,10.6,7.2,9.1,31,209
PORSCHE,'911 CARRERA 4 CABRIOLET',MINICOMPACT,3.4,6,M7,Z,12.5,9,10.9,26,257
'LAND ROVER','RANGE ROVER EVOQUE COUPE','SUV - SMALL',2,4,AS9,Z,11.3,7.9,9.7,29,223
HYUNDAI,ACCENT,COMPACT,1.6,4,AS6,X,8.9,6.6,7.9,36,182
MITSUBISHI,RVR,'SUV - SMALL',2,4,AV6,X,9.7,7.8,8.8,32,204
CHEVROLET,'SONIC RS',COMPACT,1.4,4,M6,X,8.9,7,8,35,189
LEXUS,'GS 350 AWD',MID-SIZE,3.5,6,AS6,Z,12.3,9.1,10.9,26,254
VOLKSWAGEN,BEETLE,COMPACT,1.8,4,M5,X,9.5,7.1,8.4,34,198
DODGE,'CHALLENGER SRT',MID-SIZE,6.4,8,M6,Z,16.8,10.4,13.9,20,320
MERCEDES-BENZ,'B 250','STATION WAGON - SMALL',2,4,AS7,Z,9.2,6.6,8,35,184
MAZDA,MAZDA6,MID-SIZE,2.5,4,M6,X,9.4,6.4,8.1,35,186
LAMBORGHINI,'Aventador Roadster',TWO-SEATER,6.5,12,AM7,Z,26.6,15.8,21.7,13,493
FORD,'TRANSIT CONNECT TAXI','SPECIAL PURPOSE VEHICLE',1.6,4,AS6,X,11.5,8.3,10.1,28,232
FORD,'Expedition 4X4','SUV - STANDARD',3.5,6,AS10,X,14.1,10.6,12.5,23,293
MINI,'COOPER S CLUBMAN',SUBCOMPACT,1.6,4,A6,Z,9.3,7,8.3,34,191
INFINITI,'Q60 CONVERTIBLE',SUBCOMPACT,3.7,6,M6,Z,14.3,9.8,12.3,23,283
MERCEDES-BENZ,'Maybach S 650',FULL-SIZE,6,12,A7,Z,18.4,11.1,15.1,19,355
AUDI,A8L,FULL-SIZE,3,6,AS8,Z,12.6,8,10.5,27,242
CHEVROLET,'EQUINOX AWD','SUV - SMALL',2,4,A9,Z,10.9,8.3,9.7,29,228
MASERATI,'GHIBLI S',MID-SIZE,3,6,AS8,Z,14.5,10,12.4,23,293
GMC,'Sierra 4WD','PICKUP TRUCK - STANDARD',4.3,6,A6,X,15.8,11.9,14,20,329
GMC,'Sierra WT 4WD','PICKUP TRUCK - STANDARD',2.7,4,A8,X,12.7,11,12,24,280
DODGE,CHALLENGER,MID-SIZE,3.6,6,A8,X,12.4,7.8,10.3,27,242
DODGE,Challenger,MID-SIZE,3.6,6,A8,X,12.4,7.8,10.3,27,242
CHEVROLET,TRAX,'SUV - SMALL',1.4,4,AS6,X,9.3,7.2,8.3,34,194
TOYOTA,C-HR,COMPACT,2,4,AS7,X,8.7,7.5,8.2,34,189
MINI,'JOHN COOPER WORKS CONVERTIBLE',MINICOMPACT,1.6,4,M6,Z,9.1,6.8,8.1,35,186
MITSUBISHI,'Mirage G4',COMPACT,1.2,3,M5,X,7.2,5.9,6.6,43,153
MERCEDES-BENZ,'AMG GLE 43 4MATIC Coupe','SUV - STANDARD',3,6,A9,Z,14.1,10.9,12.6,22,297
MERCEDES-BENZ,'E 400 COUPE',SUBCOMPACT,3,6,AS7,Z,11.8,8.4,10.2,28,239
BMW,M5,MID-SIZE,4.4,8,AS8,Z,16,11.2,13.9,20,324
AUDI,'A4 allroad quattro','STATION WAGON - SMALL',2,4,AM7,Z,10,7.4,8.8,32,206
HYUNDAI,'ELANTRA GT',MID-SIZE,2,4,AS6,X,9.8,7.2,8.6,33,203
HYUNDAI,Elantra,MID-SIZE,1.6,4,AM7,X,8.9,7,8.1,35,192
BMW,'X3 xDRIVE28i','SUV - SMALL',2,4,AS8,Z,11.1,8.4,9.9,29,231
JEEP,PATRIOT,'SUV - SMALL',2.4,4,A6,X,11.2,8.6,10,28,230
AUDI,'A4 allroad quattro','STATION WAGON - SMALL',2,4,AM7,Z,10,7.4,8.8,32,206
FORD,EXPLORER,'SUV - STANDARD',2.3,4,AS6,X,12.6,8.5,10.8,26,253
MINI,'COOPER 5 DOOR',SUBCOMPACT,1.5,3,AS6,Z,8.5,6.3,7.5,38,172
TOYOTA,'Corolla Hybrid',COMPACT,1.8,4,AV,X,4.4,4.5,4.5,63,106
HONDA,CIVIC,COMPACT,1.8,4,AV7,X,8.1,6.2,7.2,39,166
FORD,'Edge AWD','SUV - SMALL',2,4,AS8,X,11.4,8.3,10,28,233
MERCEDES-BENZ,'AMG GLA 45 4MATIC','STATION WAGON - MID-SIZE',2,4,AM7,Z,10.7,8.3,9.6,29,225
KIA,'Telluride AWD','SUV - SMALL',3.8,6,AS8,X,12.5,9.6,11.2,25,264
VOLKSWAGEN,JETTA,COMPACT,2,4,AM6,X,9.8,7,8.6,33,201
CHEVROLET,SILVERADO,'PICKUP TRUCK - STANDARD',5.3,8,A6,X,14.6,10.3,12.7,22,298
TOYOTA,'HIGHLANDER HYBRID AWD','SUV - STANDARD',3.5,6,AV6,X,8.6,8.5,8.5,33,196
VOLVO,'XC70 3.2 AWD','SUV - SMALL',3.2,6,AS6,X,13.1,9.1,11.3,25,260
CHEVROLET,'TAHOE 4WD FFV','SUV - STANDARD',5.3,8,A6,X,15.2,10.8,13.2,21,310
VOLKSWAGEN,'JETTA HYBRID',COMPACT,1.4,4,AM7,Z,5.6,4.9,5.3,53,122
NISSAN,SENTRA,MID-SIZE,1.8,4,AV,X,8.1,6.3,7.3,39,171
NISSAN,Qashqai,'STATION WAGON - SMALL',2,4,M6,X,10.1,8.1,9.2,31,217
PORSCHE,'911 CARRERA S CABRIOLET',MINICOMPACT,3,6,M7,Z,12.1,8.3,10.4,27,243
KIA,OPTIMA,MID-SIZE,2,4,AS6,X,11.7,7.7,9.9,29,228
MAZDA,'Mazda3 5-Door (SIL)',MID-SIZE,2,4,M6,X,8.7,6.6,7.8,36,181
CHEVROLET,'EXPRESS 1500 PASSENGER AWD','VAN - PASSENGER',5.3,8,A4,X,18.3,14.2,16.5,17,380
MAZDA,MAZDA6,MID-SIZE,2.5,4,M6,X,9.4,6.4,8.1,35,186
TOYOTA,'SIENNA AWD',MINIVAN,3.5,6,AS8,X,13.4,9.6,11.7,24,274
FORD,'Edge AWD','SUV - SMALL',2,4,A8,X,11.4,8.3,10,28,233
'ALFA ROMEO','4C Coupe',TWO-SEATER,1.8,4,AM6,Z,9.7,6.9,8.4,34,197
ACURA,'RLX HYBRID',MID-SIZE,3.5,6,AM7,Z,8.4,8.2,8.4,34,196
HONDA,'CIVIC SEDAN',MID-SIZE,2,4,AV,X,7.8,6,7,40,163
MERCEDES-BENZ,'SL 550',TWO-SEATER,4.7,8,AS7,Z,13.4,9.6,11.7,24,269
MAZDA,'MAZDA6 (i-ELOOP)',MID-SIZE,2.5,4,AS6,X,8.9,6.7,7.9,36,186
AUDI,A8,FULL-SIZE,4,8,AS8,Z,15.1,9.1,12.4,23,290
HONDA,Odyssey,MINIVAN,3.5,6,AS10,X,12.2,8.5,10.6,27,248
ROLLS-ROYCE,WRAITH,MID-SIZE,6.6,12,AS8,Z,19.6,12.9,16.6,17,388
CADILLAC,CT4,COMPACT,2,4,AS8,Z,10.1,6.8,8.7,32,203
PORSCHE,'Cayenne S','SUV - STANDARD',2.9,6,AS8,Z,12.9,10.4,11.8,24,275
BMW,'Z4 sDRIVE35i',TWO-SEATER,3,6,AM7,Z,13.7,10,12.1,23,278
TOYOTA,'SIENNA AWD',MINIVAN,3.5,6,AS8,X,13.4,9.6,11.7,24,274
BMW,'X1 xDRIVE28i','SUV - SMALL',2,4,AS8,Z,10.7,7.4,9.2,31,215
CHEVROLET,'SUBURBAN 4WD FFV','SUV - STANDARD',5.3,8,A6,X,15.3,10.9,13.3,21,312
VOLKSWAGEN,JETTA,COMPACT,1.4,4,AS6,X,8.5,6,7.3,39,173
MERCEDES-BENZ,'C 300 4MATIC FFV',COMPACT,3.5,6,AS7,E,16.4,11.1,14,20,224
FORD,'E350 WAGON FFV','VAN - PASSENGER',5.4,8,A4,E,26.7,20.5,23.9,12,382
'LAND ROVER','Range Rover 5.0 Supercharged LWB','SUV - STANDARD',5,8,AS8,Z,14.4,11.3,13,22,305
MINI,'COOPER 5 DOOR',SUBCOMPACT,1.5,3,M6,Z,8.2,5.9,7.2,39,166
CHRYSLER,'300 AWD',FULL-SIZE,3.6,6,A8,X,12.8,8.7,11,26,258
BMW,'M240i Cabriolet',SUBCOMPACT,3,6,M6,Z,12.7,8.8,10.9,26,255
BMW,'M235i xDRIVE CABRIOLET',SUBCOMPACT,3,6,AS8,Z,12,7.9,10.2,28,238
JEEP,'CHEROKEE 4X4 ACTIVE DRIVE LOCK','SUV - SMALL',3.2,6,A9,X,12.9,9.9,11.6,24,269
GMC,Sierra,'PICKUP TRUCK - STANDARD',4.3,6,A6,X,15.1,11.5,13.5,21,317
AUDI,'A7 quattro',MID-SIZE,3,6,AM7,Z,10.9,8.2,9.7,29,226
CHEVROLET,'SONIC RS',COMPACT,1.4,4,M6,X,8.9,7,8,35,189
BMW,'435i xDRIVE GRAN COUPE',COMPACT,3,6,AS8,Z,11.9,7.8,10,28,230
AUDI,'A5 QUATTRO',SUBCOMPACT,2,4,M6,Z,10.6,7.3,9.1,31,209
BMW,'X1 xDRIVE35i','SUV - SMALL',3,6,A6,Z,13.2,8.9,11.3,25,260
FORD,'EDGE AWD','SUV - SMALL',3.5,6,AS6,X,13.7,9.6,11.8,24,271
PORSCHE,'BOXSTER GTS',TWO-SEATER,3.4,6,AM7,Z,10.9,7.7,9.5,30,222
BUICK,LACROSSE,MID-SIZE,3.6,6,AS9,X,11.3,7.9,9.7,29,228
KIA,RIO,COMPACT,1.6,4,AS6,X,8.8,6.5,7.8,36,181
BMW,M3,COMPACT,3,6,M6,Z,13.5,9.3,11.6,24,273
INFINITI,'Q60 AWD',SUBCOMPACT,2,4,AS7,Z,11.2,8.5,10,28,233
TOYOTA,'SIENNA AWD',MINIVAN,3.5,6,AS8,X,13.4,9.6,11.7,24,274
JEEP,'GRAND CHEROKEE SRT 4X4 (MDS)','SUV - STANDARD',6.4,8,A8,Z,18.5,12.6,15.8,18,363
CHEVROLET,Camaro,SUBCOMPACT,3.6,6,AS8,X,12.3,8.2,10.4,27,246
DODGE,'CHALLENGER SRT HELLCAT',MID-SIZE,6.2,8,M6,Z,18.1,11.4,15.1,19,352
CHEVROLET,SONIC,COMPACT,1.8,4,M5,X,9,6.8,8,35,187
FORD,'F-150 FFV 4X4 (Payload Pkg)','PICKUP TRUCK - STANDARD',5,8,AS10,E,21.4,17.2,19.5,14,325
BUICK,LACROSSE,MID-SIZE,3.6,6,AS6,X,13.7,8.7,11.5,25,264
MAZDA,'CX-5 (Cylinder Deactivation)','SUV - SMALL',2.5,4,AS6,X,9.3,7.6,8.5,33,201
JAGUAR,'F-TYPE COUPE',TWO-SEATER,3,6,AS8,Z,11.8,8.4,10.3,27,237
NISSAN,QUEST,MINIVAN,3.5,6,AV,X,12.5,9.5,11.1,25,255
DODGE,'JOURNEY FFV','SUV - SMALL',3.6,6,A6,X,14.2,9.5,12.1,23,284
NISSAN,'Armada 4WD','SUV - STANDARD',5.6,8,AS7,X,17.5,12.9,15.4,18,362
TOYOTA,86,MINICOMPACT,2,4,AS6,Z,9.9,7.3,8.7,32,204
FORD,'C-MAX HYBRID',FULL-SIZE,2,4,AV,X,5.6,6.4,6,47,138
AUDI,'ALLROAD QUATTRO','STATION WAGON - SMALL',2,4,AS8,Z,11.8,8.8,10.5,27,242
MERCEDES-BENZ,'AMG GLE 43 4MATIC Coupe','SUV - STANDARD',3,6,A9,Z,14.1,10.9,12.6,22,297
GMC,'SIERRA FFV','PICKUP TRUCK - STANDARD',4.3,6,A6,X,13.5,10,11.9,24,280
BMW,M2,SUBCOMPACT,3,6,M6,Z,13.1,9.2,11.4,25,267
CHEVROLET,'SONIC 5','STATION WAGON - SMALL',1.8,4,AS6,X,9.6,6.7,8.3,34,195
MERCEDES-BENZ,'G 63 AMG','SUV - STANDARD',5.5,8,AS7,Z,20,16.6,18.5,15,426
CHEVROLET,'Silverado WT 4WD','PICKUP TRUCK - STANDARD',2.7,4,A8,X,12.7,11,12,24,280
MERCEDES-BENZ,'AMG GLE 43 4MATIC','SUV - STANDARD',3,6,A9,Z,13.6,10.1,12,24,281
FIAT,'500 ABARTH CABRIO',MINICOMPACT,1.4,4,M5,X,8.5,6.9,7.8,36,179
MINI,'JOHN COOPER WORKS COUNTRYMAN ALL4',COMPACT,1.6,4,AS6,Z,10.1,7.8,9,31,207
HYUNDAI,'Tucson AWD','SUV - SMALL',2,4,AS6,X,10.8,9.2,10.1,28,239
MERCEDES-BENZ,'GLC 300 4MATIC COUPE','SUV - SMALL',2,4,A9,Z,11,8.7,10,28,235
DODGE,'Durango AWD SRT','SUV - STANDARD',6.4,8,A8,Z,18.3,12.2,15.6,18,363
MASERATI,'Ghibli S',MID-SIZE,3,6,AS8,Z,14.1,9.8,12.2,23,286
TOYOTA,'TACOMA 4WD','PICKUP TRUCK - SMALL',4,6,A5,X,14.8,11.6,13.4,21,308
PORSCHE,'911 CARRERA 4S CABRIOLET',MINICOMPACT,3,6,M7,Z,12.2,8.5,10.5,27,246
LEXUS,'GS 350 AWD',MID-SIZE,3.5,6,AS6,Z,12.3,9.1,10.9,26,254
CHEVROLET,SILVERADO,'PICKUP TRUCK - STANDARD',5.3,8,A6,X,14.6,10.4,12.7,22,298
CHEVROLET,EQUINOX,'SUV - SMALL',1.6,4,A6,D,8.5,6,7.4,38,198
RAM,'1500 4X4','PICKUP TRUCK - STANDARD',3.6,6,A8,X,14.6,10.1,12.6,22,290
LAMBORGHINI,'AVENTADOR ROADSTER',TWO-SEATER,6.5,12,AM7,Z,23.6,14.1,19.3,15,452
SUBARU,BRZ,MINICOMPACT,2,4,AS6,Z,9.6,7.1,8.5,33,196
GMC,TERRAIN,'SUV - SMALL',2.4,4,A6,X,10.5,7.3,9.1,31,209
GENESIS,'G70 AWD',COMPACT,2,4,AS8,Z,11.5,8.7,10.3,27,241
AUDI,'A5 QUATTRO',SUBCOMPACT,2,4,AS8,Z,11,7.8,9.6,29,224
FORD,'EDGE AWD','SUV - SMALL',2.7,6,AS6,X,13.8,9.8,12,24,281
BMW,'M235i xDRIVE CABRIOLET',SUBCOMPACT,3,6,AS8,Z,12,7.9,10.2,28,238
VOLVO,'V60 T5 AWD','STATION WAGON - SMALL',2,4,AS8,X,11,8.1,9.7,29,226
SUBARU,'Impreza 4-Door AWD',MID-SIZE,2,4,AV7,X,8.3,6.4,7.5,38,174
HONDA,'Ridgeline AWD','PICKUP TRUCK - STANDARD',3.5,6,AS9,X,12.6,10,11.4,25,269
BMW,'M4 Coupe Competition',COMPACT,3,6,AM7,Z,14.3,10.4,12.6,22,294
MERCEDES-BENZ,'CLS 400 4MATIC',COMPACT,3,6,AS7,Z,12.1,8.5,10.5,27,242
JAGUAR,'F-TYPE Coupe',TWO-SEATER,3,6,M6,Z,14.9,9.8,12.6,22,296
HONDA,'CIVIC COUPE',COMPACT,2,4,AV,X,7.8,5.8,6.9,41,162
DODGE,CHALLENGER,MID-SIZE,6.4,8,M6,Z,16.7,10.4,13.9,20,325
VOLKSWAGEN,'Arteon 4MOTION',FULL-SIZE,2,4,AS8,Z,12,8.6,10.4,27,244
MERCEDES-BENZ,'C 250 COUPE',SUBCOMPACT,1.8,4,AS7,Z,11,7.4,9.4,30,216
JEEP,'CHEROKEE TRAILHAWK 4X4','SUV - SMALL',2.4,4,A9,X,12.1,9.4,10.9,26,255
TOYOTA,HIGHLANDER,'SUV - SMALL',3.5,6,AS6,X,12.5,9.3,11.1,25,260
MERCEDES-BENZ,'ML 350 BLUETEC 4MATIC','SUV - STANDARD',3,6,AS7,D,11.8,8.5,10.3,27,278
JEEP,'GRAND CHEROKEE 4X4 SRT','SUV - STANDARD',6.4,8,A8,Z,18.3,12.6,15.7,18,368
GMC,'Sierra WT 4WD','PICKUP TRUCK - STANDARD',2.7,4,A8,X,12.7,11,12,24,280
MITSUBISHI,'Outlander 4WD','SUV - SMALL',2.4,4,AV6,X,9.9,8.1,9.1,31,212
BUICK,'Regal AWD',MID-SIZE,3.6,6,AS9,X,12.4,8.7,10.7,26,251
MAZDA,MAZDA6,MID-SIZE,2.5,4,AS6,X,9.1,6.7,8,35,187
MINI,'JOHN COOPER WORKS PACEMAN ALL4',COMPACT,1.6,4,A6,Z,10,7.8,9,31,207
BUICK,LACROSSE,MID-SIZE,3.6,6,AS9,X,11.3,7.9,9.7,29,228
MERCEDES-BENZ,'SL 550',TWO-SEATER,4.7,8,AS7,Z,13.4,9.6,11.7,24,269
TOYOTA,86,MINICOMPACT,2,4,AS6,Z,9.9,7.3,8.7,32,204
FORD,'ESCAPE AWD','SUV - SMALL',2,4,AS6,X,11.4,8.4,10.1,28,232
NISSAN,'Rogue AWD','SUV - SMALL',2.5,4,AV,X,9.6,7.5,8.7,32,204
CHEVROLET,'EQUINOX FFV','SUV - SMALL',2.4,4,A6,E,15.6,10.8,13.4,21,221
GMC,Acadia,'SUV - STANDARD',2.5,4,A6,X,11.1,9.2,10.2,28,237
BMW,'X5 xDRIVE35i','SUV - STANDARD',3,6,AS8,Z,13,9.8,11.5,25,270
MINI,'JOHN COOPER WORKS CONVERTIBLE',MINICOMPACT,1.6,4,A6,Z,9.3,7,8.3,34,191
HONDA,'HR-V AWD','STATION WAGON - SMALL',1.8,4,AV,X,8.9,7.5,8.2,34,194
'LAND ROVER','Range Rover 5.0 Supercharged LWB','SUV - STANDARD',5,8,AS8,Z,14.4,11.3,13,22,305
GMC,'YUKON 4WD','SUV - STANDARD',5.3,8,A6,X,15.2,10.8,13.2,21,310
ROLLS-ROYCE,'PHANTOM EWB',FULL-SIZE,6.7,12,AS8,Z,20.7,12.9,17.2,16,404
FORD,Mustang,SUBCOMPACT,5,8,M6,X,16.1,9.9,13.3,21,312
JEEP,'Grand Cherokee 4X4 SRT','SUV - STANDARD',6.4,8,A8,Z,18.3,12.6,15.7,18,368
RAM,'1500 4X4 eTorque','PICKUP TRUCK - STANDARD',5.7,8,A8,X,14.3,11.1,12.9,22,302
'ASTON MARTIN','DB11 V12',MINICOMPACT,5.2,12,A8,Z,15.5,11.4,13.7,21,322
GMC,'ACADIA AWD','SUV - STANDARD',3.6,6,A6,X,16.1,10.8,13.7,21,323
AUDI,'A3 TDI (modified)',SUBCOMPACT,2,4,AM6,D,7.6,5.5,6.5,43,177
NISSAN,JUKE,'STATION WAGON - SMALL',1.6,4,M6,Z,8.5,6.9,7.8,36,183
BUICK,'Envision AWD','SUV - SMALL',2,4,A9,Z,11.7,9.4,10.7,26,250
CADILLAC,ATS,COMPACT,2.5,4,AS6,X,11.1,7.2,9.3,30,214
INFINITI,'Q50S AWD',MID-SIZE,3,6,AS7,Z,12.9,9,11.1,25,262
MERCEDES-BENZ,'B 250','STATION WAGON - SMALL',2,4,AS7,Z,9.2,6.6,8,35,184
MERCEDES-BENZ,'E 400 4MATIC',MID-SIZE,3,6,A9,Z,11.8,8.7,10.4,27,246
CHEVROLET,'Blazer AWD','SUV - SMALL',3.6,6,A9,X,12.7,9.5,11.3,25,265
MINI,'JOHN COOPER WORKS CLUBMAN',SUBCOMPACT,1.6,4,M6,Z,9.1,6.7,8,35,184
PORSCHE,'911 GT3 Touring',TWO-SEATER,4,6,M6,Z,16.4,11.2,14.1,20,334
KIA,'FORTE KOUP',COMPACT,2,4,A6,X,9.6,7,8.4,34,193
SUBARU,'FORESTER AWD','SUV - SMALL',2.5,4,M6,X,10.9,8.3,9.7,29,228
'ASTON MARTIN',VANQUISH,MINICOMPACT,6,12,A8,Z,17.6,11.4,14.8,19,340
DODGE,CHALLENGER,MID-SIZE,3.6,6,A8,X,12.4,7.8,10.3,27,242
FORD,'FLEX AWD','SUV - STANDARD',3.5,6,AS6,X,13.7,10.1,12.1,23,278
DODGE,'JOURNEY FFV','SUV - SMALL',3.6,6,A6,X,14.2,9.5,12.1,23,284
GMC,Acadia,'SUV - STANDARD',2.5,4,A9,X,11.3,8.9,10.2,28,238
CHEVROLET,'Colorado 4WD','PICKUP TRUCK - SMALL',2.5,4,A6,X,12.6,9.7,11.3,25,265
INFINITI,Q70,MID-SIZE,3.7,6,AS7,Z,12.8,8.9,11,26,253
CHEVROLET,'SILVERADO FFV','PICKUP TRUCK - STANDARD',5.3,8,A6,X,14.6,10.3,12.7,22,298
HONDA,'CIVIC SEDAN',MID-SIZE,1.5,4,AV,X,7.6,5.5,6.7,42,157
FORD,'F-150 4X4','PICKUP TRUCK - STANDARD',3,6,AS10,D,11.8,9.3,10.7,26,288
BMW,'435i xDRIVE COUPE',COMPACT,3,6,AS8,Z,12,7.9,10.2,28,238
CHEVROLET,'Suburban FFV','SUV - STANDARD',5.3,8,A6,E,21.2,13.9,17.9,16,298
MAZDA,MX-5,TWO-SEATER,2,4,AS6,Z,9,6.6,7.9,36,186
AUDI,'A5 CABRIOLET QUATTRO',SUBCOMPACT,2,4,AS8,Z,11.3,8,9.8,29,230
MASERATI,'GHIBLI S',MID-SIZE,3,6,AS8,Z,14.5,10,12.4,23,293
FORD,ESCAPE,'SUV - SMALL',2,4,AS6,X,10.9,8,9.6,29,221
LINCOLN,'CONTINENTAL AWD',FULL-SIZE,3,6,AS6,X,14.4,9.7,12.3,23,288
BMW,'740Li xDRIVE SEDAN',FULL-SIZE,3,6,AS8,Z,12.1,8.1,10.3,27,237
NISSAN,FRONTIER,'PICKUP TRUCK - SMALL',2.5,4,M5,X,12.2,10.4,11.4,25,268
VOLKSWAGEN,JETTA,COMPACT,1.4,4,AS6,X,8.5,6,7.3,39,173
VOLVO,'XC90 T5 AWD','SUV - STANDARD',2,4,AS8,Z,11.3,8.5,10,28,233
CHRYSLER,'TOWN & COUNTRY FFV',MINIVAN,3.6,6,A6,X,14.1,9.5,12,24,276
MINI,'JOHN COOPER WORKS CLUBMAN',SUBCOMPACT,1.6,4,M6,Z,9.1,6.7,8,35,184
BMW,'M4 Cabriolet',SUBCOMPACT,3,6,M6,Z,13.8,9.4,11.9,24,280
TOYOTA,'Highlander AWD LE','SUV - STANDARD',3.5,6,AS8,X,11.7,8.8,10.4,27,242
PORSCHE,'911 CARRERA 4S',MINICOMPACT,3,6,M7,Z,12.1,8.4,10.4,27,243
MITSUBISHI,RVR,'SUV - SMALL',2,4,M5,X,9.9,7.6,8.8,32,202
PORSCHE,'911 CARRERA 4 GTS CABRIOLET',MINICOMPACT,3.8,6,AM7,Z,13.1,9.4,11.4,25,262
HYUNDAI,ACCENT,COMPACT,1.6,4,AS6,X,8.9,6.6,7.9,36,182
BMW,'M4 CABRIOLET',SUBCOMPACT,3,6,M6,Z,13.7,9.1,11.7,24,273
MERCEDES-BENZ,'GLA 250 4MATIC','SUV - SMALL',2,4,AS7,Z,9.8,7.4,8.7,32,200
GMC,'TERRAIN AWD','SUV - SMALL',3.6,6,A6,X,14.9,10.1,12.8,22,300
BMW,'M235i xDRIVE CABRIOLET',SUBCOMPACT,3,6,AS8,Z,12,7.9,10.2,28,238
PORSCHE,'911 TURBO S',MINICOMPACT,3.8,6,AM7,Z,12.6,9.9,11.4,25,266
'LAND ROVER','RANGE ROVER EVOQUE','SUV - SMALL',2,4,AS9,Z,11.3,7.9,9.7,29,229
PORSCHE,Macan,'SUV - SMALL',2,4,AM7,Z,12.2,10.2,11.3,25,264
DODGE,'Challenger Widebody (MDS)',MID-SIZE,6.4,8,M6,Z,16.7,10.4,13.9,20,325
CHEVROLET,EQUINOX,'SUV - SMALL',3.6,6,A6,E,18.8,13.1,16.2,17,259
GENESIS,'G70 AWD',COMPACT,2,4,AS8,Z,11.5,8.7,10.3,27,241
LEXUS,'GS 350 AWD',MID-SIZE,3.5,6,AS6,Z,12.5,9.1,11,26,253
AUDI,'A4 allroad quattro','STATION WAGON - SMALL',2,4,AM7,Z,10,7.4,8.8,32,206
MERCEDES-BENZ,'B 250 4MATIC','STATION WAGON - SMALL',2,4,AM7,Z,10.3,7.8,9.1,31,215
FORD,'F-150 4X4 (Payload Pkg)','PICKUP TRUCK - STANDARD',3.5,6,AS10,X,14.7,11.2,13.1,22,308
FORD,EXPLORER,'SUV - STANDARD',2,4,A6,X,11.9,8.5,10.4,27,239
RAM,1500,'PICKUP TRUCK - STANDARD',5.7,8,A8,X,16.2,10.5,13.6,21,320
GMC,'SIERRA 4WD','PICKUP TRUCK - STANDARD',4.3,6,A6,E,20,15.1,17.8,16,285
CHRYSLER,'TOWN & COUNTRY FFV',MINIVAN,3.6,6,A6,X,14.1,9.5,12,24,276
FORD,'TRANSIT CONNECT TAXI','SPECIAL PURPOSE VEHICLE',1.6,4,AS6,X,11.5,8.3,10.1,28,232
GMC,Canyon,'PICKUP TRUCK - SMALL',2.8,4,A6,D,11.8,7.9,10.1,28,270
TOYOTA,'TUNDRA 4WD','PICKUP TRUCK - STANDARD',4.6,8,AS6,X,16.8,12.6,14.9,19,349
CHEVROLET,'Silverado WT 4WD','PICKUP TRUCK - STANDARD',2.7,4,A8,X,12.7,11,12,24,280
INFINITI,'Q60 COUPE',SUBCOMPACT,3.7,6,M6,Z,13.5,9.3,11.6,24,267
AUDI,'A3 CABRIOLET QUATTRO',SUBCOMPACT,2,4,AM6,X,10.8,8,9.5,30,223
PORSCHE,'911 CARRERA 4',MINICOMPACT,3.4,6,M7,Z,12.3,8.7,10.7,26,251
SUBARU,'Impreza 5-Door AWD','STATION WAGON - SMALL',2,4,M5,X,10.1,7.7,9,31,211
NISSAN,'370Z ROADSTER',TWO-SEATER,3.7,6,M6,Z,13.6,9.7,11.8,24,278
HONDA,ACCORD,MID-SIZE,3.5,6,AS6,X,11.4,7.3,9.6,29,221
DODGE,'CHALLENGER SRT (MDS)',MID-SIZE,6.4,8,A8,Z,15.7,9.5,12.9,22,302
CHEVROLET,SILVERADO,'PICKUP TRUCK - STANDARD',5.3,8,A6,X,14.6,10.4,12.7,22,298
LINCOLN,'MKZ HYBRID',MID-SIZE,2,4,AV,X,5.7,6.2,5.9,48,139
LEXUS,'LX 570','SUV - STANDARD',5.7,8,AS6,Z,19,13.6,16.6,17,382
MINI,'COOPER 5 DOOR',SUBCOMPACT,1.5,3,AS6,Z,8.7,6.8,7.9,36,184
BMW,'428i COUPE',COMPACT,2,4,M6,Z,10.7,6.9,9,31,207
AUDI,S4,COMPACT,3,6,AS8,Z,11.8,8.9,10.5,27,245
NISSAN,'PATHFINDER 4WD','SUV - SMALL',3.5,6,AV,X,12.1,8.9,10.7,26,251
MERCEDES-BENZ,'C 300 4MATIC FFV',COMPACT,3.5,6,AS7,E,16.4,11.1,14,20,224
KIA,Sportage,'SUV - SMALL',2.4,4,AS6,X,10.3,7.8,9.2,31,218
MINI,'Cooper Convertible',MINICOMPACT,1.5,3,M6,Z,8.4,6.3,7.5,38,175
CADILLAC,CTS-V,MID-SIZE,6.2,8,AS8,Z,16.5,11.1,14,20,329
BMW,'M4 Cabriolet',SUBCOMPACT,3,6,M6,Z,13.8,9.4,11.9,24,280
FORD,FIESTA,SUBCOMPACT,1.6,4,M5,X,8.6,6.4,7.6,37,175
FORD,'TAURUS FFV',FULL-SIZE,3.5,6,AS6,X,13.1,8.7,11.1,25,260
CHEVROLET,SONIC,COMPACT,1.8,4,AS6,X,9.7,6.9,8.4,34,197
BMW,'328d xDRIVE',COMPACT,2,4,A8,D,7.6,5.5,6.7,42,181
JAGUAR,'F-TYPE CONVERTIBLE',TWO-SEATER,3,6,M6,Z,14.9,9.8,12.6,22,296
'LAND ROVER','RANGE ROVER','SUV - STANDARD',3,6,AS8,Z,13.9,10.4,12.3,23,283
GMC,YUKON,'SUV - STANDARD',5.3,8,A6,X,16,11.1,13.8,20,317
LINCOLN,'MKZ HYBRID',MID-SIZE,2,4,AV,X,5.7,6.2,5.9,48,139
LINCOLN,MKZ,MID-SIZE,2,4,AS6,X,10.5,7,8.9,32,210
BUICK,VERANO,COMPACT,2,4,AS6,Z,11.4,7.9,9.8,29,231
CADILLAC,ATS,COMPACT,2.5,4,AS6,X,11.1,7.2,9.3,30,214
BMW,'M240i COUPE',SUBCOMPACT,3,6,M6,Z,12.5,8.4,10.7,26,250
AUDI,S5,SUBCOMPACT,3,6,A7,Z,13.2,9.2,11.4,25,262
BMW,'440i Coupe',COMPACT,3,6,AS8,Z,11.2,7.3,9.4,30,227
'ASTON MARTIN','V8 VANTAGE S',TWO-SEATER,4.7,8,AM7,Z,17.4,11.3,14.7,19,343
MERCEDES-BENZ,'GLC 300 4MATIC','SUV - SMALL',2,4,A9,Z,11,8.7,10,28,234
TOYOTA,'HIGHLANDER AWD','SUV - STANDARD',3.5,6,AS6,X,13,9.7,11.5,25,264
MAZDA,MAZDA6,MID-SIZE,2.5,4,AS6,X,9.1,6.7,8,35,187
JEEP,COMPASS,'SUV - SMALL',2,4,AV,X,10.8,8.9,10,28,234
KIA,'SPORTAGE AWD','SUV - SMALL',2.4,4,AS6,X,12,9.3,10.8,26,251
'ALFA ROMEO','Giulia Quadrifoglio',MID-SIZE,2.9,6,A8,Z,13.5,9.3,11.6,24,271
LINCOLN,'CONTINENTAL AWD',FULL-SIZE,2.7,6,AS6,X,14,9.5,12,24,281
JEEP,'Wrangler JL Unlimited 4X4','SUV - SMALL',3.6,6,A8,X,12.9,10.2,11.7,24,275
MERCEDES-BENZ,'CLA 250',COMPACT,2,4,AS7,Z,9.4,6.4,8.1,35,188
VOLVO,'V60 T5 AWD','STATION WAGON - SMALL',2,4,AS8,X,11,8.1,9.7,29,226
VOLVO,'V60 T5 AWD','STATION WAGON - SMALL',2,4,AS8,X,11,8.1,9.7,29,226
FORD,'Edge AWD','SUV - SMALL',2,4,AS8,X,11.4,8.3,10,28,233
RAM,'1500 eTorque','PICKUP TRUCK - STANDARD',3.6,6,A8,X,11.9,9.4,10.8,26,253
CADILLAC,'CT4-V AWD',COMPACT,2.7,4,AS10,Z,11.7,8.4,10.2,28,238
MERCEDES-BENZ,'AMG S 65',FULL-SIZE,6,12,AS7,Z,17.6,10.9,14.6,19,349
CHEVROLET,SONIC,COMPACT,1.8,4,AS6,X,9.6,6.6,8.3,34,191
FORD,'TRANSIT CONNECT TAXI','SPECIAL PURPOSE VEHICLE',1.6,4,AS6,X,11.5,8.3,10.1,28,232
BENTLEY,'Continental GT',COMPACT,6,12,AM8,Z,19,11.6,15.7,18,364
TOYOTA,C-HR,COMPACT,2,4,AS7,X,8.7,7.5,8.2,34,189
MITSUBISHI,'OUTLANDER 4WD','SUV - SMALL',2.4,4,AV6,X,9.7,8.1,9,31,207
BMW,'330i xDRIVE GRAN TURISMO',FULL-SIZE,2,4,AS8,Z,10.2,7.2,8.9,32,208
BMW,'M4 Coupe Competition',COMPACT,3,6,M6,Z,13.4,9.6,11.7,24,273
JEEP,'Grand Cherokee 4X4','SUV - STANDARD',5.7,8,A8,X,16.7,10.9,14.1,20,331
FORD,FUSION,MID-SIZE,2.5,4,AS6,X,10.5,6.9,8.9,32,209
NISSAN,GT-R,SUBCOMPACT,3.8,6,AM6,Z,14.3,10.5,12.6,22,294
HONDA,'CIVIC COUPE',COMPACT,1.5,4,AV,X,7.5,5.9,6.8,42,158
MAZDA,'CX-5 4WD','SUV - SMALL',2.5,4,AS6,X,9.9,7.9,9,31,207
CADILLAC,'XT5 AWD','SUV - SMALL',3.6,6,AS8,X,12.8,9.3,11.2,25,263
MERCEDES-BENZ,'B 250','STATION WAGON - SMALL',2,4,AS7,Z,9.2,6.6,8,35,184
HYUNDAI,ELANTRA,MID-SIZE,2,4,M6,X,9.8,7,8.5,33,196
JAGUAR,'F-TYPE CONVERTIBLE R-DYNAMIC',TWO-SEATER,3,6,AS8,Z,12.4,8.8,10.8,26,253
BENTLEY,'Continental GT',COMPACT,6,12,AM8,Z,19,11.6,15.7,18,364
BMW,'340i xDRIVE',COMPACT,3,6,M6,Z,12.2,8.5,10.5,27,246
CHEVROLET,'EXPRESS 1500 PASSENGER AWD','VAN - PASSENGER',5.3,8,A4,X,18.3,14.2,16.5,17,380
CHEVROLET,SPARK,SUBCOMPACT,1.2,4,AV,X,7.7,6.1,7,40,161
KIA,Forte,MID-SIZE,2,4,AV,X,7.9,5.9,7,40,165
CHEVROLET,'SONIC 5 RS','STATION WAGON - SMALL',1.4,4,M6,X,8.9,7,8,35,189
JEEP,CHEROKEE,'SUV - SMALL',2.4,4,A9,X,10.9,7.7,9.5,30,223
CHEVROLET,Silverado,'PICKUP TRUCK - STANDARD',3,6,A10,D,10.2,7.2,8.9,32,238
MERCEDES-BENZ,'E 550 COUPE',SUBCOMPACT,4.7,8,AS7,Z,13.4,8.9,11.4,25,268
MERCEDES-BENZ,'AMG CLA 45 4MATIC',COMPACT,2,4,AM7,Z,10.3,7.9,9.2,31,217
DODGE,'Challenger SRT Hellcat Redeye',MID-SIZE,6.2,8,A8,Z,17.6,10.7,14.5,19,339
PORSCHE,'911 TURBO S',MINICOMPACT,3.8,6,AM7,Z,12.6,9.9,11.4,25,266
BMW,'M235i xDRIVE CABRIOLET',SUBCOMPACT,3,6,AS8,Z,12,7.9,10.2,28,238
CADILLAC,CTS-V,MID-SIZE,6.2,8,AS8,Z,16.6,11.1,14.1,20,332
MASERATI,'Ghibli S',MID-SIZE,3,6,AS8,Z,14.1,9.8,12.2,23,286
MERCEDES-BENZ,'AMG S 65 Coupe',COMPACT,6,12,A9,Z,17.6,11,14.6,19,343
JAGUAR,'F-TYPE SVR AWD Coupe',TWO-SEATER,5,8,AS8,Z,15.2,9.8,12.7,22,299
GMC,'SIERRA 4WD FFV','PICKUP TRUCK - STANDARD',5.3,8,A6,E,20.5,14.4,17.8,16,295
MITSUBISHI,'RVR 4WD','SUV - SMALL',2.4,4,AV6,X,10.4,8.5,9.6,29,221
HONDA,FIT,'STATION WAGON - SMALL',1.5,4,AV7,X,7.6,6.4,7,40,164
FORD,Mustang,SUBCOMPACT,5,8,M6,X,16.1,9.9,13.3,21,312
MASERATI,'Quattroporte GTS',FULL-SIZE,3.8,8,AS8,Z,16,10.8,13.7,21,321
CADILLAC,ATS,COMPACT,2.5,4,AS6,X,11.1,7.2,9.3,30,214
'ASTON MARTIN','Vantage V8',TWO-SEATER,4,8,M7,Z,16.7,11.2,14.2,20,333
GMC,YUKON,'SUV - STANDARD',5.3,8,A6,X,16,11.1,13.8,20,317
PORSCHE,'911 Carrera 4S Cabriolet',MINICOMPACT,3,6,AM7,Z,11,8.5,9.9,29,231
PORSCHE,'Panamera GTS',FULL-SIZE,4,8,AM8,Z,14.5,10.2,12.6,22,295
HONDA,'PILOT AWD','SUV - SMALL',3.5,6,A6,X,13,9.3,11.3,25,266
AUDI,'S5 CABRIOLET',SUBCOMPACT,3,6,AM7,Z,13.3,9.1,11.4,25,262
HYUNDAI,Tucson,'SUV - SMALL',2,4,AS6,X,10,7.9,9.1,31,216
CHEVROLET,'CRUZE ECO',MID-SIZE,1.4,4,A6,X,9.1,6,7.7,37,177
FORD,'F-150 (LT Tire Pkg)','PICKUP TRUCK - STANDARD',2.7,6,AS6,X,12.4,9.8,11.2,25,263
BMW,'X7 xDrive50i','SUV - STANDARD',4.4,8,AS8,Z,14.3,10.6,12.6,22,294
BMW,'750Li xDRIVE',FULL-SIZE,4.4,8,A8,Z,15,9.8,12.7,22,292
SUBARU,'FORESTER AWD','SUV - SMALL',2.5,4,M6,X,10.6,8.4,9.6,29,221
CADILLAC,'CTS COUPE',MID-SIZE,3.6,6,AS6,X,13.2,8.7,11.2,25,258
LEXUS,'LS 600h L',MID-SIZE,5,8,AV8,Z,12.7,10.1,11.5,25,268
MINI,'John Cooper Works Convertible',MINICOMPACT,2,4,M6,Z,10.8,7.7,9.4,30,220
GMC,Canyon,'PICKUP TRUCK - SMALL',2.5,4,M6,X,11.9,9.2,10.7,26,251
KIA,FORTE,MID-SIZE,2,4,M6,X,9.8,6.9,8.5,33,198
MERCEDES-BENZ,'AMG CLA 45 4MATIC',COMPACT,2,4,AM7,Z,10.3,7.9,9.2,31,217
MERCEDES-BENZ,'ML 350 BLUETEC 4MATIC','SUV - STANDARD',3,6,AS7,D,11.8,8.5,10.3,27,278
TOYOTA,'Prius c',COMPACT,1.5,4,AV,X,4.9,5.5,5.1,55,120
MERCEDES-BENZ,'B 250','STATION WAGON - SMALL',2,4,AS7,Z,9.2,6.6,8,35,184
GMC,'YUKON XL','SUV - STANDARD',5.3,8,A6,X,14.9,10.1,12.7,22,292
FORD,'TAURUS FFV',FULL-SIZE,3.5,6,AS6,X,13.1,8.7,11.1,25,260
BMW,'X5 M50i','SUV - STANDARD',4.4,8,AS8,Z,14.5,10.7,12.8,22,302
CHEVROLET,SUBURBAN,'SUV - STANDARD',5.3,8,A6,X,14.9,10.1,12.7,22,292
LINCOLN,'MKX AWD','SUV - SMALL',2.7,6,AS6,X,14.1,9.8,12.1,23,284
FORD,FUSION,MID-SIZE,2.5,4,A6,X,11.3,7.5,9.6,29,224
FORD,'F-150 FFV (Payload Pkg)','PICKUP TRUCK - STANDARD',5,8,AS10,E,20.3,14,17.4,16,288
BMW,'X4 M40i','SUV - SMALL',3,6,AS8,Z,12.8,9.5,11.3,25,264
AUDI,'A5 CABRIOLET QUATTRO',SUBCOMPACT,2,4,AS8,Z,11.5,8.1,10,28,230
RAM,'1500 Classic','PICKUP TRUCK - STANDARD',5.7,8,A8,X,15.7,11,13.6,21,319
FORD,'ESCAPE AWD','SUV - SMALL',2,4,AS6,X,11.4,8.4,10.1,28,232
SUBARU,'FORESTER AWD','SUV - SMALL',2.5,4,M6,X,10.9,8.3,9.7,29,228
TOYOTA,'4Runner 4WD (Part-Time 4WD)','SUV - STANDARD',4,6,AS5,X,14.3,11.9,13.2,21,308
FORD,'ESCAPE AWD','SUV - SMALL',1.5,4,AS6,X,10.7,8.3,9.6,29,226
CHEVROLET,'CRUZE ECO',MID-SIZE,1.4,4,A6,X,9.1,6,7.7,37,177
DODGE,CHALLENGER,MID-SIZE,3.6,6,A5,X,13.2,8.7,11.2,25,258
GMC,'Yukon XL 4WD','SUV - STANDARD',6.2,8,A10,Z,17.1,11.3,14.5,19,340
CHEVROLET,'EQUINOX AWD','SUV - SMALL',3.6,6,A6,X,14.8,9.9,12.6,22,290
KIA,'FORTE KOUP',COMPACT,2,4,M6,X,10,7.4,8.8,32,206
GMC,Terrain,'SUV - SMALL',1.5,4,A9,X,9.2,7.8,8.6,33,202
DODGE,'JOURNEY AWD','SUV - SMALL',3.6,6,A6,X,14.5,9.9,12.4,23,285
SUBARU,BRZ,MINICOMPACT,2,4,AS6,Z,9.7,7.2,8.6,33,200
GMC,'Sierra WT 4WD','PICKUP TRUCK - STANDARD',2.7,4,A8,X,12.7,11,12,24,280
'ALFA ROMEO','4C Spider',TWO-SEATER,1.8,4,AM6,Z,9.7,6.9,8.4,34,197
ROLLS-ROYCE,'PHANTOM DROPHEAD COUPE',COMPACT,6.7,12,A8,Z,20.7,12.7,17.1,17,393
TOYOTA,'4Runner 4WD (Part-Time 4WD)','SUV - STANDARD',4,6,AS5,X,14.3,11.9,13.2,21,308
AUDI,S4,COMPACT,3,6,AM8,Z,11.5,8,9.9,29,232
TOYOTA,'Highlander Hybrid AWD','SUV - STANDARD',2.5,4,AV,X,6.7,6.8,6.7,42,158
AUDI,'TTS Coupe',SUBCOMPACT,2,4,AM7,Z,10.4,8.2,9.4,30,220
MINI,'COOPER S CLUBMAN',SUBCOMPACT,1.6,4,M6,Z,9.1,6.7,8,35,184
JEEP,'Wrangler JL Unlimited 4X4','SUV - SMALL',3.6,6,A8,X,12.9,10.2,11.7,24,275
CHEVROLET,SILVERADO,'PICKUP TRUCK - STANDARD',6.2,8,A8,Z,16.1,11.4,14,20,322
JEEP,'RENEGADE FFV','SUV - SMALL',2.4,4,A9,X,10.8,7.8,9.5,30,222
'ASTON MARTIN','V8 VANTAGE S',TWO-SEATER,4.7,8,M6,Z,18.1,12.2,15.4,18,354
GMC,'YUKON 4WD','SUV - STANDARD',5.3,8,A6,X,15.2,10.8,13.2,21,310
MERCEDES-BENZ,'B 250','STATION WAGON - SMALL',2,4,AS7,Z,9.2,6.6,8,35,184
ACURA,'RLX HYBRID',MID-SIZE,3.5,6,AM7,Z,8,7.5,7.7,37,177
PORSCHE,CAYENNE,'SUV - STANDARD',3.6,6,M6,Z,15.8,10.9,13.6,21,313
KIA,SOUL,'STATION WAGON - SMALL',1.6,4,AS6,X,9.4,7.8,8.7,32,205
INFINITI,'Q60 AWD COUPE',SUBCOMPACT,3.7,6,AS7,Z,13.3,9.4,11.5,25,265
MINI,'COOPER 5 DOOR',SUBCOMPACT,1.5,3,M6,Z,8.2,6,7.2,39,170
DODGE,CHALLENGER,MID-SIZE,3.6,6,A5,X,13.2,8.7,11.2,25,258
PORSCHE,Boxster,TWO-SEATER,2,4,AM7,Z,10.5,8,9.4,30,219
FORD,'F-150 (Payload Pkg)','PICKUP TRUCK - STANDARD',2.7,6,AS10,X,12.4,9.4,11.1,25,260
CADILLAC,CTS,MID-SIZE,2,4,AS6,Z,11.5,7.9,9.9,29,228
JAGUAR,'XJR  LWB',FULL-SIZE,5,8,AS8,Z,15.8,10.3,13.3,21,313
MERCEDES-BENZ,'AMG SL 63',TWO-SEATER,5.5,8,AS7,Z,14.7,9.5,12.4,23,298
JEEP,'RENEGADE 4X4','SUV - SMALL',2.4,4,A9,X,11.2,8.2,9.8,29,230
AUDI,'A5 CABRIOLET QUATTRO',SUBCOMPACT,2,4,AS8,Z,11.5,8.1,10,28,230
MAZDA,'MAZDA3 4-DOOR',COMPACT,2.5,4,AS6,X,8.4,6.1,7.4,38,173
AUDI,'A3 CABRIOLET QUATTRO',SUBCOMPACT,2,4,AM6,X,10.8,8,9.5,30,223
PORSCHE,'911 Carrera S Cabriolet',MINICOMPACT,3,6,AM8,Z,12.7,10.2,11.6,24,272
TOYOTA,VENZA,'SUV - SMALL',2.7,4,AS6,X,11.4,8.2,10,28,230
GMC,'YUKON XL','SUV - STANDARD',5.3,8,A6,X,14.9,10.1,12.7,22,292
HYUNDAI,'VELOSTER TURBO',COMPACT,1.6,4,M6,X,9.7,7.1,8.5,33,196
VOLKSWAGEN,'Golf SportWagen 4MOTION','STATION WAGON - SMALL',1.8,4,AM6,X,10.8,8.1,9.6,29,224
SUBARU,BRZ,MINICOMPACT,2,4,AS6,Z,9.6,7.1,8.5,33,196
RAM,'1500 (MDS)','PICKUP TRUCK - STANDARD',5.7,8,A8,X,15.7,10.9,13.6,21,313
AUDI,S5,SUBCOMPACT,3,6,A7,Z,13.2,9.2,11.4,25,262
MINI,'COOPER PACEMAN',COMPACT,1.6,4,A6,Z,9.4,7.9,8.7,32,200
PORSCHE,CAYMAN,TWO-SEATER,2,4,M6,Z,11,8.3,9.8,29,229
HYUNDAI,'SONATA SPORT/LIMITED',FULL-SIZE,2.4,4,AS6,X,10,7.2,8.7,32,207
CHRYSLER,'300 AWD',FULL-SIZE,3.6,6,A8,X,12.8,8.6,10.9,26,251
MERCEDES-BENZ,'AMG C 63 CABRIOLET',SUBCOMPACT,4,8,A7,Z,14,10.4,12.4,23,291
RAM,'1500 4X4 FFV','PICKUP TRUCK - STANDARD',3.6,6,A8,E,20.7,14.7,18,16,300
DODGE,CHALLENGER,MID-SIZE,6.4,8,M6,Z,16.7,10.4,13.9,20,325
'LAND ROVER','RANGE ROVER EVOQUE','SUV - SMALL',2,4,AS9,Z,11.3,7.9,9.7,29,229
PORSCHE,'911 CARRERA S CABRIOLET',MINICOMPACT,3,6,M7,Z,12.1,8.3,10.4,27,243
FORD,'ESCAPE AWD','SUV - SMALL',2,4,AS6,X,11.4,8.4,10,28,236
'LAND ROVER',LR4,'SUV - STANDARD',3,6,AS8,Z,16.2,12.1,14.3,20,336
HONDA,CR-Z,TWO-SEATER,1.5,4,M6,X,7.6,6.1,6.9,41,159
PORSCHE,'CAYENNE TURBO','SUV - STANDARD',4.8,8,A8,Z,16.3,11,13.9,20,326
DODGE,'Challenger SRT Hellcat',MID-SIZE,6.2,8,M6,Z,18.1,11.4,15.1,19,352
BMW,'330i xDRIVE GRAN TURISMO',FULL-SIZE,2,4,AS8,Z,10.2,7.2,8.9,32,208
MINI,'John Cooper Works Convertible',MINICOMPACT,2,4,AS6,Z,9.4,7.2,8.4,34,197
ACURA,'TLX SH-AWD',COMPACT,3.5,6,AS9,Z,11.4,7.7,9.8,29,228
BUICK,'ENCLAVE AWD','SUV - STANDARD',3.6,6,A6,X,14.6,10.2,12.6,22,290
NISSAN,'PATHFINDER 4WD','SUV - SMALL',3.5,6,AV,X,12.1,8.9,10.7,26,250
TOYOTA,'Highlander AWD LE','SUV - STANDARD',3.5,6,AS8,X,11.7,8.8,10.4,27,242
NISSAN,'370Z ROADSTER',TWO-SEATER,3.7,6,M6,Z,13.6,9.7,11.8,24,278
TOYOTA,PRIUS,MID-SIZE,1.8,4,AV,X,4.3,4.6,4.5,63,105
FORD,Mustang,SUBCOMPACT,5,8,M6,X,16.1,9.9,13.3,21,311
DODGE,'Challenger SRT Hellcat',MID-SIZE,6.2,8,M6,Z,18.1,11.4,15.1,19,352
MINI,'COOPER S 3 DOOR',SUBCOMPACT,2,4,AS6,Z,9.2,7,8.2,34,193
JEEP,'RENEGADE FFV','SUV - SMALL',2.4,4,A9,X,10.8,7.8,9.5,30,222
MINI,'John Cooper Works Convertible',MINICOMPACT,2,4,AS6,Z,9.4,7.2,8.4,34,197
GMC,'Yukon XL','SUV - STANDARD',5.3,8,A6,X,15.7,10.5,13.4,21,314
GMC,'YUKON 4WD','SUV - STANDARD',6.2,8,A10,Z,16.4,10.7,13.8,20,325
BMW,'X3 xDrive30i','SUV - SMALL',2,4,AS8,Z,10,8.2,9.2,31,215
BMW,'428i COUPE',COMPACT,2,4,M6,Z,10.7,7,9,31,211
SCION,FR-S,MINICOMPACT,2,4,M6,Z,10.9,7.9,9.6,29,224
MAZDA,'CX-5 4WD','SUV - SMALL',2.5,4,AS6,X,9.8,7.9,9,31,210
GMC,'SAVANA 3500 PASSENGER FFV','VAN - PASSENGER',6,8,A6,X,22.2,15.1,19,15,437
CHEVROLET,Tahoe,'SUV - STANDARD',5.3,8,A6,X,15.7,10.5,13.4,21,314
TOYOTA,Avalon,MID-SIZE,3.5,6,AS8,X,10.9,7.6,9.4,30,220
VOLKSWAGEN,'GOLF SPORTWAGEN 4MOTION','STATION WAGON - SMALL',1.8,4,M6,X,10.8,7.6,9.3,30,218
MERCEDES-BENZ,'CLS 400 4MATIC',COMPACT,3,6,AS7,Z,12.2,8.8,10.7,26,252
HYUNDAI,VELOSTER,COMPACT,1.6,4,M6,X,9.1,6.7,8,35,184
HYUNDAI,'SONATA HYBRID',MID-SIZE,2.4,4,AS6,X,6.6,5.9,6.3,45,145
GMC,Acadia,'SUV - STANDARD',2.5,4,A6,X,11.1,9.2,10.2,28,237
DODGE,'JOURNEY FFV','SUV - SMALL',3.6,6,A6,X,14.2,9.5,12.1,23,284
ACURA,TLX,COMPACT,2.4,4,AM8,Z,9.6,6.6,8.3,34,197
FORD,'ESCAPE AWD','SUV - SMALL',2,4,AS6,X,11.4,8.4,10.1,28,232
BMW,340i,COMPACT,3,6,AS8,Z,10.9,7.2,9.3,30,217
BMW,'X3 xDrive30i','SUV - SMALL',2,4,AS8,Z,10,8.2,9.2,31,215
GMC,'Sierra WT 4WD','PICKUP TRUCK - STANDARD',2.7,4,A8,X,12.7,11,12,24,280
MERCEDES-BENZ,'AMG S 65 Coupe',COMPACT,6,12,A9,Z,17.6,11,14.6,19,343
BMW,'340i xDRIVE',COMPACT,3,6,AS8,Z,10.9,7.3,9.3,30,216
NISSAN,FRONTIER,'PICKUP TRUCK - SMALL',2.5,4,A5,X,13.5,10.5,12.2,23,286
PORSCHE,'Macan S','SUV - SMALL',3,6,AM7,Z,12.9,10.2,11.7,24,272
CHEVROLET,'SUBURBAN 4WD FFV','SUV - STANDARD',5.3,8,A6,X,15.3,10.9,13.3,21,312
RAM,'1500 ECODIESEL','PICKUP TRUCK - STANDARD',3,6,A8,D,11.8,8.6,10.4,27,278
TOYOTA,'TACOMA 4WD','PICKUP TRUCK - SMALL',3.5,6,AS6,X,13.1,10.5,11.9,24,280
GENESIS,'G90 AWD',FULL-SIZE,3.3,6,AS8,Z,13.6,9.5,11.8,24,280
NISSAN,'NV200 CARGO VAN','SPECIAL PURPOSE VEHICLE',2,4,AV,X,9.8,8.8,9.3,30,218
KIA,'SEDONA SX',MINIVAN,3.3,6,AS6,X,12.9,9.5,11.4,25,269
AUDI,'TT ROADSTER QUATTRO',TWO-SEATER,2,4,AM6,X,10.1,7.8,9.1,31,209
CHEVROLET,'Colorado ZR2 4WD','PICKUP TRUCK - SMALL',2.8,4,A6,D,13.3,10.6,12.1,23,326
VOLKSWAGEN,CC,COMPACT,2,4,M6,Z,11.6,7.7,9.8,29,225
GMC,'SIERRA 4WD FFV','PICKUP TRUCK - STANDARD',5.3,8,A6,E,20.5,14.4,17.8,16,295
LINCOLN,'MKT LIVERY AWD','SPECIAL PURPOSE VEHICLE',3.7,6,A6,X,14,9.9,12.2,23,281
MINI,'JOHN COOPER WORKS',SUBCOMPACT,2,4,AS6,Z,9.4,7.5,8.5,33,199
FORD,'EXPLORER FFV AWD','SUV - STANDARD',3.5,6,AS6,X,14.4,10.4,12.6,22,295
KIA,'FORTE 5',FULL-SIZE,2,4,M6,X,9.7,6.9,8.4,34,197
MERCEDES-BENZ,'GLK 250 BLUETEC 4MATIC','SUV - SMALL',2.1,4,AS7,D,9.6,7,8.5,33,230
MERCEDES-BENZ,'SL 550',TWO-SEATER,4.7,8,AS7,Z,13.4,9.6,11.7,24,269
NISSAN,FRONTIER,'PICKUP TRUCK - SMALL',2.5,4,A5,X,13.5,10.5,12.2,23,286
GMC,'YUKON XL 4WD','SUV - STANDARD',5.3,8,A6,X,15.4,10.8,13.3,21,312
FORD,'Mustang (Performance Pkg)',SUBCOMPACT,2.3,4,M6,X,11.8,8.7,10.4,27,244
MAZDA,MAZDA6,MID-SIZE,2.5,4,AS6,X,9.1,6.7,8,35,187
HONDA,CIVIC,COMPACT,1.8,4,AV7,X,8.1,6.2,7.2,39,166
LEXUS,'ES 300h',MID-SIZE,2.5,4,AV6,X,5.8,6.1,5.9,48,139
JEEP,'GRAND CHEROKEE 4X4','SUV - STANDARD',5.7,8,A8,X,16.6,10.7,14,20,328
AUDI,S4,COMPACT,3,6,AS8,Z,11.8,8.9,10.5,27,245
KIA,'SEDONA SX',MINIVAN,3.3,6,AS6,X,12.9,9.5,11.4,25,269
AUDI,A3,SUBCOMPACT,2,4,AM7,X,9.1,6.8,8,35,188
BMW,'Z4 sDrive30i',TWO-SEATER,2,4,AS8,Z,9.5,7.4,8.5,33,200
BMW,'X3 xDrive30i','SUV - SMALL',2,4,AS8,Z,10,8.2,9.2,31,215
VOLKSWAGEN,'TOUAREG TDI (modified)','SUV - STANDARD',3,6,AS8,D,11.2,8.4,9.8,29,270
MERCEDES-BENZ,'GLC 300 4MATIC COUPE','SUV - SMALL',2,4,A9,Z,11,8.7,10,28,235
BMW,'530i xDrive',MID-SIZE,2,4,AS8,Z,10.2,7.2,8.8,32,207
NISSAN,VERSA,COMPACT,1.6,4,M5,X,8.6,6.5,7.7,37,177
CHEVROLET,'EXPRESS 3500 PASSENGER','VAN - PASSENGER',6,8,A6,E,30.2,20.5,25.8,11,413
VOLVO,'XC90 AWD','SUV - STANDARD',3.2,6,AS6,X,14.9,10.2,12.8,22,294
PORSCHE,Macan,'SUV - SMALL',2,4,AM7,Z,12.2,10.2,11.3,25,264
KIA,OPTIMA,MID-SIZE,2,4,AS6,X,11.7,7.7,9.9,29,228
GMC,'Sierra 4WD','PICKUP TRUCK - STANDARD',4.3,6,A6,X,15.8,11.9,14,20,329
LEXUS,'GX 460','SUV - STANDARD',4.6,8,AS6,Z,16,12.9,14.6,19,341
MERCEDES-BENZ,'C 250 COUPE',SUBCOMPACT,1.8,4,AS7,Z,10.9,7.5,9.4,30,216
KIA,'Sportage AWD','SUV - SMALL',2.4,4,AS6,X,10.8,9.1,10,28,239
HYUNDAI,ELANTRA,MID-SIZE,2,4,M6,X,9.3,6.4,8,35,188
LEXUS,'LC 500h',SUBCOMPACT,3.5,6,AV10,Z,9,7.1,8.1,35,189
TOYOTA,'TACOMA 4WD','PICKUP TRUCK - SMALL',2.7,4,A4,X,13.1,11.3,12.3,23,283
MERCEDES-BENZ,'ML 350 BLUETEC 4MATIC','SUV - STANDARD',3,6,AS7,D,11.8,8.5,10.3,27,278
MERCEDES-BENZ,'AMG S 65',FULL-SIZE,6,12,AS7,Z,17.6,10.9,14.6,19,349
GMC,'Sierra WT 4WD','PICKUP TRUCK - STANDARD',2.7,4,A8,X,12.7,11,12,24,280
HYUNDAI,'ELANTRA GT',FULL-SIZE,2,4,AS6,X,9.4,7.2,8.4,34,198
JEEP,'CHEROKEE 4X4 ACTIVE DRIVE II','SUV - SMALL',3.2,6,A9,X,12.8,9,11.1,25,259
'ASTON MARTIN','Vantage V8',TWO-SEATER,4,8,M7,Z,16.7,11.2,14.2,20,333
KIA,'SPORTAGE AWD','SUV - SMALL',2.4,4,AS6,X,12,9.1,10.7,26,246
DODGE,Challenger,MID-SIZE,5.7,8,M6,Z,15.6,10.1,13.1,22,307
MAZDA,'MAZDA3 4-DOOR',COMPACT,2.5,4,AS6,X,8.4,6.1,7.4,38,173
MAZDA,'CX-5 4WD','SUV - SMALL',2,4,AS6,X,9.3,7.6,8.5,33,196
GMC,'TERRAIN FFV','SUV - SMALL',2.4,4,A6,X,10.5,7.3,9.1,31,214
MINI,'COOPER 3 DOOR',SUBCOMPACT,1.5,3,AS6,Z,8.5,6.3,7.5,38,172
LINCOLN,'MKC AWD','SUV - SMALL',2.3,4,AS6,X,12.9,9.2,11.2,25,258
BMW,'640i xDrive Gran Turismo',FULL-SIZE,3,6,AS8,Z,11.9,8.4,10.3,27,241
TOYOTA,Corolla,COMPACT,2,4,AV10,X,7.6,5.8,6.7,42,158
MAZDA,MX-5,TWO-SEATER,2,4,AS6,Z,11.5,8.5,10.1,28,232
KIA,'FORTE 5',FULL-SIZE,2,4,M6,X,9.7,6.9,8.4,34,197
JAGUAR,'XJR LWB',FULL-SIZE,5,8,AS8,Z,15.8,10.3,13.3,21,313
BMW,M3,COMPACT,3,6,M6,Z,13.5,9.3,11.6,24,273
MERCEDES-BENZ,'G 63 AMG','SUV - STANDARD',5.5,8,AS7,Z,20,16.6,18.5,15,426
BMW,'330i xDRIVE GRAN TURISMO',FULL-SIZE,2,4,AS8,Z,10.5,7.4,9.1,31,213
TOYOTA,'HIGHLANDER HYBRID AWD','SUV - STANDARD',3.5,6,AV6,X,8.6,8.5,8.5,33,196
BMW,'340i xDRIVE',COMPACT,3,6,AS8,Z,10.9,7.3,9.3,30,216
GMC,'SIERRA 4WD FFV','PICKUP TRUCK - STANDARD',5.3,8,A6,X,15,10.7,13.1,22,306
HONDA,HR-V,'SUV - SMALL',1.8,4,AV7,X,8.3,6.7,7.6,37,177
JEEP,'Wrangler JL 4X4','SUV - SMALL',2,4,A8,X,10.5,9.4,10,28,233
VOLKSWAGEN,TOUAREG,'SUV - STANDARD',3.6,6,AS8,Z,14.1,10.4,12.4,23,292
HONDA,HR-V,'SUV - SMALL',1.8,4,AV7,X,8.3,6.7,7.6,37,177
TOYOTA,'SIENNA AWD',MINIVAN,3.5,6,AS8,X,13.4,9.6,11.7,24,274
NISSAN,VERSA,MID-SIZE,1.6,4,AV,X,7.6,6.2,7,40,164
ACURA,'MDX SH-AWD','SUV - SMALL',3.5,6,AS6,Z,12.7,9.1,11.1,25,255
BMW,'330i xDRIVE GRAN TURISMO',FULL-SIZE,2,4,AS8,Z,10.5,7.4,9.1,31,213
FORD,Mustang,SUBCOMPACT,5,8,M6,X,16.1,9.9,13.3,21,311
'LAND ROVER','Range Rover Evoque Convertible','SUV - SMALL',2,4,AS9,Z,11.2,8.2,9.8,29,231
CHEVROLET,'TAHOE 4WD FFV','SUV - STANDARD',5.3,8,A6,E,20.8,14.5,18,16,299
'LAND ROVER','RANGE ROVER EVOQUE','SUV - SMALL',2,4,AS9,Z,11.3,7.9,9.7,29,229
BMW,M2,SUBCOMPACT,3,6,M6,Z,13.1,9.2,11.4,25,267
MINI,'COOPER 5 DOOR',SUBCOMPACT,1.5,3,AS6,Z,8.7,6.8,7.9,36,184
LEXUS,'RX 350 AWD','SUV - SMALL',3.5,6,AS8,X,12.2,8.9,10.7,26,251
CHRYSLER,300,FULL-SIZE,3.6,6,A8,X,12.4,7.8,10.3,27,242
JEEP,'Wrangler JL Unlimited 4X4','SUV - SMALL',3.6,6,A8,X,12.9,10.2,11.7,24,275
BMW,M5,MID-SIZE,4.4,8,M6,Z,16.1,10.9,13.7,21,321
MERCEDES-BENZ,'C 250 COUPE',SUBCOMPACT,1.8,4,AS7,Z,10.9,7.5,9.4,30,216
GMC,YUKON,'SUV - STANDARD',5.3,8,A6,X,16,11.1,13.8,20,317
FORD,'EXPEDITION 4X4','SUV - STANDARD',3.5,6,AS6,X,15.9,12,14.2,20,333
GMC,'SIERRA FFV','PICKUP TRUCK - STANDARD',4.3,6,A6,X,13.5,10,11.9,24,280
BENTLEY,'FLYING SPUR',MID-SIZE,4,8,AS8,Z,17,9.9,13.8,20,321
INFINITI,'Q50 HYBRID AWD',COMPACT,3.5,6,AS7,Z,9.1,7.7,8.5,33,200
FORD,'F-150 FFV 4X4','PICKUP TRUCK - STANDARD',3.3,6,AS6,E,17.6,13.7,15.8,18,263
BENTLEY,'CONTINENTAL GT CONVERTIBLE',SUBCOMPACT,6,12,AS8,Z,19.6,11.7,16,18,375
JEEP,'RENEGADE FFV','SUV - SMALL',2.4,4,A9,E,14.2,9.9,12.2,23,195
CHEVROLET,Camaro,SUBCOMPACT,2,4,M6,Z,11.9,7.9,10.1,28,235
GMC,'CANYON 4WD','PICKUP TRUCK - SMALL',2.8,4,A6,D,12.1,8.3,10.4,27,279
SUBARU,'Impreza 5-Door AWD','STATION WAGON - SMALL',2,4,M5,X,10.1,7.7,9,31,211
'LAND ROVER','Range Rover Sport TD6 Diesel','SUV - STANDARD',3,6,AS8,D,10.7,8.3,9.6,29,256
MINI,'JOHN COOPER WORKS',SUBCOMPACT,2,4,AS6,Z,9.3,7.3,8.4,34,197
TOYOTA,'HIGHLANDER HYBRID AWD LE','SUV - STANDARD',3.5,6,AV6,X,8.4,8.3,8.4,34,195
FORD,'Mustang Convertible',SUBCOMPACT,2.3,4,AS10,X,11.9,8.4,10.4,27,243
MINI,'John Cooper Works Clubman ALL4',MID-SIZE,2,4,AS8,Z,10.1,7.6,9,31,210
KIA,OPTIMA,MID-SIZE,2,4,AS6,X,11.7,7.7,9.9,29,228
BMW,'X6 xDRIVE50i','SUV - STANDARD',4.4,8,AS8,Z,15.4,11.2,13.5,21,317
JAGUAR,'XF 3.0L AWD',MID-SIZE,3,6,AS8,Z,14.7,9.1,12.2,23,281
CHEVROLET,'SONIC 5','STATION WAGON - SMALL',1.4,4,AS6,X,9,6.8,8,35,188
LEXUS,'GX 460','SUV - STANDARD',4.6,8,AS6,Z,15.7,11.8,13.9,20,320
'LAND ROVER',LR2,'SUV - SMALL',2,4,AS6,Z,13.5,9.9,11.9,24,274
TOYOTA,'FJ CRUISER 4WD','SUV - SMALL',4,6,A5,X,14.3,11.2,12.9,22,297
FORD,'F-150 FFV 4X4 (Payload Pkg)','PICKUP TRUCK - STANDARD',5,8,AS6,X,16.8,12.4,14.8,19,347
PORSCHE,'911 Carrera 4S',MINICOMPACT,3,6,AM7,Z,11.1,8.5,9.9,29,232
CHEVROLET,'EXPRESS 1500 CARGO CONV AWD','VAN - CARGO',5.3,8,A4,X,18.3,14.2,16.5,17,380
KIA,'SORENTO 4WD','SUV - SMALL',3.3,6,A6,X,13.4,9.9,11.8,24,271
GMC,Canyon,'PICKUP TRUCK - SMALL',3.6,6,A8,X,13.4,9.6,11.7,24,273
TOYOTA,'SEQUOIA 4WD','SUV - STANDARD',5.7,8,AS6,X,19,13.9,16.7,17,384
SUBARU,'Impreza 5-Door AWD','STATION WAGON - SMALL',2,4,M5,X,10.1,7.7,9,31,211
AUDI,'A5 QUATTRO',SUBCOMPACT,2,4,AM7,Z,10,7,8.7,32,203
GMC,'SIERRA FFV','PICKUP TRUCK - STANDARD',4.3,6,A6,X,13.5,10,11.9,24,280
TOYOTA,'COROLLA LE ECO (2-mode)',MID-SIZE,1.8,4,AV,X,7.8,5.9,6.9,41,159
GMC,'Yukon XL FFV','SUV - STANDARD',5.3,8,A6,E,21.2,13.9,17.9,16,298
KIA,Forte,MID-SIZE,2,4,AV,X,7.9,5.9,7,40,165
FORD,'E350 WAGON FFV','VAN - PASSENGER',5.4,8,A4,E,26.7,20.5,23.9,12,382
LEXUS,'GX 460','SUV - STANDARD',4.6,8,AS6,Z,16,12.9,14.6,19,341
LINCOLN,'CONTINENTAL AWD',FULL-SIZE,2.7,6,AS6,X,14,9.5,12,24,281
CHEVROLET,EQUINOX,'SUV - SMALL',3.6,6,A6,E,18.8,13.1,16.2,17,259
LAMBORGHINI,'AVENTADOR ROADSTER',TWO-SEATER,6.5,12,AM7,Z,23.6,14.1,19.3,15,452
PORSCHE,'911 CARRERA 4S',MINICOMPACT,3,6,M7,Z,12.1,8.4,10.4,27,243
KIA,Soul,'STATION WAGON - SMALL',2,4,M6,X,9.6,7.6,8.7,32,206
BMW,'ACTIVEHYBRID 7L',FULL-SIZE,3,6,A8,Z,10.5,7.6,9.2,31,212
HONDA,'Civic Coupe',COMPACT,2,4,AV,X,7.8,6.1,7.1,40,164
FIAT,'124 Spider',TWO-SEATER,1.4,4,A6,X,9.3,6.5,8,35,187
HYUNDAI,Elantra,MID-SIZE,1.6,4,M6,X,10.7,7.8,9.4,30,221
BMW,M2,SUBCOMPACT,3,6,M6,Z,13.1,9.2,11.4,25,267
CHEVROLET,SILVERADO,'PICKUP TRUCK - STANDARD',6.2,8,A8,Z,16.1,11.4,14,20,322
TOYOTA,'RAV4 HYBRID AWD','SUV - SMALL',2.5,4,AV6,X,6.9,7.6,7.2,39,169
FIAT,500L,'STATION WAGON - SMALL',1.4,4,M6,X,9.3,7.1,8.3,34,191
LEXUS,'CT 200h',COMPACT,1.8,4,AV,X,5.5,5.8,5.6,50,129
JAGUAR,'F-TYPE R COUPE AWD',TWO-SEATER,5,8,AS6,Z,15.6,10.4,13.3,21,311
HYUNDAI,'SANTA FE','SUV - SMALL',3.3,6,AS6,X,12.9,9.4,11.3,25,265
CHEVROLET,'Silverado WT 4WD','PICKUP TRUCK - STANDARD',2.7,4,A8,X,12.7,11,12,24,280
'ALFA ROMEO','Giulia Quadrifoglio',MID-SIZE,2.9,6,A8,Z,13.5,9.3,11.6,24,271
LAMBORGHINI,'Aventador Roadster',TWO-SEATER,6.5,12,AM7,Z,26.6,15.8,21.7,13,493
PORSCHE,MACAN,'SUV - SMALL',2,4,A7,Z,11.6,9.3,10.6,27,248
MASERATI,GHIBLI,MID-SIZE,3,6,AS8,Z,15.2,9.6,12.7,22,292
BMW,'740Li xDRIVE SEDAN',FULL-SIZE,3,6,AS8,Z,12.1,8.1,10.3,27,237
BMW,'Z4 sDRIVE35i',TWO-SEATER,3,6,AM7,Z,13.7,10.1,12.1,23,278
CADILLAC,CTS,MID-SIZE,2,4,AS6,Z,11.5,7.9,9.9,29,228
NISSAN,FRONTIER,'PICKUP TRUCK - SMALL',4,6,A5,X,14.8,10.6,12.9,22,304
VOLKSWAGEN,'Jetta GLI',COMPACT,2,4,M6,X,9.6,7.1,8.5,33,198
GMC,'Sierra 4WD','PICKUP TRUCK - STANDARD',4.3,6,A6,X,15.8,11.9,14,20,329
PORSCHE,MACAN,'SUV - SMALL',2,4,A7,Z,11.6,9.3,10.6,27,248
FORD,'Shelby GT350 Mustang',SUBCOMPACT,5.2,8,M6,Z,17.1,11.4,14.5,19,342
GMC,'YUKON XL DENALI 4WD','SUV - STANDARD',6.2,8,A6,Z,16.8,11.7,14.5,19,334
MERCEDES-BENZ,'C 300 4MATIC',COMPACT,2,4,A9,Z,11,7.3,9.4,30,219
CADILLAC,CTS,MID-SIZE,2,4,AS6,Z,11.5,7.9,9.9,29,228
GMC,CANYON,'PICKUP TRUCK - SMALL',2.8,4,A6,D,10.8,7.9,9.5,30,255
CHEVROLET,TRAX,'SUV - SMALL',1.4,4,AS6,X,9.3,7.2,8.3,34,194
CHRYSLER,'300 AWD FFV',FULL-SIZE,3.6,6,A8,E,17.6,12,15,19,248
BMW,'440i COUPE',COMPACT,3,6,M6,Z,12.2,8.2,10.4,27,242
MAZDA,'Mazda3 4-Door',COMPACT,2.5,4,AS6,X,8.8,6.4,7.7,37,181
GMC,TERRAIN,'SUV - SMALL',2.4,4,A6,X,10.5,7.3,9.1,31,209
BMW,320i,COMPACT,2,4,AS8,Z,10,6.5,8.4,34,200
SUBARU,'XV CROSSTREK AWD','SUV - SMALL',2,4,AV6,X,9.1,7,8.1,35,191
MERCEDES-BENZ,'AMG G 65','SUV - STANDARD',6,12,AS7,Z,24.3,17.9,21.4,13,476
GENESIS,G70,COMPACT,2,4,M6,Z,12.8,8.5,10.9,26,255
ACURA,'MDX SH-AWD','SUV - SMALL',3.5,6,AS9,Z,12.6,9,11,26,259
FORD,'Mustang Convertible',SUBCOMPACT,2.3,4,AS10,X,11.9,8.4,10.4,27,243
KIA,FORTE,MID-SIZE,2,4,M6,X,9.8,6.9,8.5,33,198
HONDA,CR-Z,TWO-SEATER,1.5,4,M6,X,7.6,6.1,6.9,41,159
PORSCHE,'911 CARRERA 4',MINICOMPACT,3.4,6,M7,Z,12.3,8.7,10.7,26,251
JEEP,'WRANGLER JK UNLIMITED 4X4','SUV - SMALL',3.6,6,M6,X,15,11.4,13.3,21,312
FORD,'ESCAPE AWD','SUV - SMALL',1.5,4,AS6,X,10.7,8.3,9.6,29,226
HYUNDAI,'VELOSTER TURBO',COMPACT,1.6,4,M6,X,9.4,7.2,8.4,34,200
FORD,FUSION,MID-SIZE,1.5,4,AS6,X,10,7,8.7,32,204
HONDA,CR-Z,TWO-SEATER,1.5,4,M6,X,7.6,6.1,6.9,41,159
DODGE,Challenger,MID-SIZE,5.7,8,M6,Z,15.6,10.1,13.1,22,307
'LAND ROVER',LR4,'SUV - STANDARD',3,6,AS8,Z,16.2,12.1,14.3,20,336
TOYOTA,Avalon,MID-SIZE,3.5,6,AS8,X,10.9,7.6,9.4,30,220
GMC,YUKON,'SUV - STANDARD',5.3,8,A6,E,21.5,14.6,18.4,15,294
MAZDA,'MAZDA3 4-DOOR',COMPACT,2.5,4,AS6,X,8.4,6.1,7.4,38,173
MINI,'COOPER 5 DOOR',SUBCOMPACT,1.5,3,M6,Z,8.2,6,7.2,39,170
PORSCHE,CAYMAN,TWO-SEATER,2,4,M6,Z,11,8.3,9.8,29,229
PORSCHE,'911 CARRERA 4S CABRIOLET',MINICOMPACT,3,6,M7,Z,12.2,8.5,10.5,27,246
HYUNDAI,'ELANTRA GT',FULL-SIZE,2,4,M6,X,9.8,7.3,8.7,32,205
GENESIS,'G70 AWD',COMPACT,2,4,AS8,Z,11.4,8.6,10.2,28,238
PORSCHE,'911 CARRERA 4 GTS CABRIOLET',MINICOMPACT,3,6,M7,Z,12.9,9.1,11.1,25,260
SUBARU,'FORESTER AWD','SUV - SMALL',2.5,4,AV,X,9.6,7.4,8.6,33,198
NISSAN,'FRONTIER 4WD','PICKUP TRUCK - SMALL',4,6,A5,X,15.7,11.3,13.7,21,315
NISSAN,Sentra,MID-SIZE,2,4,M6,X,9.4,6.4,8,35,188
CHEVROLET,'CORVETTE Z06',TWO-SEATER,6.2,8,AS8,Z,17.7,10.2,14.3,20,335
MINI,'JOHN COOPER WORKS',SUBCOMPACT,2,4,AS6,Z,9.4,7.5,8.5,33,199
ACURA,'RLX HYBRID',MID-SIZE,3.5,6,AM7,Z,8.4,8.2,8.4,34,196
ACURA,'MDX HYBRID AWD','SUV - SMALL',3,6,AM7,Z,9.1,9,9,31,210
AUDI,'RS 5 Sportback',MID-SIZE,2.9,6,AS8,Z,13.5,9,11.5,25,268
FORD,MUSTANG,SUBCOMPACT,3.7,6,M6,X,13.6,8.4,11.2,25,264
VOLKSWAGEN,'Atlas 4MOTION','SUV - STANDARD',3.6,6,AS8,X,13.8,10.2,12.2,23,286
BMW,'X1 xDRIVE28i','SUV - SMALL',2,4,AS8,Z,10.7,7.4,9.2,31,215
ROLLS-ROYCE,'PHANTOM DROPHEAD COUPE',COMPACT,6.7,12,A8,Z,20.7,12.7,17.1,17,393
AUDI,Q7,'SUV - STANDARD',2,4,AS8,Z,12.2,9.5,11,26,258
PORSCHE,CAYMAN,TWO-SEATER,2,4,M6,Z,11,8.3,9.8,29,229
'ASTON MARTIN','VANTAGE GT',TWO-SEATER,4.7,8,AM7,Z,17.4,11.3,14.7,19,343
JAGUAR,'F-TYPE R COUPE AWD',TWO-SEATER,5,8,AS6,Z,15.6,10.4,13.3,21,311
FORD,'ESCAPE AWD','SUV - SMALL',2,4,AS6,X,11.4,8.4,10.1,28,232
MINI,'COOPER S CONVERTIBLE',MINICOMPACT,2,4,M6,Z,10.2,7.3,8.9,32,210
MAZDA,MX-5,TWO-SEATER,2,4,AS6,Z,9,6.6,7.9,36,186
BMW,'435i xDRIVE COUPE',COMPACT,3,6,M6,Z,12.3,8.4,10.5,27,247
HONDA,Odyssey,MINIVAN,3.5,6,AS10,X,12.2,8.5,10.6,27,248
GMC,'Yukon XL 4WD','SUV - STANDARD',6.2,8,A10,Z,17.2,11.4,14.6,19,343
JEEP,'CHEROKEE 4X4 FFV','SUV - SMALL',2.4,4,A9,E,15.9,11,13.7,21,226
DODGE,Challenger,MID-SIZE,5.7,8,M6,Z,15.6,10.1,13.1,22,307
CHEVROLET,'EQUINOX FFV','SUV - SMALL',2.4,4,A6,E,15.6,10.8,13.4,21,221
HONDA,'HR-V AWD','STATION WAGON - SMALL',1.8,4,AV7,X,8.9,7.5,8.2,34,194
MERCEDES-BENZ,'GLA 250 4MATIC','SUV - SMALL',2,4,AS7,Z,9.8,7.4,8.7,32,200
BMW,'320i SEDAN',COMPACT,2,4,AS8,Z,10,6.5,8.4,34,193
MINI,'COOPER S CLUBMAN',SUBCOMPACT,1.6,4,A6,Z,9.3,7,8.3,34,191
HYUNDAI,ELANTRA,MID-SIZE,2,4,M6,X,9.3,6.4,8,35,188
CHEVROLET,'Camaro SS',SUBCOMPACT,6.2,8,M6,Z,14.9,9.9,12.6,22,296
'ASTON MARTIN',VANQUISH,MINICOMPACT,6,12,A8,Z,17.6,11.4,14.8,19,340
MASERATI,'GHIBLI AWD',MID-SIZE,3,6,AS8,Z,15.2,9.6,12.7,22,292
CHEVROLET,'SILVERADO 4WD','PICKUP TRUCK - STANDARD',5.3,8,A6,E,19.9,14.2,17.3,16,277
CHEVROLET,'SONIC RS',COMPACT,1.4,4,M6,X,8.9,7,8,35,189
CHEVROLET,Tahoe,'SUV - STANDARD',5.3,8,A6,X,15.7,10.5,13.4,21,314
CHEVROLET,'EXPRESS 3500 PASSENGER','VAN - PASSENGER',6,8,A6,X,22.2,15.1,19,15,437
ACURA,'TL AWD',MID-SIZE,3.7,6,AS6,Z,12.8,9,11.1,25,255
MAZDA,'Mazda3 5-Door 4WD',MID-SIZE,2.5,4,AS6,X,9.8,7.4,8.7,32,204
INFINITI,'Q60 AWD COUPE',SUBCOMPACT,3.7,6,AS7,Z,13.3,9.4,11.5,25,265
MITSUBISHI,RVR,'SUV - SMALL',2,4,M5,X,9.9,7.6,8.8,32,202
TOYOTA,'RAV4 HYBRID AWD','SUV - SMALL',2.5,4,AV6,X,6.9,7.6,7.2,39,169
CHEVROLET,CRUZE,COMPACT,1.4,4,AS6,X,7.9,5.9,7,40,165
FORD,'EXPEDITION 4X4','SUV - STANDARD',3.5,6,AS6,X,15.9,12,14.2,20,333
AUDI,'A3 CABRIOLET QUATTRO',SUBCOMPACT,2,4,AM6,Z,10.1,7.5,8.9,32,205
HONDA,'Civic Hatchback Sport',FULL-SIZE,1.5,4,AV7,Z,7.9,6.6,7.3,39,170
PORSCHE,'911 CARRERA 4S CABRIOLET',MINICOMPACT,3.8,6,M7,Z,12.9,9.1,11.2,25,258
HYUNDAI,Elantra,MID-SIZE,1.6,4,M6,X,10.7,7.8,9.4,30,221
MINI,'COOPER S CLUBMAN',MID-SIZE,2,4,AS8,Z,10,7.2,8.7,32,205
BMW,'430i xDRIVE CABRIOLET',SUBCOMPACT,2,4,AS8,Z,10.7,7.3,9.1,31,214
MERCEDES-BENZ,'AMG S 65 Coupe',COMPACT,6,12,A9,Z,17.6,11,14.6,19,343
MERCEDES-BENZ,'SLC 300',TWO-SEATER,2,4,A9,Z,10,7.3,8.8,32,205
GMC,'Yukon 4WD','SUV - STANDARD',6.2,8,A10,Z,16.5,10.9,13.9,20,327
MERCEDES-BENZ,'AMG C 63 CABRIOLET',SUBCOMPACT,4,8,A7,Z,14,10.4,12.4,23,291
FORD,'F-150 FFV 4X4 (Payload Pkg)','PICKUP TRUCK - STANDARD',5,8,AS10,E,21.4,17.2,19.5,14,325
JAGUAR,'XE 20d AWD',COMPACT,2,4,AS8,D,7.8,5.8,6.9,41,186
CHRYSLER,'200 SEDAN FFV',MID-SIZE,3.6,6,A6,X,12.5,8.1,10.5,27,242
BMW,'M4 Coupe Competition',COMPACT,3,6,AM7,Z,14.3,10.4,12.6,22,294
VOLKSWAGEN,'GOLF SPORTWAGEN 4MOTION','STATION WAGON - SMALL',1.8,4,M6,X,10.8,7.6,9.3,30,218
CHEVROLET,'TAHOE FFV','SUV - STANDARD',5.3,8,A6,X,15.1,10.4,13,22,304
VOLVO,'V60 CC T5 AWD','STATION WAGON - SMALL',2,4,AS8,Z,10.8,7.6,9.3,30,218
PORSCHE,'911 Carrera S Cabriolet',MINICOMPACT,3,6,AM8,Z,12.7,10.2,11.6,24,272
DODGE,'JOURNEY FFV','SUV - SMALL',3.6,6,A6,X,14.2,9.5,12.1,23,284
GMC,'Sierra FFV','PICKUP TRUCK - STANDARD',5.3,8,A6,X,15.7,11.9,14,20,329
BMW,M5,MID-SIZE,4.4,8,AS8,Z,16,11.2,13.9,20,324
BUICK,'LACROSSE eASSIST',MID-SIZE,2.4,4,AS6,X,9.6,6.5,8.2,34,189
'LAND ROVER','RANGE ROVER EVOQUE CONVERTIBLE','SUV - SMALL',2,4,AS9,Z,11.2,8.2,9.8,29,231
KIA,'SEDONA SXL',MINIVAN,3.3,6,AS6,X,14.2,10.5,12.5,23,288
NISSAN,FRONTIER,'PICKUP TRUCK - SMALL',4,6,A5,X,14.8,10.6,12.9,22,304
VOLKSWAGEN,BEETLE,COMPACT,1.8,4,M5,X,9.5,7.1,8.4,34,198
GMC,Canyon,'PICKUP TRUCK - SMALL',3.6,6,A8,X,13.4,9.6,11.7,24,273
LEXUS,'RC 350 AWD',SUBCOMPACT,3.5,6,AS6,Z,13.1,9.8,11.2,25,262
MINI,'Cooper S 3 Door',SUBCOMPACT,2,4,M6,Z,10.2,7.4,9,31,210
MINI,'COOPER ROADSTER',TWO-SEATER,1.6,4,AS6,Z,8.6,6.5,7.7,37,177
PORSCHE,'911 CARRERA S',MINICOMPACT,3.8,6,AM7,Z,11.9,8.7,10.5,27,245
PORSCHE,Cayenne,'SUV - STANDARD',3,6,AS8,Z,12.5,10,11.4,25,265
'LAND ROVER','RANGE ROVER SPORT SUPERCHARGED','SUV - STANDARD',5,8,AS8,E,24,16.6,20.7,14,331
INFINITI,'QX60 HYBRID AWD','SUV - STANDARD',2.5,4,AV7,X,8.9,8.4,8.7,32,200
TOYOTA,'RAV4 LIMITED AWD','SUV - SMALL',2.5,4,AS6,X,10.6,8.2,9.5,30,218
LAMBORGHINI,'Huracan Coupe',TWO-SEATER,5.2,10,AM7,Z,18,12.9,15.7,18,370
NISSAN,'370Z ROADSTER',TWO-SEATER,3.7,6,M6,Z,13.6,9.7,11.8,24,278
HYUNDAI,'TUCSON AWD','SUV - SMALL',2,4,AS6,X,11,9,10.1,28,240
HONDA,Odyssey,MINIVAN,3.5,6,AS9,X,12.6,8.4,10.7,26,252
AUDI,'A6 QUATTRO',MID-SIZE,2,4,AS8,Z,10.8,7.3,9.2,31,211
MERCEDES-BENZ,'AMG S 65 Coupe',COMPACT,6,12,A9,Z,17.6,11,14.6,19,343
FORD,'FLEX AWD GTDI','SUV - STANDARD',3.5,6,AS6,X,15.7,11.2,13.7,21,321
CHRYSLER,'TOWN & COUNTRY FFV',MINIVAN,3.6,6,A6,X,14.1,9.5,12,24,276
MAZDA,MX-5,TWO-SEATER,2,4,AS6,Z,9.1,6.8,8,35,188
TOYOTA,86,MINICOMPACT,2,4,AS6,Z,9.9,7.3,8.7,32,204
VOLKSWAGEN,BEETLE,COMPACT,1.8,4,M5,X,9.5,7.1,8.4,34,198
KIA,'SORENTO AWD','SUV - SMALL',2,4,AS6,X,12.3,9.4,11,26,259
BMW,'428i COUPE',COMPACT,2,4,M6,Z,10.7,7,9,31,211
FORD,'F-150 FFV 4X4','PICKUP TRUCK - STANDARD',3.3,6,AS6,X,12.8,10.2,11.6,24,273
JEEP,'RENEGADE 4X4','SUV - SMALL',2.4,4,A9,X,11.2,8.2,9.8,29,230
MAZDA,MX-5,TWO-SEATER,2,4,AS6,Z,11.5,8.5,10.1,28,232
BMW,'535d xDRIVE SEDAN',MID-SIZE,3,6,AS8,D,9.2,6.3,7.9,36,213
BMW,'228i COUPE',SUBCOMPACT,2,4,AS8,Z,10,6.5,8.4,34,193
AUDI,'S5 Cabriolet',SUBCOMPACT,3,6,AS8,Z,12.1,9.1,10.8,26,252
HONDA,Odyssey,MINIVAN,3.5,6,AS9,X,12.6,8.4,10.7,26,252
GMC,TERRAIN,'SUV - SMALL',2.4,4,A6,X,10.5,7.3,9.1,31,209
MERCEDES-BENZ,'E 400 4MATIC CABRIOLET',SUBCOMPACT,3,6,A9,Z,12,9.2,10.8,26,251
PORSCHE,'CAYENNE TURBO','SUV - STANDARD',4.8,8,A8,Z,16.7,11.2,14.2,20,334
BENTLEY,'CONTINENTAL GT CONVERTIBLE',SUBCOMPACT,4,8,AS8,Z,17.7,10.3,14.4,20,337
HYUNDAI,ELANTRA,MID-SIZE,2,4,M6,X,9.8,7,8.5,33,196
BMW,'330i xDRIVE GRAN TURISMO',FULL-SIZE,2,4,AS8,Z,10.5,7.4,9.1,31,213
BMW,'X2 xDrive28i','SUV - SMALL',2,4,AS8,Z,11,7.7,9.5,30,222
CHRYSLER,'300 AWD',FULL-SIZE,3.6,6,A8,X,12.8,8.6,10.9,26,251
GMC,ACADIA,'SUV - STANDARD',3.6,6,A6,X,14.3,9.9,12.3,23,283
DODGE,'CHALLENGER SRT (MDS)',MID-SIZE,6.4,8,A8,Z,15.6,9.6,12.9,22,302
PORSCHE,'911 CARRERA S',MINICOMPACT,3.8,6,AM7,Z,12.1,8.7,10.6,27,244
MASERATI,'GHIBLI S',MID-SIZE,3,6,AS8,Z,14.5,10,12.4,23,293
BMW,'X4 M40i','SUV - SMALL',3,6,AS8,Z,11.9,8.7,10.4,27,245
KIA,Sorento,'SUV - SMALL',2.4,4,AS6,X,10.7,8.2,9.6,29,225
RAM,'1500 ECODIESEL HFE','PICKUP TRUCK - STANDARD',3,6,A8,D,11.3,8,9.8,29,264
'ALFA ROMEO','Giulia Quadrifoglio',MID-SIZE,2.9,6,A8,Z,13.5,9.3,11.6,24,271
NISSAN,Sentra,MID-SIZE,2,4,M6,X,9.4,6.4,8,35,188
CHEVROLET,'EQUINOX FFV','SUV - SMALL',2.4,4,A6,X,10.5,7.3,9.1,31,209
JAGUAR,'F-TYPE CONVERTIBLE',TWO-SEATER,3,6,M6,Z,14.9,9.8,12.6,22,296
PORSCHE,'911 CARRERA 4 GTS',MINICOMPACT,3,6,M7,Z,12.8,8.9,11,26,257
VOLKSWAGEN,GOLF,COMPACT,1.8,4,AS6,X,9.3,6.5,8.1,35,186
LEXUS,'LC 500h',SUBCOMPACT,3.5,6,AV10,Z,9,7.1,8.1,35,189
PORSCHE,'911 Carrera 4S',MINICOMPACT,3,6,AM7,Z,11.1,8.5,9.9,29,232
VOLVO,'XC60 T5 AWD','SUV - SMALL',2.5,5,AS6,X,12.5,9.2,11,26,254
MERCEDES-BENZ,'E 400 4MATIC CABRIOLET',SUBCOMPACT,3,6,A9,Z,12,9.2,10.8,26,251
BMW,'435i xDRIVE COUPE',COMPACT,3,6,AS8,Z,12,7.9,10.2,28,238
AUDI,S5,SUBCOMPACT,3,6,AS8,Z,11.8,8.9,10.5,27,245
GMC,Sierra,'PICKUP TRUCK - STANDARD',2.7,4,A8,X,11.9,10.3,11.1,25,261
DODGE,'CHARGER AWD FFV',FULL-SIZE,3.6,6,A8,E,17.3,11.7,14.8,19,243
GMC,'YUKON 4WD','SUV - STANDARD',6.2,8,A10,Z,16.4,10.7,13.8,20,325
JEEP,'Wrangler JL Unlimited 4X4','SUV - SMALL',3.6,6,A8,X,12.9,10.2,11.7,24,275
BENTLEY,'Continental GT',COMPACT,6,12,AM8,Z,19,11.6,15.7,18,364
AUDI,'Q3 quattro','SUV - SMALL',2,4,AS8,X,12.3,8.6,10.6,27,248
INFINITI,'Q60 AWD COUPE',SUBCOMPACT,3.7,6,AS7,Z,13.3,9.4,11.5,25,265
PORSCHE,'911 CARRERA 4 GTS',MINICOMPACT,3,6,M7,Z,12.8,8.9,11,26,257
KIA,'OPTIMA HYBRID',MID-SIZE,2,4,AS6,X,6,5.1,5.6,50,132
KIA,'SORENTO AWD','SUV - SMALL',2,4,AS6,X,12.3,9.4,11,26,259
BMW,'M6 GRAN COUPE',COMPACT,4.4,8,M6,Z,16.1,10.8,13.7,21,315
PORSCHE,'911 CARRERA 4 GTS CABRIOLET',MINICOMPACT,3.8,6,AM7,Z,13.1,9.4,11.4,25,262
AUDI,SQ5,'SUV - SMALL',3,6,AS8,Z,12.7,10,11.5,25,270
PORSCHE,'BOXSTER GTS',TWO-SEATER,3.4,6,AM7,Z,10.9,7.7,9.5,30,222
JEEP,PATRIOT,'SUV - SMALL',2,4,AV,X,10.8,8.9,10,28,234
PORSCHE,'911 CARRERA 4S',MINICOMPACT,3,6,M7,Z,12.1,8.4,10.4,27,243
JEEP,PATRIOT,'SUV - SMALL',2,4,M5,X,10.2,7.8,9.2,31,212
KIA,Sportage,'SUV - SMALL',2.4,4,AS6,X,10.3,7.8,9.2,31,218
DODGE,'DART FFV',MID-SIZE,2,4,A6,E,14.2,9.8,12.2,23,195
BUICK,'ENCLAVE AWD','SUV - STANDARD',3.6,6,A6,X,14.6,10.2,12.6,22,290
CHEVROLET,'EQUINOX FFV','SUV - SMALL',2.4,4,A6,X,10.5,7.3,9.1,31,209
JAGUAR,'XJ AWD',FULL-SIZE,3,6,AS8,Z,14.6,9.6,12.4,23,285
CHEVROLET,'CRUZE ECO',MID-SIZE,1.4,4,M6,X,8.4,5.6,7.1,40,163
DODGE,'JOURNEY FFV','SUV - SMALL',3.6,6,A6,X,14.2,9.5,12.1,23,284
GMC,'Yukon XL','SUV - STANDARD',5.3,8,A6,X,15.7,10.5,13.4,21,314
JAGUAR,'F-TYPE Coupe',TWO-SEATER,3,6,M6,Z,14.9,9.8,12.6,22,296
JEEP,PATRIOT,'SUV - SMALL',2,4,M5,X,10.2,7.8,9.2,31,212
PORSCHE,'Panamera 4 ST',FULL-SIZE,3,6,AM8,Z,12.2,8.9,10.7,26,250
LEXUS,'GS 350 AWD',MID-SIZE,3.5,6,AS6,Z,12.3,9.1,10.9,26,254
INFINITI,Q70,MID-SIZE,3.7,6,AS7,Z,12.8,8.9,11,26,253
ROLLS-ROYCE,Ghost,FULL-SIZE,6.6,12,AS8,Z,20.3,13,17,17,397
NISSAN,GT-R,SUBCOMPACT,3.8,6,AM6,Z,14.2,10.7,12.6,22,295
LAMBORGHINI,'Huracan Performante Coupe',TWO-SEATER,5.2,10,AM7,Z,17.9,13,15.7,18,370
JEEP,PATRIOT,'SUV - SMALL',2,4,AV,X,10.7,8.8,9.9,29,228
GMC,'Yukon XL','SUV - STANDARD',5.3,8,A6,X,15.7,10.5,13.4,21,314
SUBARU,'CROSSTREK AWD','SUV - SMALL',2,4,M6,X,10.5,8.1,9.4,30,220
CHEVROLET,'Equinox AWD','SUV - SMALL',1.5,4,A6,X,9.3,7.8,8.6,33,207
MITSUBISHI,'LANCER SPORTBACK','STATION WAGON - SMALL',2,4,AV6,X,9.6,7.3,8.6,33,198
INFINITI,'QX60 HYBRID AWD','SUV - STANDARD',2.5,4,AV7,X,8.9,8.4,8.7,32,200
JAGUAR,'F-TYPE CONVERTIBLE R-DYNAMIC',TWO-SEATER,3,6,AS8,Z,12.4,8.8,10.8,26,253
JAGUAR,'F-TYPE Coupe',TWO-SEATER,3,6,M6,Z,14.9,9.8,12.6,22,296
CHEVROLET,'COLORADO 4WD','PICKUP TRUCK - SMALL',2.8,4,A6,D,12,8.2,10.3,27,277
FORD,'F-150 FFV 4X4','PICKUP TRUCK - STANDARD',3.3,6,AS6,X,12.8,10.2,11.6,24,273
LAMBORGHINI,'AVENTADOR COUPE LP 740',TWO-SEATER,6.5,12,AM7,Z,23.9,14.5,19.7,14,461
BMW,320i,COMPACT,2,4,AS8,Z,10,6.5,8.4,34,200
LAMBORGHINI,'Aventador Roadster',TWO-SEATER,6.5,12,AM7,Z,26.6,15.8,21.7,13,493
MERCEDES-BENZ,'B 250 4MATIC','STATION WAGON - SMALL',2,4,AM7,Z,10.3,7.8,9.1,31,215
FIAT,'500 CABRIO',MINICOMPACT,1.4,4,A6,X,8.7,6.9,7.9,36,182
DODGE,'CHALLENGER (MDS)',MID-SIZE,5.7,8,A8,X,14.7,9.4,12.3,23,289
VOLKSWAGEN,'TIGUAN 4MOTION','SUV - SMALL',2,4,AS8,X,11.3,8.8,10.2,28,237
BMW,'M4 CABRIOLET',SUBCOMPACT,3,6,M6,Z,13.7,9.1,11.7,24,273
RAM,'1500 4X4','PICKUP TRUCK - STANDARD',5.7,8,A8,X,16.1,11,13.8,20,325
LEXUS,'RX 350 AWD','SUV - SMALL',3.5,6,AS8,X,12.2,9,10.8,26,252
FORD,'F-150 4X4','PICKUP TRUCK - STANDARD',3,6,AS10,D,11.8,9.3,10.7,26,287
CHEVROLET,'SONIC 5 RS','STATION WAGON - SMALL',1.4,4,M6,X,8.9,7,8,35,189
GMC,'SIERRA 4WD FFV','PICKUP TRUCK - STANDARD',5.3,8,A6,E,20.5,14.4,17.8,16,295
FIAT,'500 HATCHBACK TURBO',MINICOMPACT,1.4,4,M5,X,8.5,6.9,7.8,36,183
GMC,Terrain,'SUV - SMALL',1.5,4,A9,X,9.2,7.8,8.6,33,202
VOLKSWAGEN,'Atlas 4MOTION','SUV - STANDARD',3.6,6,AS8,X,13.8,10.2,12.2,23,286
FORD,'EDGE AWD','SUV - SMALL',2,4,AS6,X,11.8,8.4,10.3,27,240
BMW,'440i Coupe',COMPACT,3,6,AS8,Z,11.2,7.3,9.4,30,227
BUICK,'ENCLAVE AWD','SUV - STANDARD',3.6,6,A6,X,14.6,10.2,12.6,22,290
FORD,'Escape FFV','SUV - SMALL',2.5,4,AS6,E,15,10.8,13.1,22,218
VOLVO,'V60 T5 AWD','STATION WAGON - SMALL',2.5,5,AS6,X,11.6,8.2,10.1,28,232
MERCEDES-BENZ,'GLA 250 4MATIC','SUV - SMALL',2,4,AS7,Z,9.8,7.4,8.7,32,200
MITSUBISHI,'Mirage G4',COMPACT,1.2,3,M5,X,7.2,5.9,6.6,43,153
MAZDA,'MAZDA3 4-DOOR',COMPACT,2.5,4,AS6,X,8.4,6.1,7.4,38,173
MINI,'JOHN COOPER WORKS',SUBCOMPACT,2,4,AS6,Z,9.4,7.5,8.5,33,199
DODGE,'JOURNEY AWD','SUV - SMALL',3.6,6,A6,X,14.5,10,12.4,23,292
MINI,'COOPER PACEMAN',COMPACT,1.6,4,AS6,Z,9.4,7.9,8.7,32,200
MAZDA,MX-5,TWO-SEATER,2,4,AS6,Z,9,6.6,7.9,36,186
BENTLEY,'FLYING SPUR',MID-SIZE,6,12,AS8,Z,20.4,12,16.6,17,389
CHEVROLET,'SONIC 5','STATION WAGON - SMALL',1.8,4,M5,X,9,6.8,8,35,187
TOYOTA,86,MINICOMPACT,2,4,AS6,Z,9.9,7.3,8.7,32,204
DODGE,Challenger,MID-SIZE,5.7,8,M6,Z,15.6,10.1,13.1,22,307
LEXUS,'GS 350 AWD',MID-SIZE,3.5,6,AS6,Z,12.3,9.1,10.9,26,254
FORD,'F-150 FFV (LT Tire Pkg)','PICKUP TRUCK - STANDARD',5,8,AS10,X,14.7,11.2,13.1,22,307
GMC,'SAVANA 2500 PASSENGER','VAN - PASSENGER',4.8,8,A6,X,21.1,14.2,18,16,414
CHEVROLET,MALIBU,MID-SIZE,2,4,AS8,Z,10.6,7.1,9,31,211
CHEVROLET,'SILVERADO 4WD FFV','PICKUP TRUCK - STANDARD',4.3,6,A6,X,14.1,10.6,12.5,23,294
MAZDA,'Mazda3 4-Door',COMPACT,2.5,4,AS6,X,8.8,6.4,7.7,37,181
AUDI,'A3 CABRIOLET QUATTRO',SUBCOMPACT,2,4,AM6,Z,10.1,7.5,8.9,32,205
GMC,'SIERRA 4WD','PICKUP TRUCK - STANDARD',6.2,8,A8,Z,16,11.7,14.1,20,330
HYUNDAI,SONATA,FULL-SIZE,2.4,4,AS6,X,9.8,6.7,8.4,34,193
BMW,'X4 M','SUV - SMALL',3,6,AS8,Z,16.6,12.1,14.6,19,339
CHEVROLET,SILVERADO,'PICKUP TRUCK - STANDARD',5.3,8,A6,X,14.6,10.3,12.7,22,298
CHEVROLET,IMPALA,FULL-SIZE,2.5,4,AS6,X,10.9,7.9,9.5,30,224
KIA,Soul,'STATION WAGON - SMALL',2,4,M6,X,9.6,7.6,8.7,32,206
ACURA,TLX,COMPACT,2.4,4,AM8,Z,9.6,6.6,8.3,34,197
NISSAN,MURANO,'STATION WAGON - MID-SIZE',3.5,6,AV7,X,11,8.3,9.8,29,230
CHRYSLER,'Voyager (Stop-Start)',MINIVAN,3.6,6,A9,X,12.4,8.4,10.6,27,249
ACURA,'MDX SH-AWD','SUV - SMALL',3.5,6,AS9,Z,12.6,9,11,26,259
MITSUBISHI,OUTLANDER,'SUV - SMALL',2.4,4,AV6,X,9.5,7.5,8.6,33,198
LAMBORGHINI,'Huracan Coupe',TWO-SEATER,5.2,10,AM7,Z,18,12.9,15.7,18,370
MAZDA,'MAZDA3 4-DOOR',COMPACT,2.5,4,AS6,X,8.4,6.1,7.4,38,173
FORD,FUSION,MID-SIZE,2,4,AS6,X,10.5,7.1,9,31,207
BMW,320i,COMPACT,2,4,AS8,Z,10,6.5,8.4,34,200
AUDI,S4,COMPACT,3,6,AS8,Z,11.8,8.9,10.5,27,245
CHEVROLET,MALIBU,MID-SIZE,2,4,AS8,Z,10.6,7.1,9,31,211
RAM,'1500 4X4 ECODIESEL','PICKUP TRUCK - STANDARD',3,6,A8,D,12.3,8.8,10.8,26,289
JEEP,'WRANGLER UNLIMITED 4X4','SUV - SMALL',3.6,6,M6,X,15,11.4,13.4,21,312
BMW,'M2 Competition',SUBCOMPACT,3,6,M6,Z,13.4,9.6,11.7,24,273
SUBARU,'Outback AWD','SUV - SMALL',2.4,4,AV8,X,10.1,7.9,9.1,31,213
NISSAN,VERSA,MID-SIZE,1.6,4,AV,X,7.6,6.2,7,40,164
DODGE,'JOURNEY FFV','SUV - SMALL',3.6,6,A6,X,14.2,9.5,12.1,23,284
MERCEDES-BENZ,'GLA 250 4MATIC','SUV - SMALL',2,4,AS7,Z,9.8,7.4,8.7,32,200
GMC,CANYON,'PICKUP TRUCK - SMALL',2.8,4,A6,D,10.8,7.9,9.5,30,255
VOLKSWAGEN,'Atlas 4MOTION','SUV - STANDARD',3.6,6,AS8,X,13.8,10.2,12.2,23,286
AUDI,R8,TWO-SEATER,5.2,10,A7,Z,18.2,10.6,14.8,19,347
DODGE,'AVENGER FFV',MID-SIZE,3.6,6,A6,E,17,11.2,14.4,20,230
BUICK,'Envision AWD','SUV - SMALL',2,4,A9,Z,11.7,9.4,10.7,26,250
CHEVROLET,'SONIC 5','STATION WAGON - SMALL',1.4,4,AS6,X,9,6.8,8,35,188
AUDI,'A3 CABRIOLET QUATTRO',SUBCOMPACT,2,4,AM6,Z,10.1,7.5,8.9,32,205
VOLVO,'S60 T6 AWD',COMPACT,2,4,AS8,Z,11.1,7.3,9.4,30,218
FORD,'F-150 FFV 4X4','PICKUP TRUCK - STANDARD',3.3,6,AS6,E,17.6,13.7,15.8,18,263
JEEP,'NEW WRANGLER UNLIMITED 4X4','SUV - SMALL',3.6,6,A8,X,12.9,10.2,11.7,24,275
FORD,'C-MAX HYBRID',FULL-SIZE,2,4,AV,X,5.6,6.4,6,47,138
BMW,320i,COMPACT,2,4,AS8,Z,10,6.5,8.4,34,200
RAM,'1500 4X4 eTorque','PICKUP TRUCK - STANDARD',5.7,8,A8,X,14.3,11.1,12.9,22,302
MINI,'COOPER S PACEMAN ALL4',COMPACT,1.6,4,AS6,Z,10.1,7.8,9,31,207
SUBARU,WRX,COMPACT,2.5,4,M6,Z,13.8,10.2,12.2,23,285
CHEVROLET,'EXPRESS 2500 PASSENGER','VAN - PASSENGER',6,8,A6,X,21.9,15,18.8,15,432
BMW,'328i xDRIVE GRAN TURISMO',FULL-SIZE,2,4,A8,Z,10.6,7.2,9.1,31,209
AUDI,'TT COUPE QUATTRO',SUBCOMPACT,2,4,AM6,X,10.1,7.8,9.1,31,209
LEXUS,'NX 300h AWD','SUV - SMALL',2.5,4,AV6,X,7.2,7.9,7.5,38,176
MERCEDES-BENZ,'B 250',MID-SIZE,2,4,AS7,Z,9.2,6.6,8,35,188
AUDI,A4,COMPACT,2,4,AM7,Z,8.6,6.4,7.6,37,177
ACURA,'MDX SH-AWD','SUV - SMALL',3.5,6,AS6,Z,12.7,9.1,11.1,25,255
TOYOTA,'HIGHLANDER HYBRID AWD','SUV - STANDARD',3.5,6,AV6,X,8,8.6,8.3,34,191
NISSAN,'PATHFINDER 4WD','SUV - SMALL',3.5,6,AV,X,12.1,8.9,10.7,26,250
RAM,'1500 eTorque','PICKUP TRUCK - STANDARD',3.6,6,A8,X,11.9,9.4,10.8,26,253
JAGUAR,'E-PACE P250','SUV - SMALL',2,4,AS9,Z,11,8.4,9.8,29,231
LEXUS,'GS 350 AWD',MID-SIZE,3.5,6,AS6,Z,12.3,9.1,10.9,26,254
MINI,'COOPER ROADSTER',TWO-SEATER,1.6,4,AS6,Z,8.6,6.5,7.7,37,177
TOYOTA,YARIS,COMPACT,1.5,4,M5,X,7.7,6.3,7.1,40,163
TOYOTA,'TUNDRA 4WD','PICKUP TRUCK - STANDARD',5.7,8,AS6,X,18.2,14.1,16.3,17,380
CHEVROLET,'TAHOE 4WD','SUV - STANDARD',5.3,8,A6,E,21.5,14.6,18.4,15,294
AUDI,'TTS Coupe',SUBCOMPACT,2,4,AM7,Z,10.4,8.2,9.4,30,220
GENESIS,'G70 AWD',COMPACT,2,4,AS8,Z,11.4,8.6,10.2,28,238
FORD,'F-150 FFV 4X4','PICKUP TRUCK - STANDARD',3.3,6,AS6,E,17.6,13.7,15.8,18,263
NISSAN,FRONTIER,'PICKUP TRUCK - SMALL',2.5,4,M5,X,12.2,10.4,11.4,25,268
JAGUAR,'XJ SUPERCHARGED',FULL-SIZE,5,8,AS8,Z,15.8,10.2,13.3,21,306
MAZDA,'CX-9 4WD','SUV - SMALL',2.5,4,AS6,X,11.6,9.1,10.5,27,244
BMW,M3,COMPACT,3,6,M6,Z,13.7,9,11.6,24,271
CADILLAC,CTS-V,MID-SIZE,6.2,8,AS8,Z,16.6,11.1,14.1,20,332
TOYOTA,'TACOMA 4WD','PICKUP TRUCK - SMALL',2.7,4,A4,X,13.1,11.3,12.3,23,283
TOYOTA,86,MINICOMPACT,2,4,AS6,Z,9.9,7.3,8.7,32,204
MINI,'COOPER 5 DOOR',SUBCOMPACT,1.5,3,M6,Z,8.2,5.9,7.2,39,166
HYUNDAI,'Sonata Hybrid SE',MID-SIZE,2,4,AM6,X,5.9,5.1,5.6,50,132
ACURA,'RDX AWD','SUV - SMALL',3.5,6,AS6,Z,12.4,8.7,10.7,26,250
'ALFA ROMEO','4C Coupe',TWO-SEATER,1.8,4,AM6,Z,9.7,6.9,8.4,34,197
CADILLAC,ATS,COMPACT,2.5,4,AS6,X,11.1,7.2,9.3,30,214
FIAT,'500 ABARTH HATCHBACK',MINICOMPACT,1.4,4,M5,X,8.5,6.9,7.8,36,179
TOYOTA,'Camry LE/SE',MID-SIZE,2.5,4,AS8,X,8.4,6.1,7.4,38,173
BMW,'M4 COUPE',COMPACT,3,6,AM7,Z,14,9.7,12.1,23,284
CHEVROLET,'EQUINOX FFV','SUV - SMALL',2.4,4,A6,X,10.5,7.3,9.1,31,209
MINI,'COOPER S 3 DOOR',SUBCOMPACT,2,4,AS6,Z,9.2,7,8.2,34,193
LINCOLN,'MKC AWD','SUV - SMALL',2.3,4,AS6,X,12.9,9.2,11.2,25,258
CADILLAC,XT4,'SUV - SMALL',2,4,AS9,Z,9.8,7.8,8.9,32,209
CADILLAC,SRX,'SUV - STANDARD',3.6,6,AS6,X,14.2,9.8,12.3,23,287
GENESIS,'G90 AWD',FULL-SIZE,3.3,6,AS8,Z,13.6,9.5,11.8,24,280
JEEP,'Grand Cherokee 4X4 SRT','SUV - STANDARD',6.4,8,A8,Z,18.3,12.6,15.7,18,368
MERCEDES-BENZ,'B 250','STATION WAGON - SMALL',2,4,AS7,Z,9.2,6.6,8,35,184
FORD,'EcoSport AWD','SUV - SMALL',2,4,AS6,X,10.2,8,9.3,30,218
DODGE,'DURANGO AWD (MDS)','SUV - STANDARD',5.7,8,A8,X,17.3,10.8,14.4,20,331
HYUNDAI,'Elantra GT',FULL-SIZE,2,4,AS6,X,9.4,7.1,8.4,34,200
MINI,'Cooper Countryman ALL4',MID-SIZE,1.5,3,AS8,Z,9.8,7.1,8.6,33,200
FORD,'EXPEDITION 4X4','SUV - STANDARD',3.5,6,AS6,X,15.9,12,14.2,20,333
GMC,'SIERRA 4WD FFV','PICKUP TRUCK - STANDARD',5.3,8,A6,X,15,10.7,13.1,22,306
MAZDA,'CX-5 4WD','SUV - SMALL',2,4,AS6,X,9.3,7.6,8.5,33,196
FORD,'F-150 FFV 4X4','PICKUP TRUCK - STANDARD',3.5,6,A6,E,18.9,14.2,16.8,17,269
GENESIS,'G70 AWD',COMPACT,2,4,AS8,Z,11.5,8.7,10.3,27,241
GMC,'SIERRA FFV','PICKUP TRUCK - STANDARD',5.3,8,A6,X,14.6,10.4,12.7,22,298
GMC,Terrain,'SUV - SMALL',1.5,4,A9,X,9.2,7.8,8.6,33,202
VOLKSWAGEN,JETTA,COMPACT,1.4,4,AS6,X,8.5,6,7.3,39,173
TOYOTA,Corolla,MID-SIZE,1.8,4,M6,X,8.5,6.6,7.6,37,178
FORD,'F-150 FFV 4X4','PICKUP TRUCK - STANDARD',5,8,A6,E,22.4,17,20,14,320
MERCEDES-BENZ,'AMG SLC 43',TWO-SEATER,3,6,A9,Z,11.6,8.2,10.1,28,236
VOLVO,'S60 T5 ',COMPACT,2,4,AS8,X,9.8,6.6,8.4,34,193
ROLLS-ROYCE,'PHANTOM COUPE',COMPACT,6.7,12,AS8,Z,20.9,12.7,17.2,16,396
GMC,'ACADIA AWD','SUV - STANDARD',3.6,6,A6,X,16.1,10.8,13.7,21,323
HYUNDAI,'VELOSTER TURBO',COMPACT,1.6,4,M6,X,9.7,7,8.5,33,196
LEXUS,'RC F',SUBCOMPACT,5,8,AS8,Z,14.4,9.6,12.2,23,285
BMW,'X1 xDRIVE28i','SUV - SMALL',2,4,A8,Z,10.6,7.2,9.1,31,209
MINI,'John Cooper Works Countryman ALL4',MID-SIZE,2,4,AS8,Z,10,7.8,9,31,210
BMW,'M6 CABRIOLET',SUBCOMPACT,4.4,8,M6,Z,16.1,10.9,13.7,21,321
MINI,'COOPER S 5 DOOR',SUBCOMPACT,2,4,M6,Z,10.2,7.3,8.9,32,210
LINCOLN,'MKZ AWD',MID-SIZE,3,6,AS6,X,14,9.2,11.8,24,278
GMC,'YUKON XL 4WD','SUV - STANDARD',6.2,8,A8,Z,16.4,11.7,14.3,20,334
CHEVROLET,Tahoe,'SUV - STANDARD',5.3,8,A6,X,15.7,10.5,13.4,21,314
CHEVROLET,'Silverado 4WD LT Trail Boss','PICKUP TRUCK - STANDARD',5.3,8,A10,X,14.7,11.2,13.1,22,307
DODGE,'GRAND CARAVAN FFV',MINIVAN,3.6,6,A6,X,13.7,9.4,11.8,24,276
GMC,SIERRA,'PICKUP TRUCK - STANDARD',6.2,8,A8,Z,15.9,11.2,13.8,20,323
LAMBORGHINI,'AVENTADOR ROADSTER',TWO-SEATER,6.5,12,AM7,Z,23.6,14.1,19.3,15,452
PORSCHE,'BOXSTER GTS',TWO-SEATER,3.4,6,AM7,Z,10.9,7.7,9.5,30,222
NISSAN,'PATHFINDER 4WD','SUV - SMALL',3.5,6,AV,X,12.1,8.9,10.7,26,251
PORSCHE,CAYMAN,TWO-SEATER,2,4,M6,Z,11,8.3,9.8,29,229
GMC,'Sierra 4WD','PICKUP TRUCK - STANDARD',4.3,6,A6,X,15.8,11.9,14,20,329
KIA,'SEDONA SXL',MINIVAN,3.3,6,AS6,X,14.2,10.5,12.5,23,288
PORSCHE,'911 Carrera 4 GTS',MINICOMPACT,3,6,M7,Z,12.8,8.9,11,26,257
KIA,'Sorento AWD','SUV - SMALL',3.3,6,AS8,X,12.3,9.5,11.1,25,261
MITSUBISHI,'OUTLANDER 4WD','SUV - SMALL',3,6,AS6,Z,11.5,8.5,10.2,28,235
CHEVROLET,'Silverado 4WD','PICKUP TRUCK - STANDARD',5.3,8,A8,X,14.7,10.7,12.9,22,303
HYUNDAI,ELANTRA,MID-SIZE,1.8,4,M6,X,8.8,6.4,7.7,37,177
MERCEDES-BENZ,'B 250','STATION WAGON - SMALL',2,4,AS7,Z,9.2,6.6,8,35,184
CHEVROLET,'CRUZE DIESEL',COMPACT,1.6,4,M6,D,7.8,4.6,6.3,45,170
HYUNDAI,Elantra,MID-SIZE,1.6,4,AM7,X,8.9,7,8.1,35,192
GMC,'SIERRA 4WD FFV','PICKUP TRUCK - STANDARD',5.3,8,A6,X,15,10.7,13.1,22,306
MERCEDES-BENZ,'E 300 4MATIC',MID-SIZE,3.5,6,AS7,Z,11.9,8.2,10.2,28,235
HONDA,Accord,FULL-SIZE,1.5,4,AV,X,7.9,6.3,7.2,39,168
HYUNDAI,ELANTRA,MID-SIZE,2,4,M6,X,9.8,7,8.5,33,196
MERCEDES-BENZ,'C 300 4MATIC',COMPACT,2,4,AS7,Z,10.1,7.8,9,31,207
'LAND ROVER','RANGE ROVER EVOQUE CONVERTIBLE','SUV - SMALL',2,4,AS9,Z,11.2,8.2,9.8,29,231
LEXUS,'RX 450h AWD','SUV - SMALL',3.5,6,AV6,Z,8,8.5,8.2,34,189
DODGE,'Challenger Widebody (MDS)',MID-SIZE,6.4,8,M6,Z,16.7,10.4,13.9,20,325
HYUNDAI,'SONATA HYBRID SE',MID-SIZE,2,4,AS6,X,6,5.3,5.7,50,137
CADILLAC,'XT4 AWD','SUV - SMALL',2,4,AS9,Z,10.9,8.2,9.7,29,227
JAGUAR,'XE 35t AWD',COMPACT,3,6,AS8,Z,11.8,8.2,10.2,28,238
LEXUS,'RC 350 AWD',SUBCOMPACT,3.5,6,AS6,Z,13.1,9.8,11.2,25,262
BENTLEY,'CONTINENTAL GT CONVERTIBLE',SUBCOMPACT,4,8,AS8,Z,17.7,10.3,14.4,20,337
BMW,'328i xDRIVE TOURING','STATION WAGON - SMALL',2,4,AS8,Z,10.5,6.9,8.9,32,209
MASERATI,'GHIBLI AWD',MID-SIZE,3,6,AS8,Z,15.2,9.6,12.7,22,292
SUBARU,'FORESTER AWD','SUV - SMALL',2.5,4,M6,X,10.9,8.3,9.7,29,228
NISSAN,'370Z ROADSTER',TWO-SEATER,3.7,6,M6,Z,13.5,9.6,11.7,24,269
BMW,'650i xDRIVE COUPE',COMPACT,4.4,8,AS8,Z,14.4,9.6,12.3,23,288
MITSUBISHI,LANCER,COMPACT,2.4,4,M5,X,10.5,7.7,9.2,31,217
MERCEDES-BENZ,'B 250','STATION WAGON - SMALL',2,4,AS7,Z,9.2,6.6,8,35,184
FIAT,500L,'STATION WAGON - SMALL',1.4,4,A6,X,10.7,7.9,9.4,30,221
MERCEDES-BENZ,'E 400 4MATIC WAGON','STATION WAGON - MID-SIZE',3,6,AS7,Z,12.4,8.9,10.8,26,253
FORD,'F-150 FFV 4X4','PICKUP TRUCK - STANDARD',5,8,AS10,E,20,15.6,18,16,300
FORD,'Expedition 4X4','SUV - STANDARD',3.5,6,AS10,X,14.1,10.6,12.5,23,293
BMW,'440i Coupe',COMPACT,3,6,AS8,Z,11.2,7.3,9.4,30,227
MITSUBISHI,'OUTLANDER 4WD','SUV - SMALL',3,6,AS6,Z,11.5,8.4,10.1,28,232
INFINITI,'QX70 AWD','SUV - SMALL',5,8,AS7,Z,16.6,11.9,14.5,19,334
LEXUS,'GX 460','SUV - STANDARD',4.6,8,AS6,Z,15.7,11.8,13.9,20,320
AUDI,'A3 TDI (modified)',SUBCOMPACT,2,4,AM6,D,7.6,5.5,6.5,43,177
NISSAN,'JUKE AWD','STATION WAGON - SMALL',1.6,4,AV7,Z,8.8,7.5,8.2,34,194
CHEVROLET,'SONIC 5 RS','STATION WAGON - SMALL',1.4,4,M6,X,8.9,7,8,35,189
NISSAN,ALTIMA,MID-SIZE,2.5,4,AV,X,8.7,6.3,7.6,37,179
TOYOTA,HIGHLANDER,'SUV - SMALL',3.5,6,AS6,X,12.5,9.3,11.1,25,260
HYUNDAI,'Sonata Hybrid',FULL-SIZE,2,4,AM6,X,5.3,4.6,5,56,117
MERCEDES-BENZ,'AMG S 65',FULL-SIZE,6,12,AS7,Z,18.5,11.8,15.5,18,361
GMC,'YUKON XL FFV','SUV - STANDARD',5.3,8,A6,X,15.1,10.4,13,22,305
AUDI,'A7 quattro',MID-SIZE,3,6,AM7,Z,10.9,8.2,9.7,29,226
DODGE,'GRAND CARAVAN FFV',MINIVAN,3.6,6,A6,X,13.7,9.4,11.8,24,271
PORSCHE,'911 CARRERA CABRIOLET',MINICOMPACT,3,6,M7,Z,12,8.2,10.3,27,241
GMC,'TERRAIN FFV','SUV - SMALL',2.4,4,A6,E,15.6,10.8,13.4,21,221
AUDI,'A7 QUATTRO',MID-SIZE,3,6,AS8,Z,11.5,8.2,10,28,235
VOLKSWAGEN,BEETLE,COMPACT,1.8,4,AS6,X,9.6,7.2,8.5,33,196
TOYOTA,'COROLLA LE ECO (1-mode)',MID-SIZE,1.8,4,AV,X,7.8,5.9,6.9,41,163
TOYOTA,'TUNDRA 4WD','PICKUP TRUCK - STANDARD',5.7,8,AS6,X,18.2,14.1,16.3,17,380
MITSUBISHI,RVR,'SUV - SMALL',2,4,M5,X,10.3,8.2,9.3,30,216
BENTLEY,MULSANNE,MID-SIZE,6.8,8,AS8,Z,20.9,13,17.3,16,405
LINCOLN,'MKZ AWD',MID-SIZE,3.7,6,AS6,X,13.1,9.2,11.3,25,260
HYUNDAI,ELANTRA,MID-SIZE,1.8,4,M6,X,8.8,6.4,7.7,37,177
CHEVROLET,Camaro,SUBCOMPACT,2,4,M6,Z,11.9,7.9,10.1,28,235
TOYOTA,C-HR,COMPACT,2,4,AS7,X,8.7,7.5,8.2,34,189
BMW,M5,MID-SIZE,4.4,8,AS8,Z,16,11.2,13.9,20,324
DODGE,'CHARGER AWD',FULL-SIZE,5.7,8,A5,X,16,10.1,13.3,21,312
MINI,'COOPER 5 DOOR',SUBCOMPACT,1.5,3,AS6,Z,8.5,6.3,7.5,38,172
FORD,'F-150 4X4 (LT Tire Pkg)','PICKUP TRUCK - STANDARD',3,6,AS10,D,11.8,9.3,10.7,26,287
RAM,'1500 4X4 (MDS)','PICKUP TRUCK - STANDARD',5.7,8,A6,X,17.7,12.7,15.4,18,362
PORSCHE,'911 CARRERA 4S CABRIOLET',MINICOMPACT,3,6,M7,Z,12.2,8.5,10.5,27,246
CADILLAC,CTS,MID-SIZE,2,4,AS6,Z,11.5,7.9,9.9,29,228
BUICK,REGAL,MID-SIZE,2,4,AS6,Z,11.4,7.9,9.8,29,231
NISSAN,ALTIMA,MID-SIZE,2.5,4,AV,X,8.7,6.3,7.6,37,179
BMW,'330i xDRIVE GRAN TURISMO',FULL-SIZE,2,4,AS8,Z,10.5,7.4,9.1,31,213
RAM,'1500 FFV','PICKUP TRUCK - STANDARD',3.6,6,A8,E,19.7,13.8,17,17,283
PORSCHE,'CAYENNE TURBO','SUV - STANDARD',4.8,8,A8,Z,16.7,11.2,14.2,20,334
BMW,'328i xDRIVE TOURING','STATION WAGON - SMALL',2,4,AS8,Z,10.5,6.9,8.9,32,209
CHEVROLET,'MALIBU LIMITED',MID-SIZE,2.5,4,AS6,X,10,7,8.6,33,202
RAM,'1500 4X4 FFV','PICKUP TRUCK - STANDARD',3.6,6,A8,E,20.7,14.7,18,16,300
BMW,'440i COUPE',COMPACT,3,6,AS8,Z,9.2,6.2,7.8,36,183
GMC,'CANYON 4WD','PICKUP TRUCK - SMALL',2.8,4,A6,D,12,8.2,10.3,27,277
TOYOTA,Corolla,MID-SIZE,1.8,4,AV,X,8.3,6.5,7.5,38,174
PORSCHE,'911 Carrera S Cabriolet',MINICOMPACT,3,6,AM8,Z,12.7,10.2,11.6,24,272
AUDI,Q7,'SUV - STANDARD',2,4,AS8,Z,12.2,9.5,11,26,258
INFINITI,'Q70 AWD',MID-SIZE,3.7,6,AS7,Z,13.2,9.6,11.6,24,267
JEEP,'RENEGADE 4X4','SUV - SMALL',2.4,4,A9,X,11.2,8.2,9.8,29,230
PORSCHE,'Cayman GTS',TWO-SEATER,2.5,4,M6,Z,12.3,9.4,11,26,257
CHEVROLET,MALIBU,MID-SIZE,2,4,AS8,Z,10.6,7.1,9,31,211
LINCOLN,'MKZ AWD',MID-SIZE,3,6,AS6,X,14,9.2,11.8,24,278
TOYOTA,'TUNDRA 4WD','PICKUP TRUCK - STANDARD',4.6,8,AS6,X,16.8,12.6,14.9,19,349
BMW,'X4 M40i','SUV - SMALL',3,6,AS8,Z,11.3,8.7,10.1,28,235
GMC,'Sierra 4WD FFV','PICKUP TRUCK - STANDARD',5.3,8,A6,E,22,16.1,19.4,15,323
FORD,'TRANSIT CONNECT TAXI','SPECIAL PURPOSE VEHICLE',1.6,4,AS6,X,11.5,8.3,10.1,28,232
PORSCHE,'911 GT3 Touring',TWO-SEATER,4,6,M6,Z,16.4,11.2,14.1,20,334
LAMBORGHINI,'Aventador Coupe',TWO-SEATER,6.5,12,AM7,Z,26.2,15.5,21.4,13,485
VOLKSWAGEN,'Golf SportWagen 4MOTION','STATION WAGON - SMALL',1.8,4,AM6,X,10.8,8.1,9.6,29,224
GENESIS,'G70 AWD',COMPACT,2,4,AS8,Z,11.5,8.7,10.3,27,241
PORSCHE,'Panamera 4 ST',FULL-SIZE,3,6,AM8,Z,12.2,8.9,10.7,26,250
FORD,ESCAPE,'SUV - SMALL',2.5,4,AS6,X,10.9,7.6,9.4,30,220
DODGE,Challenger,MID-SIZE,3.6,6,A8,X,12.4,7.8,10.3,27,242
AUDI,'A3 QUATTRO',SUBCOMPACT,2,4,AM6,X,9.7,7.5,8.7,32,205
BMW,'440i xDRIVE COUPE',COMPACT,3,6,M6,Z,12.2,8.4,10.5,27,245
RAM,'ProMaster City','SPECIAL PURPOSE VEHICLE',2.4,4,A9,X,11.2,8.3,9.9,29,232
PORSCHE,'Cayenne S','SUV - STANDARD',2.9,6,AS8,Z,12.9,10.4,11.8,24,275
'LAND ROVER',LR2,'SUV - SMALL',2,4,AS6,Z,13.5,9.9,11.9,24,274
NISSAN,'NV200 CARGO VAN','SPECIAL PURPOSE VEHICLE',2,4,AV,X,10,8.5,9.3,30,214
JEEP,'RENEGADE FFV','SUV - SMALL',2.4,4,A9,E,14.2,9.9,12.2,23,195
SUBARU,WRX,COMPACT,2.5,4,M6,Z,13.8,10.2,12.2,23,285
HYUNDAI,'Elantra GT',FULL-SIZE,2,4,AS6,X,9.4,7.1,8.4,34,200
MERCEDES-BENZ,'E 300 4MATIC',MID-SIZE,3.5,6,AS7,Z,11.9,8.2,10.2,28,235
JAGUAR,'XJ R-SPORT AWD',FULL-SIZE,3,6,AS8,Z,14,9,11.8,24,276
CHEVROLET,'SONIC 5','STATION WAGON - SMALL',1.8,4,AS6,X,9.6,6.7,8.3,34,195
VOLKSWAGEN,'JETTA HYBRID',COMPACT,1.4,4,AM7,Z,5.6,4.9,5.3,53,122
AUDI,'A7 QUATTRO',MID-SIZE,3,6,AS8,Z,11.5,8.2,10,28,235
AUDI,'S5 CABRIOLET QUATTRO',SUBCOMPACT,3,6,AM7,Z,13.3,9.1,11.4,25,266
CHEVROLET,SILVERADO,'PICKUP TRUCK - STANDARD',6.2,8,A8,Z,16.1,11.4,14,20,322
LEXUS,'GS 350 AWD',MID-SIZE,3.5,6,AS6,Z,12.5,9.1,11,26,253
HONDA,'ACCORD SEDAN',MID-SIZE,3.5,6,A6,X,11.4,7.2,9.5,30,223
FORD,FOCUS,COMPACT,1,3,AS6,X,8.5,5.9,7.3,39,171
MASERATI,'QUATTROPORTE S',FULL-SIZE,3,6,AS8,Z,14.9,10.3,13.1,22,300
FORD,MUSTANG,SUBCOMPACT,3.7,6,M6,X,13.5,8.3,11.2,25,258
PORSCHE,'PANAMERA TURBO S',FULL-SIZE,4.8,8,AM7,Z,15.3,9.7,12.8,22,294
DODGE,'JOURNEY FFV','SUV - SMALL',3.6,6,A6,E,19.1,13.2,16.4,17,274
MINI,'Cooper S 3 Door',SUBCOMPACT,2,4,M6,Z,10.2,7.4,9,31,210
INFINITI,Q70,MID-SIZE,3.7,6,AS7,Z,12.8,8.9,11,26,253
JEEP,'Wrangler JL Unlimited 4X4','SUV - SMALL',3.6,6,A8,X,12.9,10.2,11.7,24,275
RAM,'1500 4X4 eTorque','PICKUP TRUCK - STANDARD',5.7,8,A8,X,14.2,10.9,12.8,22,299
HONDA,'CIVIC SEDAN',MID-SIZE,2,4,AV,X,7.8,5.8,6.9,41,162
AUDI,'A5 QUATTRO',SUBCOMPACT,2,4,AS8,Z,11.5,8.1,10,28,230
MERCEDES-BENZ,'E 400 COUPE',SUBCOMPACT,3,6,AS7,Z,11.8,8.4,10.2,28,239
'LAND ROVER',LR4,'SUV - STANDARD',3,6,AS8,Z,16.2,12.1,14.3,20,336
FORD,'F-150 (LT Tire Pkg)','PICKUP TRUCK - STANDARD',2.7,6,AS6,X,12.4,9.8,11.2,25,263
VOLVO,'V60 CC T5 AWD','STATION WAGON - SMALL',2,4,AS8,Z,10.8,7.6,9.3,30,218
'ASTON MARTIN','VANTAGE GT',TWO-SEATER,4.7,8,AM7,Z,17.4,11.3,14.7,19,343
JAGUAR,'XJ SUPERCHARGED',FULL-SIZE,5,8,AS8,Z,15.8,10.2,13.3,21,306
PORSCHE,'911 CARRERA 4 GTS',MINICOMPACT,3.8,6,AM7,Z,12.6,9.2,11.1,25,255
KIA,NIRO,'STATION WAGON - SMALL',1.6,4,AM6,X,4.6,5.1,4.8,59,114
PORSCHE,'911 CARRERA CABRIOLET',MINICOMPACT,3,6,M7,Z,12,8.2,10.3,27,241
MAZDA,MAZDA5,MINIVAN,2.5,4,AS5,X,10.8,8.2,9.6,29,226
BENTLEY,'CONTINENTAL GT CONVERTIBLE',SUBCOMPACT,4,8,AS8,Z,17.7,10.3,14.4,20,337
HONDA,'CIVIC HATCHBACK',FULL-SIZE,1.5,4,M6,X,8,6.2,7.2,39,167
FORD,'F-150 FFV (Payload Pkg)','PICKUP TRUCK - STANDARD',5,8,AS10,E,19.9,15.8,18,16,300
CADILLAC,CTS-V,MID-SIZE,6.2,8,AS8,Z,16.6,11.1,14.1,20,332
PORSCHE,'BOXSTER S',TWO-SEATER,2.5,4,M6,Z,12.1,9,10.7,26,249
PORSCHE,'911 CARRERA 4S CABRIOLET',MINICOMPACT,3.8,6,M7,Z,12.9,9.1,11.2,25,258
BUICK,'Envision AWD','SUV - SMALL',2,4,A9,Z,11.7,9.4,10.7,26,250
DODGE,'CHALLENGER SRT (MDS)',MID-SIZE,6.4,8,A8,Z,15.6,9.6,12.9,22,302
DODGE,'JOURNEY FFV','SUV - SMALL',3.6,6,A6,X,14.2,9.4,12.1,23,283
MAZDA,'CX-5 (Cylinder Deactivation)','SUV - SMALL',2.5,4,AS6,X,9.3,7.6,8.5,33,201
HYUNDAI,VELOSTER,COMPACT,1.6,4,AM6,X,8.3,6.5,7.5,38,177
AUDI,'TTS Coupe',SUBCOMPACT,2,4,AM7,Z,10.4,8.2,9.4,30,220
RAM,'1500 4X4 (MDS)','PICKUP TRUCK - STANDARD',5.7,8,A6,X,17.7,12.7,15.4,18,362
GMC,'SAVANA 2500 PASSENGER','VAN - PASSENGER',4.8,8,A6,X,21,14.2,18,16,414
PORSCHE,'Panamera GTS ST',FULL-SIZE,4,8,AM8,Z,15.7,10.5,13.4,21,313
TOYOTA,TUNDRA,'PICKUP TRUCK - STANDARD',5.7,8,AS6,X,17.2,12.9,15.3,18,358
FORD,'Transit Connect Van','SPECIAL PURPOSE VEHICLE',2,4,AS8,X,9.8,8.8,9.3,30,219
HYUNDAI,'SANTA FE','SUV - SMALL',3.3,6,AS6,X,12.9,9.4,11.3,25,265
MERCEDES-BENZ,'E 400 COUPE',SUBCOMPACT,3,6,AS7,Z,11.8,8.4,10.2,28,239
BUICK,'Regal AWD',MID-SIZE,3.6,6,AS9,X,12.4,8.7,10.7,26,251
BUICK,'LACROSSE AWD',MID-SIZE,3.6,6,AS8,X,11.6,8.1,10,28,235
DODGE,'CHALLENGER SRT HELLCAT',MID-SIZE,6.2,8,M6,Z,18.1,11.4,15.1,19,352
HONDA,'HR-V AWD','STATION WAGON - SMALL',1.8,4,AV,X,8.9,7.5,8.2,34,194
VOLKSWAGEN,'GOLF R',COMPACT,2,4,M6,Z,11.1,8.1,9.8,29,227
HONDA,'CIVIC HATCHBACK',FULL-SIZE,1.5,4,AV,X,7.7,6,6.9,41,162
MAZDA,MX-5,TWO-SEATER,2,4,AS6,Z,9.1,6.8,8,35,188
LEXUS,'LS 600h L',MID-SIZE,5,8,AV8,Z,12.7,10.1,11.5,25,268
GENESIS,'G70 AWD',COMPACT,2,4,AS8,Z,11.4,8.6,10.2,28,238
BMW,'M4 CABRIOLET',SUBCOMPACT,3,6,M6,Z,13.7,9.1,11.7,24,273
LINCOLN,'Continental AWD',FULL-SIZE,3.7,6,AS6,X,14.3,9.7,12.2,23,287
TOYOTA,'SIENNA AWD',MINIVAN,3.5,6,AS6,X,14.4,10.2,12.5,23,288
BMW,'328i xDRIVE TOURING','STATION WAGON - SMALL',2,4,A8,Z,10.6,7.2,9.1,31,209
LEXUS,'GS 450h',MID-SIZE,3.5,6,AV8,Z,8.1,6.9,7.6,37,177
'LAND ROVER','Discovery Sport P290','SUV - SMALL',2,4,AS9,Z,12.3,9.8,11.1,25,262
GENESIS,'G90 AWD',FULL-SIZE,3.3,6,AS8,Z,13.6,9.5,11.8,24,280
PORSCHE,'911 Carrera 4S',MINICOMPACT,3,6,AM7,Z,11.1,8.5,9.9,29,232
CHEVROLET,'Camaro SS',SUBCOMPACT,6.2,8,M6,Z,14.9,9.9,12.6,22,297
AUDI,'A5 CABRIOLET QUATTRO',SUBCOMPACT,2,4,AS8,Z,11.3,8,9.8,29,230
HYUNDAI,'VELOSTER TURBO',COMPACT,1.6,4,M6,X,9.7,7.1,8.5,33,196
VOLVO,'XC90 AWD','SUV - STANDARD',3.2,6,AS6,X,14.9,10.2,12.8,22,294
TOYOTA,'RAV4 HYBRID AWD','SUV - SMALL',2.5,4,AV6,X,6.9,7.6,7.2,39,169
MINI,'COOPER CONVERTIBLE',MINICOMPACT,1.5,3,M6,Z,8.4,6.3,7.4,38,174
MERCEDES-BENZ,'AMG GT ROADSTER',TWO-SEATER,4,8,AM7,Z,14.7,11,13,22,304
CHEVROLET,'COLORADO 4WD','PICKUP TRUCK - SMALL',2.8,4,A6,D,12,8.2,10.3,27,277
LINCOLN,'Continental AWD',FULL-SIZE,3.7,6,AS6,X,14.3,9.7,12.2,23,287
KIA,'SORENTO AWD','SUV - SMALL',2,4,AS6,X,12.3,9.4,11,26,259
TOYOTA,Corolla,MID-SIZE,1.8,4,M6,X,8.5,6.6,7.6,37,178
FORD,'EXPLORER FFV AWD','SUV - STANDARD',3.5,6,AS6,E,19.7,14.3,17.3,16,288
CHEVROLET,'SILVERADO FFV','PICKUP TRUCK - STANDARD',5.3,8,A6,X,14.6,10.3,12.7,22,298
JEEP,CHEROKEE,'SUV - SMALL',2.4,4,A9,X,10.9,7.7,9.5,30,218
MINI,'Cooper 5 Door',SUBCOMPACT,1.5,3,AS6,Z,8.8,6.8,7.9,36,184
AUDI,'A3 QUATTRO',SUBCOMPACT,2,4,AM6,X,9.7,7.5,8.7,32,205
BMW,'X2 xDrive28i','SUV - SMALL',2,4,AS8,Z,11,7.7,9.5,30,222
GMC,Canyon,'PICKUP TRUCK - SMALL',2.5,4,M6,X,11.9,9.2,10.7,26,251
SUBARU,'OUTBACK AWD','SUV - SMALL',2.5,4,AV6,X,9.4,7.3,8.4,34,198
LINCOLN,'MKT LIVERY AWD','SPECIAL PURPOSE VEHICLE',3.7,6,A6,X,14,9.9,12.2,23,281
CHEVROLET,TRAVERSE,'SUV - STANDARD',2,4,A9,Z,11.7,9,10.5,27,246
JAGUAR,'F-TYPE CONVERTIBLE',TWO-SEATER,3,6,M6,Z,14.9,9.8,12.6,22,296
MERCEDES-BENZ,'E 550 4MATIC',MID-SIZE,4.7,8,AS7,Z,12.9,9.6,11.4,25,270
CHEVROLET,CRUZE,MID-SIZE,1.8,4,AS6,X,10.5,6.8,8.8,32,202
MERCEDES-BENZ,'METRIS CARGO','SPECIAL PURPOSE VEHICLE',2,4,AS7,Z,11.1,9.1,10.2,28,240
JAGUAR,'E-PACE P250','SUV - SMALL',2,4,AS9,Z,11,8.4,9.8,29,231
FORD,'ESCAPE AWD','SUV - SMALL',2,4,AS6,X,11.4,8.4,10,28,236
HONDA,'Civic Coupe',COMPACT,1.5,4,AV7,X,7.8,6.4,7.2,39,167
MERCEDES-BENZ,'CLS 400 4MATIC',COMPACT,3,6,AS7,Z,12.1,8.5,10.5,27,242
INFINITI,'Q50 HYBRID AWD',COMPACT,3.5,6,AS7,Z,9.1,7.7,8.5,33,200
VOLVO,'V60 T5 AWD','STATION WAGON - SMALL',2,4,AS8,X,11,8.1,9.7,29,226
AUDI,'A6 quattro',MID-SIZE,3,6,AM7,Z,10.7,8.2,9.6,29,224
AUDI,'TT ROADSTER QUATTRO',TWO-SEATER,2,4,AM6,X,10.1,7.8,9.1,31,209
BMW,M3,COMPACT,3,6,M6,Z,13.7,9,11.6,24,271
AUDI,'TTS Coupe',SUBCOMPACT,2,4,AM7,Z,10.4,8.2,9.4,30,220
RAM,'1500 Classic','PICKUP TRUCK - STANDARD',5.7,8,A8,X,15.7,11,13.6,21,319
VOLVO,'S90 T5 AWD',MID-SIZE,2,4,AS8,Z,10.6,7.4,9.2,31,215
CHEVROLET,MALIBU,MID-SIZE,2,4,AS8,Z,10.6,7.1,9,31,211
MINI,'Cooper Countryman ALL4',MID-SIZE,1.5,3,AS8,Z,9.8,7.1,8.6,33,200
JAGUAR,'F-TYPE S COUPE',TWO-SEATER,3,6,AS8,Z,12.4,8.8,10.8,26,253
BUICK,'LACROSSE AWD',MID-SIZE,3.6,6,AS8,X,11.6,8.1,10,28,235
AUDI,'A3 CABRIOLET QUATTRO',SUBCOMPACT,2,4,AM6,X,10.8,8,9.5,30,223
CADILLAC,CTS-V,MID-SIZE,6.2,8,AS8,Z,16.6,11.1,14.1,20,332
MERCEDES-BENZ,'CL 550 4MATIC',COMPACT,4.7,8,AS7,Z,15.4,10.4,13.2,21,304
PORSCHE,'BOXSTER GTS',TWO-SEATER,3.4,6,AM7,Z,10.9,7.7,9.5,30,222
BMW,'X4 M40i','SUV - SMALL',3,6,AS8,Z,12.7,9.1,11.1,25,260
MAZDA,'Mazda3 5-Door 4WD',MID-SIZE,2.5,4,AS6,X,9.8,7.4,8.7,32,204
GMC,'YUKON XL 4WD','SUV - STANDARD',5.3,8,A6,X,15.3,10.9,13.3,21,313
CHEVROLET,'EXPRESS 2500 PASSENGER FFV','VAN - PASSENGER',6,8,A6,E,30.3,20.5,25.9,11,414
CADILLAC,'CTS SEDAN Vsport',MID-SIZE,3.6,6,AS8,Z,15.1,9.9,12.8,22,294
AUDI,'A4 QUATTRO',COMPACT,2,4,AS8,Z,11,7.8,9.6,29,221
BUICK,'REGAL eASSIST',MID-SIZE,2.4,4,AS6,X,9.6,6.5,8.2,34,193
ROLLS-ROYCE,GHOST,FULL-SIZE,6.6,12,A8,Z,19.1,12.3,16,18,368
GMC,'SIERRA FFV','PICKUP TRUCK - STANDARD',4.3,6,A6,E,19.3,14.3,17.1,17,284
NISSAN,'NV200 Cargo Van','SPECIAL PURPOSE VEHICLE',2,4,AV,X,9.8,8.8,9.3,30,218
MITSUBISHI,MIRAGE,COMPACT,1.2,3,AV,X,6.4,5.5,6,47,141
GMC,Canyon,'PICKUP TRUCK - SMALL',2.5,4,M6,X,11.9,9.2,10.7,26,251
CHEVROLET,'EQUINOX FFV','SUV - SMALL',2.4,4,A6,E,15.6,10.8,13.4,21,221
MERCEDES-BENZ,'AMG S 63 4MATIC',FULL-SIZE,5.5,8,AS7,Z,15.7,10.1,13.2,21,313
HYUNDAI,ELANTRA,MID-SIZE,2,4,AS6,X,9.7,6.7,8.3,34,194
AUDI,'RS 5',SUBCOMPACT,4.2,8,AM7,Z,14.9,10.1,12.8,22,294
BUICK,ENCLAVE,'SUV - STANDARD',3.6,6,A6,X,14.3,9.9,12.3,23,283
HYUNDAI,'VELOSTER TURBO',COMPACT,1.6,4,M6,X,9.7,7.1,8.5,33,196
TOYOTA,'RAV4 LIMITED AWD','SUV - SMALL',2.5,4,AS6,X,10.6,8.2,9.5,30,218
FORD,'EDGE AWD','SUV - SMALL',2,4,AS6,X,11.8,8.4,10.3,27,240
GMC,'YUKON 4WD','SUV - STANDARD',5.3,8,A6,X,15.2,10.8,13.2,21,310
ACURA,'RDX AWD','SUV - SMALL',3.5,6,AS6,Z,12.4,8.7,10.7,26,250
INFINITI,'QX60 AWD','SUV - SMALL',3.5,6,AV7,Z,12.5,9,10.9,26,257
LEXUS,'GS 350 AWD',MID-SIZE,3.5,6,AS6,Z,12.3,9.1,10.9,26,254
CHEVROLET,'Camaro SS',SUBCOMPACT,6.2,8,M6,Z,14.9,9.9,12.6,22,296
VOLKSWAGEN,GOLF,COMPACT,1.8,4,AS6,X,9.3,6.5,8.1,35,186
VOLVO,'S60 T6 AWD',COMPACT,2,4,AS8,Z,11.1,7.3,9.4,30,218
HYUNDAI,'Tucson AWD','SUV - SMALL',2,4,AS6,X,10.8,9.2,10.1,28,239
KIA,'FORTE KOUP',COMPACT,2,4,AS6,X,9.6,7.3,8.6,33,203
CHEVROLET,Camaro,SUBCOMPACT,2,4,AS8,Z,10.8,7.7,9.4,30,220
CHEVROLET,'TAHOE 4WD FFV','SUV - STANDARD',5.3,8,A6,E,20.8,14.5,18,16,299
SCION,FR-S,MINICOMPACT,2,4,M6,Z,10.9,7.9,9.6,29,224
CHRYSLER,'200 SEDAN FFV',MID-SIZE,3.6,6,A6,X,12.5,8.1,10.5,27,242
JEEP,COMPASS,'SUV - SMALL',2,4,A6,X,11.1,8.3,9.8,29,225
JAGUAR,'F-TYPE COUPE',TWO-SEATER,3,6,AS8,Z,11.9,8.5,10.4,27,242
'LAND ROVER',LR2,'SUV - SMALL',2,4,AS6,Z,13.5,9.9,11.9,24,274
SUBARU,BRZ,MINICOMPACT,2,4,AS6,Z,9.7,7.2,8.6,33,200
CHEVROLET,SILVERADO,'PICKUP TRUCK - STANDARD',6.2,8,A8,Z,16.1,11.4,14,20,322
'LAND ROVER',LR4,'SUV - STANDARD',3,6,AS8,Z,16.2,12.1,14.3,20,336
CHEVROLET,'CAMARO SS',COMPACT,6.2,8,M6,Z,15,9.9,12.7,22,292
SUBARU,'FORESTER AWD','SUV - SMALL',2.5,4,M6,X,10.6,8.4,9.6,29,221
LAMBORGHINI,'Huracan Coupe',TWO-SEATER,5.2,10,AM7,Z,18,12.9,15.7,18,370
PORSCHE,'911 CARRERA S',MINICOMPACT,3.8,6,AM7,Z,12.1,8.7,10.6,27,244
GMC,'Sierra WT 4WD','PICKUP TRUCK - STANDARD',2.7,4,A8,X,12.7,11,12,24,280
'LAND ROVER','RANGE ROVER EVOQUE CONVERTIBLE','SUV - SMALL',2,4,AS9,Z,11.2,8.2,9.8,29,231
CHEVROLET,'IMPALA FFV',FULL-SIZE,3.6,6,AS6,X,12.7,8.5,10.8,26,254
'ALFA ROMEO','Giulia Quadrifoglio',MID-SIZE,2.9,6,A8,Z,13.5,9.3,11.6,24,271
HONDA,'CR-V AWD','SUV - SMALL',2.4,4,AV,X,9.5,7.5,8.6,33,202
BMW,'340i xDRIVE',COMPACT,3,6,M6,Z,12.2,8.5,10.5,27,246
SUBARU,'FORESTER AWD','SUV - SMALL',2.5,4,M6,X,10.6,8.4,9.6,29,227
RAM,'1500 4X4','PICKUP TRUCK - STANDARD',3.6,6,A8,X,14.6,10.1,12.6,22,290
HONDA,CR-Z,TWO-SEATER,1.5,4,M6,X,7.6,6.1,6.9,41,159
FORD,'EXPEDITION 4X4','SUV - STANDARD',3.5,6,AS6,X,15.9,12,14.2,20,333
SCION,iQ,MINICOMPACT,1.3,4,AV,X,6.5,6.3,6.4,44,147
CHEVROLET,'SONIC 5','STATION WAGON - SMALL',1.4,4,AS6,X,9,6.8,8,35,188
MASERATI,'QUATTROPORTE S',FULL-SIZE,3,6,AS8,Z,15.2,10.2,12.9,22,300
DODGE,'CHARGER FFV',FULL-SIZE,3.6,6,A5,E,18.7,12.4,15.9,18,264
LAMBORGHINI,'GALLARDO COUPE',TWO-SEATER,5.2,10,A6,Z,18,12.8,15.7,18,361
CHEVROLET,'SUBURBAN 4WD FFV','SUV - STANDARD',5.3,8,A6,X,15.3,10.9,13.3,21,312
MERCEDES-BENZ,'AMG S 63 4MATIC',FULL-SIZE,5.5,8,AS7,Z,15.7,10.1,13.2,21,313
KIA,'SORENTO AWD FE','SUV - SMALL',3.3,6,AS6,X,13.2,9.3,11.4,25,270
VOLVO,'V60 T5 AWD','STATION WAGON - SMALL',2,4,AS8,X,11,8.1,9.7,29,226
AUDI,Q5,'SUV - SMALL',2,4,AS7,Z,10.4,8.6,9.6,29,226
JEEP,'CHEROKEE 4X4 ACTIVE DRIVE I','SUV - SMALL',2.4,4,A9,X,11.3,8.4,10,28,235
'LAND ROVER','Range Rover Evoque Convertible','SUV - SMALL',2,4,AS9,Z,11.2,8.2,9.8,29,231
MAZDA,'MAZDA3 4-DOOR',COMPACT,2.5,4,AS6,X,8.4,6.1,7.4,38,173
CHEVROLET,SONIC,COMPACT,1.4,4,M6,X,8.5,6.2,7.5,38,173
BMW,'M5 Sedan',MID-SIZE,4.4,8,AS8,Z,16,11,13.8,20,322
CHEVROLET,EQUINOX,'SUV - SMALL',3.6,6,A6,E,18.8,13.1,16.2,17,259
LAMBORGHINI,'Huracan Performante Coupe',TWO-SEATER,5.2,10,AM7,Z,17.9,13,15.7,18,370
MITSUBISHI,'RVR 4WD','SUV - SMALL',2.4,4,AV6,X,10.3,8.3,9.4,30,219
PORSCHE,'911 CARRERA 4S',MINICOMPACT,3,6,M7,Z,12.1,8.4,10.4,27,243
PORSCHE,'911 Carrera 4S',MINICOMPACT,3,6,AM7,Z,11.1,8.5,9.9,29,232
MITSUBISHI,'LANCER EVOLUTION',COMPACT,2,4,M5,Z,14,10.3,12.3,23,283
KIA,Soul,'STATION WAGON - SMALL',2,4,M6,X,9.6,7.6,8.7,32,206
PORSCHE,Cayenne,'SUV - STANDARD',3,6,AS8,Z,12.5,10,11.4,25,265
BMW,'X4 M40i','SUV - SMALL',3,6,AS8,Z,11.3,8.7,10.1,28,235
AUDI,'A7 quattro',MID-SIZE,3,6,AM7,Z,10.9,8.2,9.7,29,226
FORD,'TAURUS FFV',FULL-SIZE,3.5,6,AS6,X,13.1,8.7,11.1,25,260
MAZDA,'Mazda3 5-Door (SIL)',MID-SIZE,2,4,M6,X,8.7,6.6,7.8,36,181
VOLKSWAGEN,'GOLF R',COMPACT,2,4,M6,Z,11.1,8.1,9.8,29,227
MAZDA,MAZDA6,MID-SIZE,2.5,4,AS6,X,9.1,6.7,8,35,187
DODGE,'CHARGER AWD FFV',FULL-SIZE,3.6,6,A8,E,17.6,12,15,19,248
AUDI,'S8 QUATTRO',MID-SIZE,4,8,AS8,Z,15.7,9.4,12.8,22,300
BMW,'428i xDRIVE GRAN COUPE',COMPACT,2,4,AS8,Z,10.6,7.2,9.1,31,209
MINI,'COOPER ROADSTER',TWO-SEATER,1.6,4,AS6,Z,8.6,6.5,7.7,37,177
MINI,'COOPER S PACEMAN ALL4',COMPACT,1.6,4,AS6,Z,10.1,7.8,9,31,207
CHEVROLET,'EQUINOX AWD','SUV - SMALL',3.6,6,A6,X,14.8,9.9,12.6,22,290
INFINITI,Q50,MID-SIZE,3.7,6,AS7,Z,12,8.1,10.3,27,237
CHEVROLET,EQUINOX,'SUV - SMALL',1.6,4,A6,D,8.5,6,7.4,38,198
INFINITI,'Q60 COUPE',SUBCOMPACT,3.7,6,M6,Z,13.5,9.3,11.6,24,267
BUICK,LACROSSE,MID-SIZE,3.6,6,AS9,X,11.3,7.9,9.7,29,228
HONDA,FIT,'STATION WAGON - SMALL',1.5,4,M6,X,8.1,6.6,7.4,38,174
MERCEDES-BENZ,'E 350 CABRIOLET',SUBCOMPACT,3.5,6,AS7,Z,12,8.5,10.4,27,239
MERCEDES-BENZ,'SL 550',TWO-SEATER,4.7,8,A9,Z,13.5,9.3,11.6,24,270
JAGUAR,'F-TYPE COUPE',TWO-SEATER,3,6,AS8,Z,11.9,8.5,10.4,27,242
PORSCHE,'911 CARRERA 4',MINICOMPACT,3.4,6,M7,Z,12.3,8.7,10.7,26,251
'ASTON MARTIN','DB11 V12',MINICOMPACT,5.2,12,A8,Z,15.5,11.4,13.7,21,322
FORD,EXPLORER,'SUV - STANDARD',2.3,4,AS6,X,12.6,8.5,10.8,26,253
GMC,'YUKON 4WD','SUV - STANDARD',6.2,8,A10,Z,16.4,10.7,13.8,20,325
FORD,'C-MAX HYBRID',FULL-SIZE,2,4,AV,X,5.6,6.4,6,47,138
BMW,'M240i xDRIVE CABRIOLET',SUBCOMPACT,3,6,AS8,Z,11.4,7.8,9.8,29,228
MERCEDES-BENZ,'C 300 4MATIC',COMPACT,2,4,AS7,Z,10.1,7.8,9,31,212
RAM,'1500 4X4 eTorque','PICKUP TRUCK - STANDARD',5.7,8,A8,X,14.3,11.1,12.9,22,302
BMW,'X1 xDRIVE28i','SUV - SMALL',2,4,AS8,Z,10.7,7.5,9.3,30,217
SUBARU,BRZ,MINICOMPACT,2,4,AS6,Z,9.6,7.1,8.5,33,196
DODGE,'Charger SRT Hellcat',FULL-SIZE,6.2,8,A8,Z,17.6,10.7,14.5,19,339
ROLLS-ROYCE,Phantom,FULL-SIZE,6.7,12,AS8,Z,20,11.8,16.3,17,382
HONDA,'Odyssey Touring',MINIVAN,3.5,6,AS10,X,12.2,8.5,10.6,27,247
JEEP,PATRIOT,'SUV - SMALL',2,4,AV,X,10.8,9,10,28,235
MAZDA,'MAZDA3 4-DOOR',COMPACT,2.5,4,AS6,X,8.4,6.1,7.4,38,173
JAGUAR,'F-PACE 25t','SUV - SMALL',2,4,AS8,Z,10.7,8.8,9.9,29,227
TOYOTA,'Tacoma 4WD','PICKUP TRUCK - SMALL',3.5,6,AS6,X,13,10.5,11.9,24,278
DODGE,'Challenger Widebody (MDS)',MID-SIZE,6.4,8,M6,Z,16.7,10.4,13.9,20,325
JEEP,COMPASS,'SUV - SMALL',2,4,AV,X,10.8,8.9,10,28,234
PORSCHE,BOXSTER,TWO-SEATER,2,4,AM7,Z,10.5,8,9.4,30,219
FORD,ESCAPE,'SUV - SMALL',2,4,AS6,X,10.9,8,9.6,29,221
VOLVO,'V60 T5 AWD','STATION WAGON - SMALL',2,4,AS8,X,11,8.1,9.7,29,226
MINI,'JOHN COOPER WORKS COUPE',TWO-SEATER,1.6,4,AS6,Z,9.2,6.8,8.1,35,186
CHEVROLET,'Tahoe FFV','SUV - STANDARD',5.3,8,A6,E,21.2,13.9,17.9,16,298
BMW,'M4 CABRIOLET',SUBCOMPACT,3,6,M6,Z,13.7,9.1,11.7,24,273
CHEVROLET,'CAMARO SS',COMPACT,6.2,8,M6,Z,15,9.9,12.7,22,292
HONDA,'CIVIC SEDAN',MID-SIZE,2,4,AV,X,7.8,6,7,40,163
MAZDA,MAZDA6,MID-SIZE,2.5,4,AS6,X,9.1,6.7,8,35,187
VOLVO,'V60 CC T5 AWD','STATION WAGON - SMALL',2,4,AS8,X,10.8,7.8,9.4,30,220
JEEP,'CHEROKEE FFV','SUV - SMALL',2.4,4,A9,X,10.9,7.7,9.5,30,223
FORD,MUSTANG,SUBCOMPACT,5,8,AS10,X,15.1,9.3,12.5,23,291
PORSCHE,'911 TURBO S',MINICOMPACT,3.8,6,AM7,Z,13.7,9.6,11.9,24,274
HONDA,HR-V,'SUV - SMALL',1.8,4,AV7,X,8.3,6.7,7.6,37,177
'LAND ROVER',LR4,'SUV - STANDARD',3,6,AS8,Z,16.2,12.1,14.3,20,336
GMC,'YUKON FFV','SUV - STANDARD',5.3,8,A6,E,19.8,13.9,17.2,16,285
PORSCHE,'911 TURBO S',MINICOMPACT,3.8,6,AM7,Z,12.6,9.9,11.4,25,266
CHEVROLET,SONIC,COMPACT,1.8,4,AS6,X,9.7,6.9,8.4,34,197
LAMBORGHINI,HURACAN,TWO-SEATER,5.2,10,AM7,Z,16.8,11.4,14.4,20,336
CHRYSLER,'300 AWD FFV',FULL-SIZE,3.6,6,A8,E,17.6,12,15,19,248
CHEVROLET,COLORADO,'PICKUP TRUCK - SMALL',2.5,4,A6,X,12.1,9.2,10.8,26,253
MERCEDES-BENZ,'AMG GLE 63 S COUPE 4MATIC','SUV - STANDARD',5.5,8,AS7,Z,17.2,12.8,15.2,19,363
GMC,SIERRA,'PICKUP TRUCK - STANDARD',5.3,8,A6,X,14.6,10.3,12.7,22,292
AUDI,'A3 TDI (modified)',SUBCOMPACT,2,4,AM6,D,7.6,5.5,6.5,43,177
MERCEDES-BENZ,'CLA 250 4MATIC',SUBCOMPACT,2,4,AS7,Z,9.9,7.4,8.8,32,202
CHEVROLET,'IMPALA FFV',FULL-SIZE,3.6,6,AS6,X,12.5,8.2,10.6,27,248
CHEVROLET,'EXPRESS 1500 CARGO CONV AWD','VAN - CARGO',5.3,8,A4,X,18.3,14.2,16.5,17,380
FORD,'EXPLORER FFV AWD','SUV - STANDARD',3.5,6,AS6,E,18.9,13.9,16.7,17,267
CHEVROLET,EQUINOX,'SUV - SMALL',2.4,4,A6,X,10.5,7.3,9.1,31,209
TOYOTA,'SEQUOIA 4WD','SUV - STANDARD',5.7,8,AS6,X,19,13.9,16.7,17,384
KIA,'FORTE (MPI)',MID-SIZE,2,4,AS6,X,8,6.1,7.1,40,168
FORD,'FOCUS FFV',COMPACT,2,4,M5,X,9.3,6.7,8.1,35,186
AUDI,'Q5 HYBRID','SUV - SMALL',2,4,AS8,Z,9.8,7.9,8.9,32,205
FIAT,500,MINICOMPACT,1.4,4,M5,X,8.5,7.1,7.9,36,186
HYUNDAI,SONATA,FULL-SIZE,2.4,4,AS6,X,9.8,6.7,8.4,34,193
CHEVROLET,EQUINOX,'SUV - SMALL',3.6,6,A6,X,14.1,9.7,12.1,23,285
DODGE,'Durango AWD','SUV - STANDARD',3.6,6,A8,X,12.7,9.6,11.3,25,265
HYUNDAI,'SONATA SPORT/LIMITED',FULL-SIZE,2.4,4,AS6,X,10,7,8.6,33,204
LEXUS,'GX 460','SUV - STANDARD',4.6,8,AS6,Z,15.7,11.8,13.9,20,320
CHRYSLER,'200 SEDAN FFV',MID-SIZE,3.6,6,A6,X,12.5,8.1,10.5,27,242
BMW,'328d xDRIVE',COMPACT,2,4,AS8,D,7.8,5.9,7,40,184
TOYOTA,'SIENNA AWD',MINIVAN,3.5,6,AS8,X,13.4,9.6,11.7,24,274
MINI,'JOHN COOPER WORKS COUNTRYMAN ALL4',COMPACT,1.6,4,AS6,Z,10.1,7.8,9,31,207
LEXUS,'GS 350 AWD',MID-SIZE,3.5,6,AS6,Z,12.3,9.1,10.9,26,254
VOLVO,'V60 POLESTAR','STATION WAGON - SMALL',2,4,AS8,Z,11.8,8.5,10.3,27,241
JAGUAR,'F-TYPE COUPE',TWO-SEATER,3,6,AS8,Z,11.8,8.4,10.3,27,237
MERCEDES-BENZ,'C 300 4MATIC',COMPACT,2,4,AS7,Z,10.1,7.8,9,31,212
CADILLAC,SRX,'SUV - STANDARD',3.6,6,AS6,X,14.2,9.8,12.3,23,287
HYUNDAI,'GENESIS AWD',FULL-SIZE,3.8,6,AS8,X,14.4,9.4,12.1,23,285
GMC,'YUKON XL 4WD','SUV - STANDARD',5.3,8,A6,E,22.1,15.4,19.1,15,306
CADILLAC,SRX,'SUV - STANDARD',3.6,6,AS6,X,14.2,9.8,12.3,23,287
LEXUS,'ES 350 F SPORT',MID-SIZE,3.5,6,AS8,X,10.9,7.5,9.4,30,219
JEEP,'CHEROKEE 4X4 ACTIVE DRIVE I','SUV - SMALL',3.2,6,A9,X,11.6,8.6,10.3,27,241
PORSCHE,'911 Carrera S',MINICOMPACT,3,6,M7,Z,12.1,8.3,10.3,27,242
INFINITI,'QX60 HYBRID AWD','SUV - STANDARD',2.5,4,AV7,X,8.9,8.4,8.7,32,200
BMW,'M240i Cabriolet',SUBCOMPACT,3,6,M6,Z,12.7,8.8,10.9,26,255
VOLKSWAGEN,GOLF,COMPACT,1.8,4,AS6,X,9.6,7.2,8.5,33,199
BMW,'M4 COUPE',COMPACT,3,6,AM7,Z,14,9.7,12.1,23,284
MAZDA,'MAZDA3 4-DOOR',COMPACT,2.5,4,AS6,X,8.4,6.1,7.4,38,173
'LAND ROVER','Range Rover 5.0 Supercharged LWB','SUV - STANDARD',5,8,AS8,Z,14.4,11.3,13,22,305
GMC,'Sierra 4WD','PICKUP TRUCK - STANDARD',4.3,6,A6,X,15.8,11.9,14,20,329
LEXUS,'LS 460',MID-SIZE,4.6,8,AS8,Z,14.4,9.6,12.3,23,283
AUDI,'A4 ALLROAD QUATTRO','STATION WAGON - SMALL',2,4,AS8,Z,11.2,8.4,9.9,28,228
AUDI,'S5 CABRIOLET QUATTRO',SUBCOMPACT,3,6,AM7,Z,13.3,9.1,11.4,25,266
MAZDA,'MAZDA3 4-DOOR (i-ELOOP)',COMPACT,2.5,4,AS6,X,8.5,6.4,7.6,37,176
BMW,'640i xDRIVE CABRIOLET',SUBCOMPACT,3,6,AS8,Z,12.3,8.4,10.5,27,248
VOLKSWAGEN,'GOLF R',COMPACT,2,4,M6,Z,11.1,8.1,9.8,29,227
BUICK,ENCLAVE,'SUV - STANDARD',3.6,6,A6,X,14.2,9.9,12.3,23,283
'LAND ROVER','RANGE ROVER SPORT V6 3.0 SC FFV','SUV - STANDARD',3,6,AS8,Z,14.2,10.2,12.4,23,285
NISSAN,'NV200 CARGO VAN','SPECIAL PURPOSE VEHICLE',2,4,AV,X,10,8.5,9.3,30,214
BMW,'330i xDrive',COMPACT,2,4,AS8,Z,9.5,6.9,8.3,34,194
AUDI,A3,SUBCOMPACT,2,4,AM7,X,9.1,6.8,8.1,35,188
MAZDA,'CX-5 4WD','SUV - SMALL',2.5,4,AS6,X,9.8,7.9,9,31,210
MINI,'Cooper Countryman ALL4',MID-SIZE,1.5,3,AS8,Z,9.8,7.1,8.6,33,200
BMW,'650i xDRIVE CABRIOLET',SUBCOMPACT,4.4,8,AS8,Z,15.2,9.8,12.8,22,294
BMW,'440i COUPE',COMPACT,3,6,M6,Z,12.2,8.2,10.4,27,242
CHRYSLER,'200 SEDAN FFV',MID-SIZE,3.6,6,A6,X,12.5,8.1,10.5,27,242
MAZDA,'Mazda3 4-Door 4WD',COMPACT,2.5,4,AS6,X,9.2,7,8.2,34,192
GMC,'YUKON XL','SUV - STANDARD',5.3,8,A6,X,14.9,10.1,12.7,22,292
BMW,'530i xDRIVE',MID-SIZE,2,4,AS8,Z,10.5,7.4,9.1,31,213
AUDI,'RS 5 Sportback',MID-SIZE,2.9,6,AS8,Z,13.5,9,11.5,25,268
FORD,'F-150 FFV 4X4 (Payload Pkg)','PICKUP TRUCK - STANDARD',5,8,AS10,E,21.4,17.2,19.5,14,325
MERCEDES-BENZ,'AMG G 63','SUV - STANDARD',5.5,8,A7,Z,19.9,15.5,17.9,16,419
'ALFA ROMEO','Stelvio AWD Quadrifoglio','SUV - SMALL',2.9,6,A8,Z,13.9,10.3,12.3,23,288
RAM,'ProMaster City','SPECIAL PURPOSE VEHICLE',2.4,4,A9,X,11.2,8.3,9.9,29,232
PORSCHE,'911 Carrera 4S',MINICOMPACT,3,6,AM7,Z,11.1,8.5,9.9,29,232
AUDI,'A4 allroad quattro','STATION WAGON - SMALL',2,4,AM7,Z,10,7.4,8.8,32,206
CADILLAC,XT4,'SUV - SMALL',2,4,AS9,Z,9.8,7.8,8.9,32,209
BMW,'M235i CABRIOLET',SUBCOMPACT,3,6,M6,Z,12.1,8.4,10.5,27,246
HYUNDAI,'VELOSTER TURBO',COMPACT,1.6,4,M6,X,9.7,7,8.5,33,196
RAM,'1500 4X4 (MDS)','PICKUP TRUCK - STANDARD',5.7,8,A8,X,16.3,11.5,14.1,20,324
AUDI,A3,SUBCOMPACT,2,4,AM7,X,9.1,6.8,8,35,188
VOLVO,'XC70 T5','SUV - SMALL',2,4,AS8,X,10.3,7.6,9.1,31,213
MERCEDES-BENZ,'B 250 4MATIC',MID-SIZE,2,4,AS7,Z,10,7.5,8.9,32,206
LINCOLN,'MKS AWD',FULL-SIZE,3.7,6,AS6,X,13.1,9,11.3,25,260
NISSAN,'Frontier 4WD','PICKUP TRUCK - SMALL',4,6,A5,X,15.8,11.5,13.9,20,326
JEEP,'Renegade 4X4 Trailhawk','SUV - SMALL',1.3,4,A9,X,10.8,8.7,9.9,29,230
JAGUAR,'E-PACE P250','SUV - SMALL',2,4,AS9,Z,11,8.4,9.8,29,231
MERCEDES-BENZ,'S 560 4MATIC',FULL-SIZE,4,8,A9,Z,13.5,8.6,11.3,25,265
HONDA,'HR-V AWD','STATION WAGON - SMALL',1.8,4,AV,X,8.9,7.5,8.2,34,194
PORSCHE,PANAMERA,FULL-SIZE,3.6,6,AM7,Z,12.9,8.4,10.9,26,255
CHRYSLER,'Pacifica (Stop-Start)',MINIVAN,3.6,6,A9,X,12.4,8.4,10.6,27,249
TOYOTA,86,MINICOMPACT,2,4,AS6,Z,9.9,7.3,8.7,32,204
LINCOLN,Aviator,'SUV - STANDARD',3,6,AS10,X,13.7,9.7,11.9,24,280
MERCEDES-BENZ,'S 550 4MATIC LWB',FULL-SIZE,4.7,8,AS7,Z,14.3,9.5,12.1,23,278
MASERATI,'Ghibli S',MID-SIZE,3,6,AS8,Z,14.1,9.8,12.2,23,286
BUICK,VERANO,COMPACT,2,4,AS6,Z,11.4,7.9,9.8,29,231
PORSCHE,Macan,'SUV - SMALL',2,4,AM7,Z,12.2,10.2,11.3,25,264
CHRYSLER,'200 SEDAN FFV',MID-SIZE,3.6,6,A6,X,12.5,8.1,10.5,27,242
LAMBORGHINI,'Huracan Performante Coupe',TWO-SEATER,5.2,10,AM7,Z,17.9,13,15.7,18,370
MINI,'Cooper 5 Door',SUBCOMPACT,1.5,3,M6,Z,8.4,6.3,7.5,38,175
DODGE,'CHARGER FFV',FULL-SIZE,3.6,6,A8,X,12.3,7.6,10.2,28,235
TOYOTA,TUNDRA,'PICKUP TRUCK - STANDARD',5.7,8,AS6,X,17.2,12.9,15.3,18,358
'ASTON MARTIN',RAPIDE,SUBCOMPACT,5.9,12,A6,Z,18,12.6,15.6,18,359
FORD,'EXPLORER FFV AWD','SUV - STANDARD',3.5,6,AS6,E,19.7,14.3,17.3,16,288
LINCOLN,'CONTINENTAL AWD',FULL-SIZE,2.7,6,AS6,X,14,9.5,12,24,281
ACURA,'RDX AWD','SUV - SMALL',3.5,6,AS6,Z,12.4,8.7,10.7,26,250
INFINITI,Q70,MID-SIZE,3.7,6,AS7,Z,12.8,8.9,11,26,253
AUDI,'A5 SPORTBACK QUATTRO',MID-SIZE,2,4,AM7,Z,10,7,8.7,32,203
AUDI,'A5 CABRIOLET QUATTRO',SUBCOMPACT,2,4,AS8,Z,11.3,8,9.8,29,225
FORD,FUSION,MID-SIZE,2,4,AS6,X,10.5,7.1,9,31,207
CHEVROLET,'Silverado WT 4WD','PICKUP TRUCK - STANDARD',2.7,4,A8,X,12.7,11,12,24,280
'ALFA ROMEO','STELVIO AWD','SUV - SMALL',2,4,A8,Z,10.8,8.3,9.6,29,226
KIA,RIO,COMPACT,1.6,4,AS6,X,8.8,6.5,7.8,36,181
JAGUAR,'F-TYPE Coupe R-Dynamic',TWO-SEATER,3,6,AS8,Z,12.4,8.8,10.8,26,253
RAM,'1500 4X4 FFV','PICKUP TRUCK - STANDARD',3.6,6,A8,E,20.5,14.5,17.8,16,296
NISSAN,ROGUE,'SUV - SMALL',2.5,4,AV,X,9.2,7,8.2,34,192
BUICK,ENCLAVE,'SUV - STANDARD',3.6,6,A6,X,14.2,9.9,12.3,23,283
HONDA,'ACCORD SEDAN',MID-SIZE,3.5,6,A6,X,11.4,7.2,9.5,30,223
DODGE,CHALLENGER,MID-SIZE,3.6,6,A5,X,13.2,8.7,11.2,25,258
MERCEDES-BENZ,'METRIS CARGO','SPECIAL PURPOSE VEHICLE',2,4,AS7,Z,11.1,9.1,10.2,28,240
GMC,'Sierra FFV','PICKUP TRUCK - STANDARD',5.3,8,A6,E,22.2,16.2,19.5,14,326
TOYOTA,'Prius c',COMPACT,1.5,4,AV,X,4.9,5.5,5.1,55,120
HONDA,'Odyssey Touring',MINIVAN,3.5,6,AS10,X,12.2,8.5,10.6,27,247
DODGE,'Challenger SRT Hellcat',MID-SIZE,6.2,8,M6,Z,18.1,11.4,15.1,19,352
INFINITI,'Q60 AWD',SUBCOMPACT,2,4,AS7,Z,11.2,8.5,10,28,233
CHEVROLET,'SILVERADO 4WD','PICKUP TRUCK - STANDARD',5.3,8,A6,E,19.9,14.2,17.3,16,277
HONDA,'HR-V AWD','STATION WAGON - SMALL',1.8,4,AV,X,8.9,7.5,8.2,34,194
HONDA,HR-V,'SUV - SMALL',1.8,4,AV,X,8.3,6.7,7.6,37,177
PORSCHE,MACAN,'SUV - SMALL',2,4,A7,Z,11.6,9.3,10.6,27,248
CHRYSLER,300,FULL-SIZE,3.6,6,A8,X,12.4,7.8,10.3,27,242
VOLKSWAGEN,'Beetle Dune Convertible',SUBCOMPACT,2,4,AS6,X,9.1,6.9,8.1,35,189
LEXUS,'LS 460 L AWD',MID-SIZE,4.6,8,AS8,Z,15.2,10.2,12.9,22,303
MAZDA,'MAZDA3 4-DOOR',COMPACT,2.5,4,AS6,X,8.4,6.1,7.4,38,173
LINCOLN,'CONTINENTAL AWD',FULL-SIZE,2.7,6,AS6,X,14,9.5,12,24,281
MERCEDES-BENZ,'AMG GT ROADSTER',TWO-SEATER,4,8,AM7,Z,14.7,11,13,22,304
INFINITI,'Q50 AWD',MID-SIZE,2,4,AS7,Z,10.6,8.4,9.6,29,226
DODGE,'Challenger Widebody (MDS)',MID-SIZE,6.4,8,M6,Z,16.7,10.4,13.9,20,325
HONDA,'Civic Sedan',MID-SIZE,2,4,M6,X,9.3,6.5,8,35,186
FIAT,'500 ABARTH HATCHBACK',MINICOMPACT,1.4,4,M5,X,8.5,6.9,7.8,36,179
LEXUS,'RC 350 AWD',SUBCOMPACT,3.5,6,AS6,Z,13.1,9.8,11.2,25,262
FORD,'F-150 4X4','PICKUP TRUCK - STANDARD',3,6,AS10,D,11.8,9.3,10.7,26,288
VOLVO,'XC70 3.2 AWD','SUV - SMALL',3.2,6,AS6,X,13.1,9.1,11.3,25,260
ACURA,'TLX SH-AWD',COMPACT,3.5,6,AS9,Z,11.4,7.7,9.8,29,228
MERCEDES-BENZ,'CLS 400 4MATIC',COMPACT,3,6,AS7,Z,12.2,8.8,10.7,26,252
AUDI,'TT ROADSTER QUATTRO',TWO-SEATER,2,4,AM6,X,10.1,7.8,9.1,31,209
FORD,'Fiesta ST',SUBCOMPACT,1.6,4,M6,X,9.2,7.4,8.4,34,196
GMC,'SIERRA 4WD FFV','PICKUP TRUCK - STANDARD',5.3,8,A6,X,15,10.7,13.1,22,306
ROLLS-ROYCE,GHOST,FULL-SIZE,6.6,12,AS8,Z,20.3,13,17,17,397
PORSCHE,'911 CARRERA 4S',MINICOMPACT,3,6,M7,Z,12.1,8.4,10.4,27,243
MERCEDES-BENZ,'GL 350 BLUETEC 4MATIC','SUV - STANDARD',3,6,AS7,D,13.6,10,12,24,322
MERCEDES-BENZ,'G 63 AMG','SUV - STANDARD',5.5,8,AS7,Z,20,16.6,18.5,15,426
LAMBORGHINI,'AVENTADOR COUPE LP 740',TWO-SEATER,6.5,12,AM7,Z,23.9,14.5,19.7,14,461
GMC,'YUKON 4WD','SUV - STANDARD',5.3,8,A6,E,20.5,14,17.6,16,282
HYUNDAI,'ELANTRA GT',FULL-SIZE,2,4,M6,X,9.8,7.3,8.7,32,205
GMC,CANYON,'PICKUP TRUCK - SMALL',2.5,4,A6,X,12,9.2,10.7,26,252
NISSAN,QUEST,MINIVAN,3.5,6,AV,X,12,8.7,10.5,27,242
'LAND ROVER',LR4,'SUV - STANDARD',3,6,AS8,Z,16.2,12.1,14.3,20,336
FORD,'Flex AWD GTDI','SUV - STANDARD',3.5,6,AS6,X,15.7,11.2,13.7,21,322
PORSCHE,'MACAN GTS','SUV - SMALL',3,6,A7,Z,13.8,10.3,12.3,23,287
'ALFA ROMEO','Stelvio AWD Quadrifoglio','SUV - SMALL',2.9,6,A8,Z,13.9,10.3,12.3,23,288
INFINITI,Q50,MID-SIZE,3.7,6,AS7,Z,12,8.1,10.3,27,237
GMC,'Yukon XL','SUV - STANDARD',5.3,8,A6,X,15.7,10.5,13.4,21,314
JEEP,COMPASS,'SUV - SMALL',2,4,A6,X,11.1,8.3,9.8,29,225
CHRYSLER,'Pacifica (Stop-Start)',MINIVAN,3.6,6,A9,X,12.4,8.4,10.6,27,249
CADILLAC,CTS,MID-SIZE,3.6,6,AS8,X,11.6,8,10,28,234
CHEVROLET,'CRUZE LIMITED ECO',MID-SIZE,1.4,4,M6,X,8.4,5.6,7.1,40,167
CHEVROLET,CAMARO,COMPACT,3.6,6,AS8,X,12.3,8.5,10.6,27,248
MINI,'Cooper 5 Door',SUBCOMPACT,1.5,3,AS6,Z,8.8,6.8,7.9,36,184
FIAT,'500 HATCHBACK TURBO',MINICOMPACT,1.4,4,M5,X,8.5,6.9,7.8,36,183
JEEP,'CHEROKEE FFV','SUV - SMALL',2.4,4,A9,X,10.9,7.7,9.5,30,223
KIA,SOUL,'STATION WAGON - SMALL',2,4,AS6,X,9.5,7.8,8.7,32,206
CHEVROLET,'EQUINOX AWD FFV','SUV - SMALL',2.4,4,A6,E,16.3,11.8,14.2,20,234
GMC,'SIERRA 4WD','PICKUP TRUCK - STANDARD',5.3,8,A6,X,15,10.7,13.1,22,307
BMW,'650i xDRIVE CABRIOLET',SUBCOMPACT,4.4,8,AS8,Z,14.3,9.3,12.1,23,283
CHRYSLER,300,FULL-SIZE,3.6,6,A8,X,12.4,7.8,10.3,27,242
MAZDA,MX-5,TWO-SEATER,2,4,AS6,Z,9,6.6,7.9,36,186
PORSCHE,'911 CARRERA 4 GTS',MINICOMPACT,3,6,M7,Z,12.8,8.9,11,26,257
BMW,'M240i Coupe',SUBCOMPACT,3,6,M6,Z,12.7,8.8,10.9,26,255
HYUNDAI,ACCENT,COMPACT,1.6,4,AS6,X,8.9,6.3,7.7,37,179
MAZDA,'CX-5 (Cylinder Deactivation)','SUV - SMALL',2.5,4,AS6,X,9.3,7.6,8.5,33,201
LAMBORGHINI,HURACAN,TWO-SEATER,5.2,10,AM7,Z,16.8,11.4,14.4,20,336
CADILLAC,CTS-V,MID-SIZE,6.2,8,AS8,Z,16.6,11.1,14.1,20,332
PORSCHE,BOXSTER,TWO-SEATER,2,4,AM7,Z,10.5,8,9.4,30,219
HONDA,'Civic Sedan Si',MID-SIZE,1.5,4,M6,Z,8.9,6.4,7.8,36,183
HONDA,HR-V,'SUV - SMALL',1.8,4,AV,X,8.3,6.7,7.6,37,177
JEEP,PATRIOT,'SUV - SMALL',2.4,4,A6,X,11.2,8.6,10,28,230
LINCOLN,'MKZ HYBRID',MID-SIZE,2,4,AV,X,5.7,6.2,5.9,48,139
GMC,'YUKON DENALI 4WD','SUV - STANDARD',6.2,8,A8,Z,15.9,11.1,13.8,20,317
BMW,'M240i Cabriolet',SUBCOMPACT,3,6,M6,Z,12.7,8.8,10.9,26,255
DODGE,'CHALLENGER (MDS)',MID-SIZE,6.4,8,A8,Z,15.6,9.6,12.9,22,302
MAZDA,MX-5,TWO-SEATER,2,4,AS6,Z,9,6.6,7.9,36,186
HONDA,'CIVIC COUPE',COMPACT,1.5,4,AV,X,7.5,5.6,6.7,42,155
VOLKSWAGEN,'Beetle Dune Convertible',SUBCOMPACT,2,4,AS6,X,9.1,6.9,8.1,35,189
FORD,'Mustang Convertible',SUBCOMPACT,2.3,4,AS10,X,11.9,8.4,10.4,27,243
TOYOTA,'Sequoia 4WD','SUV - STANDARD',5.7,8,AS6,X,18.5,13.9,16.4,17,385
GMC,SIERRA,'PICKUP TRUCK - STANDARD',4.3,6,A6,E,19.3,14.3,17.1,17,274
VOLKSWAGEN,GOLF,COMPACT,1.8,4,AS6,X,9.6,7.2,8.5,33,199
CHEVROLET,'SUBURBAN 4WD','SUV - STANDARD',5.3,8,A6,X,15.4,10.8,13.3,21,312
VOLVO,'XC90 AWD','SUV - STANDARD',3.2,6,AS6,X,14.9,10.2,12.8,22,294
GMC,'YUKON DENALI XL AWD','SUV - STANDARD',6.2,8,A6,E,25.7,17.8,22.1,13,354
NISSAN,'NV200 CARGO VAN','SPECIAL PURPOSE VEHICLE',2,4,AV,X,9.7,9,9.4,30,216
PORSCHE,'911 CARRERA 4S',MINICOMPACT,3,6,M7,Z,12.1,8.4,10.4,27,243
AUDI,'S5 CABRIOLET QUATTRO',SUBCOMPACT,3,6,AM7,Z,13.3,9.1,11.4,25,266
RAM,'1500 4X4 FFV','PICKUP TRUCK - STANDARD',3.6,6,A8,E,20.7,14.7,18,16,300
BMW,'340i xDRIVE',COMPACT,3,6,M6,Z,12.2,8.5,10.5,27,246
FORD,MUSTANG,SUBCOMPACT,2.3,4,AS6,X,11,7.9,9.6,29,226
JEEP,Compass,'SUV - SMALL',2.4,4,A6,X,10.6,7.6,9.3,30,218
NISSAN,'JUKE AWD','STATION WAGON - SMALL',1.6,4,AV,Z,9.3,7.9,8.7,32,200
FORD,'Mustang Convertible',SUBCOMPACT,2.3,4,AS10,X,11.9,8.4,10.4,27,243
CHEVROLET,'Tahoe FFV','SUV - STANDARD',5.3,8,A6,E,21.2,13.9,17.9,16,298
HONDA,'CIVIC SEDAN',MID-SIZE,1.5,4,AV,X,7.6,5.5,6.7,42,157
KIA,'SORENTO AWD FE','SUV - SMALL',3.3,6,AS6,X,13.2,9.3,11.4,25,270
MASERATI,GRANTURISMO,SUBCOMPACT,4.7,8,AS6,Z,18.2,11.4,15.1,19,357
AUDI,'A4 quattro',COMPACT,2,4,AM7,Z,10,7,8.7,32,204
CADILLAC,'CTS Vsport',MID-SIZE,3.6,6,AS8,Z,15,9.9,12.7,22,311
SUBARU,'IMPREZA WAGON AWD','STATION WAGON - SMALL',2,4,M5,X,9.6,7.1,8.5,33,196
CADILLAC,'CT6 AWD',FULL-SIZE,3.6,6,AS10,X,13,8.8,11.1,25,261
FIAT,500X,'SUV - SMALL',1.4,4,M6,X,9.5,7.1,8.4,34,197
INFINITI,'QX60 HYBRID AWD','SUV - STANDARD',2.5,4,AV7,X,8.9,8.4,8.7,32,200
MERCEDES-BENZ,'CLA 250 4MATIC FFV',COMPACT,2,4,AS7,E,13.1,9.8,11.6,24,198
DODGE,'Charger SRT Hellcat',FULL-SIZE,6.2,8,A8,Z,17.6,10.7,14.5,19,339
PORSCHE,PANAMERA,FULL-SIZE,3.6,6,AM7,Z,12.9,8.4,10.9,26,255
GENESIS,'G70 AWD',COMPACT,2,4,AS8,Z,11.5,8.7,10.3,27,241
RAM,'1500 ECODIESEL HFE','PICKUP TRUCK - STANDARD',3,6,A8,D,11.3,8,9.8,29,264
CADILLAC,XT4,'SUV - SMALL',2,4,AS9,Z,9.8,7.8,8.9,32,209
MAZDA,'CX-5 (Cylinder Deactivation)','SUV - SMALL',2.5,4,AS6,X,9.3,7.6,8.5,33,201
'ASTON MARTIN','V8 VANTAGE',TWO-SEATER,4.7,8,M6,Z,18.1,12.3,15.5,18,356
CADILLAC,SRX,'SUV - STANDARD',3.6,6,AS6,X,14.2,9.8,12.3,23,287
PORSCHE,'911 Carrera S Cabriolet',MINICOMPACT,3,6,AM8,Z,12.7,10.2,11.6,24,272
HONDA,CR-Z,TWO-SEATER,1.5,4,M6,X,7.6,6.1,6.9,41,159
CHEVROLET,TAHOE,'SUV - STANDARD',5.3,8,A6,X,15.1,10.4,13,22,305
DODGE,Challenger,MID-SIZE,3.6,6,A8,X,12.4,7.8,10.3,27,242
BMW,'M235i CABRIOLET',SUBCOMPACT,3,6,M6,Z,12.1,8.4,10.5,27,246
NISSAN,'ARMADA 4WD','SUV - STANDARD',5.6,8,AS7,X,17.5,12.8,15.4,18,362
LEXUS,'GS 200t',MID-SIZE,2,4,AS8,Z,10.6,7.2,9,31,212
HONDA,'CIVIC SEDAN',MID-SIZE,1.5,4,AV,X,7.4,5.6,6.6,43,153
BENTLEY,'CONTINENTAL GT CONVERTIBLE',SUBCOMPACT,6,12,AS8,Z,19.6,11.7,16,18,375
AUDI,S4,COMPACT,3,6,M6,Z,13.8,9,11.7,24,269
JAGUAR,'F-TYPE COUPE',TWO-SEATER,3,6,AS8,Z,11.8,8.4,10.3,27,237
PORSCHE,PANAMERA,FULL-SIZE,3.6,6,AM7,Z,12.9,8.4,10.9,26,255
NISSAN,Sentra,MID-SIZE,1.8,4,AV,X,8.1,6.3,7.3,39,172
TOYOTA,'TACOMA 4WD D-CAB OFF-ROAD','PICKUP TRUCK - SMALL',3.5,6,M6,X,13.8,11.7,12.9,22,300
KIA,'SORENTO 4WD','SUV - SMALL',3.3,6,A6,X,13.4,9.9,11.8,24,271
NISSAN,'MURANO AWD','STATION WAGON - MID-SIZE',3.5,6,AV7,X,11.2,8.4,9.9,29,232
DODGE,'DURANGO AWD (MDS)','SUV - STANDARD',5.7,8,A8,X,17.3,10.8,14.4,20,331
FORD,'F-150 FFV','PICKUP TRUCK - STANDARD',3.3,6,AS6,E,16.6,12.6,14.8,19,245
BUICK,ENCORE,'SUV - SMALL',1.4,4,AS6,X,9.5,7.2,8.5,33,196
MINI,'COOPER CONVERTIBLE',MINICOMPACT,1.5,3,AS6,Z,8.7,6.6,7.7,37,181
'ALFA ROMEO','Stelvio AWD','SUV - SMALL',2,4,A8,Z,10.8,8.3,9.6,29,226
PORSCHE,'CAYENNE PLATINUM','SUV - STANDARD',3.6,6,A8,Z,13.6,10.2,12.1,23,281
BMW,'X4 xDrive30i','SUV - SMALL',2,4,AS8,Z,10.8,8,9.6,29,223
BMW,'330i xDRIVE GRAN TURISMO',FULL-SIZE,2,4,AS8,Z,10.5,7.4,9.1,31,213
NISSAN,'370Z ROADSTER',TWO-SEATER,3.7,6,M6,Z,13.6,9.7,11.8,24,278
MITSUBISHI,RVR,'SUV - SMALL',2,4,AV6,X,9.7,7.8,8.8,32,204
INFINITI,'Q50 HYBRID AWD',COMPACT,3.5,6,AS7,Z,9.1,7.7,8.5,33,200
MERCEDES-BENZ,'AMG GT S COUPE',TWO-SEATER,4,8,AM7,Z,14.5,10.8,12.8,22,302
TOYOTA,'HIGHLANDER HYBRID AWD','SUV - STANDARD',3.5,6,AV6,X,8,8.6,8.3,34,191
JEEP,'COMPASS 4X4','SUV - SMALL',2.4,4,A6,X,11.4,8.7,10.2,28,235
DODGE,'CHARGER FFV',FULL-SIZE,3.6,6,A5,E,18.7,12.4,15.9,18,264
VOLVO,'V60 CC T5 AWD','STATION WAGON - SMALL',2,4,AS8,Z,10.8,7.6,9.3,30,218
MERCEDES-BENZ,'AMG GT S COUPE',TWO-SEATER,4,8,AM7,Z,14.5,10.8,12.8,22,302
JAGUAR,'E-PACE P250','SUV - SMALL',2,4,AS9,Z,11,8.4,9.8,29,231
SUBARU,'CROSSTREK AWD','SUV - SMALL',2,4,M6,X,10.5,8.1,9.4,30,220
MINI,'JOHN COOPER WORKS',SUBCOMPACT,2,4,AS6,Z,9.4,7.5,8.5,33,199
VOLKSWAGEN,'GOLF ALLTRACK','STATION WAGON - SMALL',1.8,4,M6,X,11.1,7.8,9.6,29,225
GMC,YUKON,'SUV - STANDARD',5.3,8,A6,X,16,11.1,13.8,20,317
JAGUAR,'XJ R-SPORT AWD',FULL-SIZE,3,6,AS8,Z,14,9,11.8,24,276
PORSCHE,'911 TURBO S',MINICOMPACT,3.8,6,AM7,Z,12.6,9.9,11.4,25,266
SUBARU,BRZ,MINICOMPACT,2,4,AS6,Z,9.6,7.1,8.5,33,196
FORD,'EXPLORER FFV AWD','SUV - STANDARD',3.5,6,AS6,E,19.7,14.3,17.3,16,288
HYUNDAI,'TUCSON AWD','SUV - SMALL',2,4,AS6,X,11,9,10.1,28,240
INFINITI,'Q60 COUPE',SUBCOMPACT,3.7,6,M6,Z,13.5,9.3,11.6,24,267
FORD,'FOCUS FFV',COMPACT,2,4,A6,X,8.8,6.4,7.7,37,177
BUICK,'LACROSSE eASSIST',MID-SIZE,2.4,4,AS6,X,9.6,6.5,8.2,34,189
AUDI,A4,COMPACT,2,4,AM7,Z,8.6,6.4,7.6,37,177
LEXUS,'RX 450h AWD','SUV - STANDARD',3.5,6,AV6,Z,7.7,8.2,8,35,186
FORD,'TRANSIT CONNECT','SPECIAL PURPOSE VEHICLE',1.6,4,AS6,X,10.8,8,9.5,30,218
AUDI,R8,TWO-SEATER,5.2,10,A7,Z,18.2,10.6,14.8,19,347
'LAND ROVER',LR4,'SUV - STANDARD',3,6,AS8,Z,16.2,12.1,14.3,20,336
MINI,'Cooper S 3 Door',SUBCOMPACT,2,4,M6,Z,10.2,7.4,9,31,210
MERCEDES-BENZ,'B 250','STATION WAGON - SMALL',2,4,AS7,Z,9.2,6.6,8,35,184
MERCEDES-BENZ,'AMG SL 63',TWO-SEATER,5.5,8,AS7,Z,14.7,9.5,12.4,23,298
FORD,'F-150 FFV','PICKUP TRUCK - STANDARD',3.5,6,A6,E,17.9,13,15.7,18,261
GMC,YUKON,'SUV - STANDARD',5.3,8,A6,X,16,11.1,13.8,20,317
JAGUAR,'F-TYPE Coupe',TWO-SEATER,3,6,M6,Z,14.9,9.8,12.6,22,296
SUBARU,'XV CROSSTREK AWD','SUV - SMALL',2,4,AV6,X,9.1,7,8.1,35,191
CADILLAC,'Escalade 4WD','SUV - STANDARD',6.2,8,A10,Z,16.6,10.9,14,20,328
'LAND ROVER','Range Rover SVAutobiography LWB','SUV - STANDARD',5,8,AS8,Z,17.9,12.7,15.5,18,365
MERCEDES-BENZ,'AMG SL 65',TWO-SEATER,6,12,AS7,Z,16.7,11.2,14.2,20,335
DODGE,'CHALLENGER SRT',MID-SIZE,6.4,8,M6,Z,16.8,10.4,13.9,20,320
ROLLS-ROYCE,'PHANTOM DROPHEAD COUPE',COMPACT,6.7,12,A8,Z,20.7,12.7,17.1,17,393
KIA,'SOUL TURBO','STATION WAGON - SMALL',1.6,4,AM7,X,9.1,7.7,8.5,33,199
'LAND ROVER',LR4,'SUV - STANDARD',3,6,AS8,Z,16.2,12.1,14.3,20,336
FORD,ESCAPE,'SUV - SMALL',2,4,AS6,X,10.9,8,9.6,29,221
SUBARU,'XV CROSSTREK AWD','SUV - SMALL',2,4,AV6,X,9.1,7,8.1,35,191
GMC,'Sierra 4WD','PICKUP TRUCK - STANDARD',4.3,6,A6,X,15.8,11.9,14,20,329
MERCEDES-BENZ,'AMG GLE 63 S COUPE 4MATIC','SUV - STANDARD',5.5,8,AS7,Z,17.2,12.8,15.2,19,363
KIA,'SEDONA SX',MINIVAN,3.3,6,AS6,X,12.9,9.5,11.4,25,269
VOLKSWAGEN,'BEETLE CONVERTIBLE',SUBCOMPACT,1.8,4,AS6,X,9.8,7.3,8.7,32,200
GMC,CANYON,'PICKUP TRUCK - SMALL',2.5,4,A6,X,12,9.2,10.7,26,252
MAZDA,MX-5,TWO-SEATER,2,4,AS6,Z,11.5,8.5,10.1,28,232
KIA,'Sportage AWD','SUV - SMALL',2.4,4,AS6,X,10.8,9.1,10,28,239
LEXUS,'IS 350 AWD',COMPACT,3.5,6,AS6,Z,12.6,9.1,11,26,253
'LAND ROVER','RANGE ROVER EVOQUE','SUV - SMALL',2,4,AS9,Z,11.3,7.9,9.7,29,229
AUDI,S4,COMPACT,3,6,AM8,Z,11.5,8,9.9,29,232
AUDI,Q3,COMPACT,2,4,AS6,Z,11.6,8.3,10.1,28,236
KIA,'SEDONA SX',MINIVAN,3.3,6,AS6,X,12.9,9.5,11.4,25,269
BMW,'440i Coupe',COMPACT,3,6,AS8,Z,11.2,7.3,9.4,30,227
CADILLAC,CTS-V,MID-SIZE,6.2,8,AS8,Z,16.5,11.1,14,20,329
MAZDA,MAZDA6,MID-SIZE,2.5,4,AS6,X,9.1,6.7,8,35,187
DODGE,Challenger,MID-SIZE,5.7,8,M6,Z,15.6,10.1,13.1,22,307
FORD,'Transit Connect Wagon LWB FFV','SPECIAL PURPOSE VEHICLE',2,4,AS8,E,13.7,11.1,12.5,23,208
AUDI,A8,FULL-SIZE,4,8,AS8,Z,15.1,9.1,12.4,23,290
JEEP,RENEGADE,'SUV - SMALL',2.4,4,A9,X,10.8,7.8,9.5,30,222
TOYOTA,'HIGHLANDER HYBRID AWD','SUV - STANDARD',3.5,6,AV6,X,8,8.6,8.3,34,191
TOYOTA,HIGHLANDER,'SUV - SMALL',3.5,6,AS6,X,12.5,9.3,11.1,25,260
BUICK,ENCLAVE,'SUV - STANDARD',3.6,6,A6,X,14.3,9.9,12.3,23,283
PORSCHE,'911 TARGA 4',MINICOMPACT,3.4,6,M7,Z,12.9,9,11.1,25,255
MAZDA,CX-9,'SUV - SMALL',3.7,6,AS6,X,14.2,10,12.3,23,283
BMW,'ALPINA B7 xDRIVE SWB',FULL-SIZE,4.4,8,A8,Z,15,9.8,12.7,22,292
FORD,FUSION,MID-SIZE,2.5,4,A6,X,11.3,7.5,9.6,29,224
JEEP,'NEW WRANGLER UNLIMITED 4X4','SUV - SMALL',3.6,6,A8,X,12.9,10.2,11.7,24,275
FORD,'E350 WAGON FFV','VAN - PASSENGER',5.4,8,A4,E,26.7,20.5,23.9,12,382
CHEVROLET,TRAX,'SUV - SMALL',1.4,4,AS6,X,9.2,7,8.2,34,189
CHEVROLET,'SILVERADO 4WD FFV','PICKUP TRUCK - STANDARD',4.3,6,A6,E,20.2,15.2,18,16,294
HONDA,'CIVIC COUPE',COMPACT,2,4,AV,X,7.8,5.8,6.9,41,162
NISSAN,'MURANO AWD','STATION WAGON - MID-SIZE',3.5,6,AV7,X,11.2,8.4,9.9,29,232
HYUNDAI,'GENESIS AWD',FULL-SIZE,5,8,AS8,Z,17.3,10.5,14.2,20,327
MERCEDES-BENZ,'AMG SLC 43',TWO-SEATER,3,6,A9,Z,11.6,8.2,10.1,28,236
CHEVROLET,'EXPRESS 2500 PASSENGER FFV','VAN - PASSENGER',6,8,A6,E,30.3,20.5,25.9,11,414
GMC,'SIERRA FFV','PICKUP TRUCK - STANDARD',5.3,8,A6,E,19.7,13.9,17.1,17,284
MERCEDES-BENZ,'GLC 300 4MATIC COUPE','SUV - SMALL',2,4,A9,Z,11,8.7,10,28,235
CHEVROLET,Camaro,SUBCOMPACT,3.6,6,AS8,X,12.3,8.2,10.4,27,246
MAZDA,MAZDA6,MID-SIZE,2.5,4,AS6,X,9.1,6.7,8,35,187
PORSCHE,'CAYENNE TURBO','SUV - STANDARD',4.8,8,A8,Z,16.3,11,13.9,20,326
LEXUS,'GS 350 AWD',MID-SIZE,3.5,6,AS6,Z,12.3,9.1,10.9,26,254
PORSCHE,'911 TURBO',MINICOMPACT,3.8,6,AM7,Z,12.6,9.9,11.4,25,266
BMW,'228i COUPE',SUBCOMPACT,2,4,AS8,Z,10,6.5,8.4,34,193
PORSCHE,'CAYENNE PLATINUM','SUV - STANDARD',3.6,6,A8,Z,13.6,10.2,12.1,23,281
MITSUBISHI,'OUTLANDER 4WD','SUV - SMALL',2.4,4,AV6,X,9.9,8.1,9.1,31,209
AUDI,'RS 5',SUBCOMPACT,4.2,8,AM7,Z,14.9,10.1,12.8,22,294
INFINITI,Q70,MID-SIZE,3.7,6,AS7,Z,12.8,8.9,11,26,253
INFINITI,'Q60 AWD',SUBCOMPACT,3,6,AS7,Z,12.3,8.7,10.7,26,251
FORD,'F-150 FFV 4X4','PICKUP TRUCK - STANDARD',5,8,A6,E,22.4,17,20,14,320
GMC,'SIERRA 4WD FFV','PICKUP TRUCK - STANDARD',5.3,8,A6,E,20.5,14.4,17.8,16,295
BMW,'750Li xDrive Sedan',FULL-SIZE,4.4,8,AS8,Z,14.5,9.9,12.4,23,290
KIA,'SEDONA SX',MINIVAN,3.3,6,AS6,X,12.9,9.5,11.4,25,269
FORD,'ESCAPE AWD','SUV - SMALL',2,4,AS6,X,11.4,8.4,10,28,236
NISSAN,VERSA,COMPACT,1.6,4,M5,X,8.6,6.5,7.7,37,177
MERCEDES-BENZ,'C 300 4MATIC FFV',COMPACT,3.5,6,AS7,E,16.4,11.1,14,20,224
CHEVROLET,'CORVETTE Z06',TWO-SEATER,6.2,8,AS8,Z,17.7,10.2,14.3,20,335
'ASTON MARTIN','Vantage V8',TWO-SEATER,4,8,M7,Z,16.7,11.2,14.2,20,333
CADILLAC,CTS-V,MID-SIZE,6.2,8,AS8,Z,16.5,11.1,14,20,329
FORD,'F-150 FFV 4X4 (Payload Pkg)','PICKUP TRUCK - STANDARD',5,8,AS10,X,16.8,12.4,14.8,19,347
SCION,FR-S,MINICOMPACT,2,4,M6,Z,10.9,7.9,9.6,29,224
MERCEDES-BENZ,'C 350 COUPE',SUBCOMPACT,3.5,6,AS7,Z,12.1,8.6,10.5,27,242
MERCEDES-BENZ,'SL 550',TWO-SEATER,4.7,8,AS7,Z,13.4,9.6,11.7,24,269
BENTLEY,'Continental GT',COMPACT,6,12,AM8,Z,19,11.6,15.7,18,364
MINI,'COOPER CONVERTIBLE',MINICOMPACT,1.6,4,M6,Z,8.6,6.8,7.8,36,179
KIA,Sorento,'SUV - SMALL',2.4,4,AS6,X,10.7,8.2,9.6,29,225
KIA,'FORTE 5',FULL-SIZE,2,4,M6,X,9.7,6.9,8.4,34,197
'ALFA ROMEO','4C Coupe',TWO-SEATER,1.8,4,AM6,Z,9.7,6.9,8.4,34,197
KIA,'SPORTAGE AWD','SUV - SMALL',2.4,4,AS6,X,12,9.3,10.8,26,251
TOYOTA,Corolla,MID-SIZE,1.8,4,AV,X,8.3,6.5,7.5,38,174
BENTLEY,'CONTINENTAL GT CONVERTIBLE',SUBCOMPACT,6,12,AS8,Z,19.6,11.7,16,18,375
MERCEDES-BENZ,'AMG SL 65',TWO-SEATER,6,12,AS7,Z,16.7,11.2,14.2,20,335
FORD,'EXPEDITION 4X4','SUV - STANDARD',3.5,6,AS6,X,15.9,12,14.2,20,333
BMW,M5,MID-SIZE,4.4,8,AS8,Z,16,11.2,13.9,20,324
CHEVROLET,Camaro,SUBCOMPACT,3.6,6,AS10,X,12.5,8.1,10.5,27,247
TOYOTA,86,MINICOMPACT,2,4,AS6,Z,9.9,7.3,8.7,32,204
MITSUBISHI,'Mirage G4',COMPACT,1.2,3,M5,X,7.2,5.9,6.6,43,153
MASERATI,'Ghibli S',MID-SIZE,3,6,AS8,Z,14.7,9.9,12.6,22,295
FORD,FOCUS,COMPACT,1,3,AS6,X,8.5,5.9,7.3,39,171
VOLKSWAGEN,'GOLF ALLTRACK','STATION WAGON - SMALL',1.8,4,AM6,X,10.7,8,9.4,30,220
CHRYSLER,'TOWN & COUNTRY FFV',MINIVAN,3.6,6,A6,X,14.1,9.5,12,24,276
FIAT,500L,'STATION WAGON - SMALL',1.4,4,M6,X,9.3,7.1,8.3,34,191
BMW,'435i xDRIVE COUPE',COMPACT,3,6,M6,Z,12.3,8.4,10.5,27,247
NISSAN,GT-R,SUBCOMPACT,3.8,6,AM6,Z,14.3,10.5,12.6,22,294
TOYOTA,'CAMRY HYBRID LE',MID-SIZE,2.5,4,AV6,X,4.9,4.8,4.9,58,113
BMW,'X4 M','SUV - SMALL',3,6,AS8,Z,16.6,12.1,14.6,19,339
MINI,'COOPER S CLUBMAN',MID-SIZE,2,4,M6,Z,10.8,7.7,9.4,30,220
GMC,YUKON,'SUV - STANDARD',5.3,8,A6,X,16,11.1,13.8,20,317
LEXUS,'LS 460 AWD',MID-SIZE,4.6,8,AS8,Z,15.2,10.2,12.9,22,303
VOLKSWAGEN,JETTA,COMPACT,1.8,4,M5,X,9.4,6.7,8.2,34,189
MINI,'JOHN COOPER WORKS',SUBCOMPACT,2,4,AS6,Z,9.4,7.5,8.5,33,199
LINCOLN,'MKT LIVERY','SPECIAL PURPOSE VEHICLE',2,4,AS6,X,11.5,8.5,10.2,28,235
RAM,'1500 ECODIESEL HFE','PICKUP TRUCK - STANDARD',3,6,A8,D,11.3,8,9.8,29,264
MINI,'Cooper Countryman ALL4',MID-SIZE,1.5,3,AS8,Z,9.8,7.1,8.6,33,200
INFINITI,'Q60 AWD',SUBCOMPACT,2,4,AS7,Z,11.2,8.5,10,28,233
AUDI,'RS 5',SUBCOMPACT,4.2,8,AM7,Z,14.9,10.1,12.8,22,294
HONDA,HR-V,'STATION WAGON - SMALL',1.8,4,M6,X,9.4,7.1,8.4,34,195
NISSAN,'JUKE AWD','STATION WAGON - SMALL',1.6,4,AV,Z,9.3,7.9,8.7,32,200
MERCEDES-BENZ,'GLA 250 4MATIC','SUV - SMALL',2,4,AS7,Z,9.8,7.4,8.7,32,200
CHEVROLET,'Camaro SS',SUBCOMPACT,6.2,8,M6,Z,14.9,9.9,12.6,22,296
TOYOTA,86,MINICOMPACT,2,4,AS6,Z,9.9,7.3,8.7,32,204
FORD,FIESTA,SUBCOMPACT,1.6,4,M5,X,8.5,6.5,7.6,37,175
KIA,'SPORTAGE AWD','SUV - SMALL',2.4,4,AS6,X,12,9.3,10.8,26,251
MERCEDES-BENZ,'E 350 4MATIC COUPE',SUBCOMPACT,3.5,6,AS7,Z,11.9,8.5,10.4,27,239
HYUNDAI,Elantra,MID-SIZE,1.6,4,AM7,X,8.9,7,8.1,35,192
CADILLAC,'Escalade 4WD','SUV - STANDARD',6.2,8,A10,Z,16.6,10.9,14,20,328
FIAT,'500 HATCHBACK',MINICOMPACT,1.4,4,M5,X,7.6,5.9,6.8,42,156
HYUNDAI,'TUCSON 4WD','SUV - SMALL',2,4,A6,X,11.4,9.3,10.5,27,242
INFINITI,'Q50S AWD',MID-SIZE,3,6,AS7,Z,12.9,9,11.1,25,262
VOLKSWAGEN,'Beetle Dune Convertible',SUBCOMPACT,2,4,AS6,X,9.1,6.9,8.1,35,189
MAZDA,'Mazda3 5-Door (SIL)',MID-SIZE,2,4,M6,X,8.7,6.6,7.8,36,181
INFINITI,QX30,COMPACT,2,4,AM7,Z,9.7,7.1,8.5,33,200
RAM,'1500 4X4 (MDS)','PICKUP TRUCK - STANDARD',5.7,8,A6,X,17.7,12.7,15.4,18,362
VOLKSWAGEN,'Jetta GLI',COMPACT,2,4,M6,X,9.6,7.1,8.5,33,198
JEEP,RENEGADE,'SUV - SMALL',2.4,4,A9,X,10.8,7.8,9.5,30,222
VOLKSWAGEN,CC,COMPACT,2,4,M6,Z,11.4,7.4,9.6,29,221
FIAT,'500 ABARTH CABRIO',MINICOMPACT,1.4,4,M5,X,8.5,6.9,7.8,36,179
'ALFA ROMEO','Stelvio AWD','SUV - SMALL',2,4,A8,Z,10.8,8.3,9.6,29,226
GENESIS,'G70 AWD',COMPACT,2,4,AS8,Z,11.5,8.7,10.3,27,241
JAGUAR,'XF 20d AWD',MID-SIZE,2,4,AS8,D,7.8,5.8,6.9,41,186
LINCOLN,'NAVIGATOR 4X4','SUV - STANDARD',3.5,6,AS6,X,15.9,12,14.2,20,333
MINI,'JOHN COOPER WORKS COUPE',TWO-SEATER,1.6,4,AS6,Z,9.2,6.8,8.1,35,186
MINI,'Cooper Countryman ALL4',MID-SIZE,1.5,3,AS8,Z,9.8,7.1,8.6,33,200
MERCEDES-BENZ,'B 250 4MATIC',MID-SIZE,2,4,AS7,Z,10,7.5,8.9,32,206
BMW,'328i xDRIVE TOURING','STATION WAGON - SMALL',2,4,AS8,Z,10.5,6.9,8.9,32,209
NISSAN,370Z,TWO-SEATER,3.7,6,M6,Z,13.3,9.3,11.5,25,264
MINI,'Cooper Clubman ALL4',MID-SIZE,1.5,3,AS8,Z,9.7,7,8.5,33,197
FORD,'F-150 FFV 4X4','PICKUP TRUCK - STANDARD',3.3,6,AS6,E,17.6,13.7,15.8,18,263
PORSCHE,'911 CARRERA 4 CABRIOLET',MINICOMPACT,3.4,6,M7,Z,12.5,9,10.9,26,257
GMC,Terrain,'SUV - SMALL',1.6,4,A6,D,8.5,6,7.4,38,199
DODGE,'CHARGER AWD FFV',FULL-SIZE,3.6,6,A8,E,17.6,12,15,19,248
ACURA,'RDX AWD','SUV - SMALL',3.5,6,AS6,Z,12.4,8.7,10.7,26,250
MERCEDES-BENZ,'AMG SL 65',TWO-SEATER,6,12,AS7,Z,16.7,11.2,14.2,20,335
KIA,'Sorento AWD','SUV - SMALL',3.3,6,AS8,X,12.3,9.5,11.1,25,261
CHEVROLET,'SONIC 5','STATION WAGON - SMALL',1.8,4,M5,X,9,6.8,8,35,187
SUBARU,BRZ,MINICOMPACT,2,4,AS6,Z,9.6,7.1,8.5,33,196
PORSCHE,'911 CARRERA',MINICOMPACT,3.4,6,M7,Z,12.5,8.6,10.7,26,246
FORD,'Escape AWD','SUV - SMALL',2,4,AS8,X,10.4,7.5,9.1,31,213
CADILLAC,CTS-V,MID-SIZE,6.2,8,AS8,Z,16.6,11.1,14.1,20,332
NISSAN,JUKE,'STATION WAGON - SMALL',1.6,4,M6,Z,8.5,6.9,7.8,36,183
CHEVROLET,'SILVERADO 4WD FFV','PICKUP TRUCK - STANDARD',4.3,6,A6,E,20.2,15.2,18,16,294
BMW,'428i xDRIVE GRAN COUPE',COMPACT,2,4,AS8,Z,10.6,7.2,9.1,31,209
HONDA,'Civic Sedan',MID-SIZE,2,4,M6,X,9.3,6.5,8,35,186
CHEVROLET,'SILVERADO 4WD FFV','PICKUP TRUCK - STANDARD',5.3,8,A6,X,15,10.7,13.1,22,306
TOYOTA,'SEQUOIA 4WD','SUV - STANDARD',5.7,8,AS6,X,19,13.9,16.7,17,384
PORSCHE,'911 TARGA 4',MINICOMPACT,3.4,6,M7,Z,12.9,9,11.1,25,255
CHEVROLET,'Blazer AWD','SUV - SMALL',3.6,6,A9,X,12.7,9.5,11.3,25,265
'ALFA ROMEO','Stelvio AWD Quadrifoglio','SUV - SMALL',2.9,6,A8,Z,13.9,10.3,12.3,23,288
AUDI,'A4 allroad quattro','STATION WAGON - SMALL',2,4,AM7,Z,10,7.4,8.8,32,206
CHRYSLER,'300 AWD',FULL-SIZE,3.6,6,A8,X,12.8,8.7,11,26,258
CHEVROLET,EQUINOX,'SUV - SMALL',3.6,6,A6,E,18.8,13.1,16.2,17,259
HYUNDAI,ACCENT,COMPACT,1.6,4,AS6,X,8.9,6.6,7.9,36,182
BMW,'530i xDRIVE',MID-SIZE,2,4,AS8,Z,10.5,7.4,9.1,31,213
VOLKSWAGEN,'Beetle Dune Convertible',SUBCOMPACT,2,4,AS6,X,9.1,6.9,8.1,35,189
CHEVROLET,'CRUZE LIMITED ECO',MID-SIZE,1.4,4,A6,X,9,6.1,7.7,37,181
FORD,'TAURUS AWD',FULL-SIZE,3.5,6,AS6,X,13.9,9.5,11.9,24,274
PORSCHE,'911 CARRERA 4 GTS CABRIOLET',MINICOMPACT,3,6,M7,Z,12.9,9.1,11.1,25,260
AUDI,'TT ROADSTER QUATTRO',TWO-SEATER,2,4,AM6,X,10.1,7.8,9.1,31,209
BUICK,'Envision AWD','SUV - SMALL',2,4,A9,Z,11.7,9.4,10.7,26,250
CHEVROLET,TAHOE,'SUV - STANDARD',5.3,8,A6,X,15.1,10.4,13,22,305
JEEP,'CHEROKEE 4X4 ACTIVE DRIVE LOCK','SUV - SMALL',3.2,6,A9,X,12.9,9.9,11.6,24,269
INFINITI,'Q60 COUPE',SUBCOMPACT,3.7,6,AS7,Z,12.9,8.9,11.1,25,255
CHEVROLET,MALIBU,MID-SIZE,1.5,4,A6,X,8.8,6.5,7.8,36,181
CHEVROLET,SUBURBAN,'SUV - STANDARD',5.3,8,A6,X,14.9,10.1,12.7,22,292
CHEVROLET,'EXPRESS 1500 CARGO CONV AWD','VAN - CARGO',5.3,8,A4,X,18.3,14.2,16.5,17,380
MAZDA,'CX-5 (Cylinder Deactivation)','SUV - SMALL',2.5,4,AS6,X,9.3,7.6,8.5,33,201
DODGE,'Charger (MDS)',FULL-SIZE,5.7,8,A5,X,15.6,9.7,12.9,22,302
PORSCHE,BOXSTER,TWO-SEATER,2.7,6,M6,Z,11.5,7.9,9.9,29,228
HYUNDAI,ELANTRA,MID-SIZE,2,4,M6,X,9.8,7,8.5,33,198
JEEP,COMPASS,'SUV - SMALL',2.4,4,A6,X,11.1,8.3,9.8,29,225
BENTLEY,'CONTINENTAL GT CONVERTIBLE',SUBCOMPACT,6,12,AS8,Z,19.6,11.7,16,18,375
MERCEDES-BENZ,'B 250','STATION WAGON - SMALL',2,4,AS7,Z,9.2,6.6,8,35,184
HYUNDAI,Tucson,'SUV - SMALL',2,4,AS6,X,10,7.9,9.1,31,216
ACURA,'MDX SH-AWD ELITE','SUV - SMALL',3.5,6,AS9,Z,12.2,9,10.7,26,251
GMC,'SAVANA 3500 PASSENGER','VAN - PASSENGER',4.8,8,A6,X,21.3,14.3,18.2,16,419
HYUNDAI,'ELANTRA GT',MID-SIZE,2,4,A6,X,9.8,7.2,8.6,33,198
CHEVROLET,'EXPRESS 1500 PASSENGER AWD','VAN - PASSENGER',5.3,8,A4,X,18.3,14.2,16.5,17,380
BMW,'Z4 sDRIVE35i',TWO-SEATER,3,6,AM7,Z,13.7,10.1,12.1,23,278
DODGE,'JOURNEY FFV','SUV - SMALL',3.6,6,A6,X,14.2,9.5,12.1,23,284
BMW,'X3 xDrive30i','SUV - SMALL',2,4,AS8,Z,10,8.2,9.2,31,215
VOLVO,'XC90 T5 AWD','SUV - STANDARD',2,4,AS8,Z,11.3,8.5,10,28,233
AUDI,'Q5 HYBRID','SUV - SMALL',2,4,AS8,Z,9.8,7.9,8.9,32,205
MERCEDES-BENZ,'B 250','STATION WAGON - SMALL',2,4,AS7,Z,9.2,6.6,8,35,184
FORD,'F-150 FFV 4X4','PICKUP TRUCK - STANDARD',3.3,6,AS6,X,12.8,10.2,11.6,24,273
MERCEDES-BENZ,'METRIS PASSENGER','SPECIAL PURPOSE VEHICLE',2,4,AS7,Z,11.5,10.2,10.9,26,248
CADILLAC,'XT4 AWD','SUV - SMALL',2,4,AS9,Z,10.9,8.2,9.7,29,227
MAZDA,MAZDA6,MID-SIZE,2.5,4,AS6,X,8.8,6.1,7.6,37,178
GMC,'Yukon XL 4WD FFV','SUV - STANDARD',5.3,8,A6,X,16.8,11.3,14.4,20,337
MAZDA,CX-9,'SUV - SMALL',3.7,6,AS6,X,14.2,10,12.3,23,283
INFINITI,'Q50S AWD',MID-SIZE,3,6,AS7,Z,12.9,9,11.1,25,262
CHEVROLET,SILVERADO,'PICKUP TRUCK - STANDARD',5.3,8,A6,E,19.9,13.8,17.2,16,275
TOYOTA,'SEQUOIA 4WD','SUV - STANDARD',5.7,8,AS6,X,19,13.9,16.7,17,384
PORSCHE,'BOXSTER S',TWO-SEATER,2.5,4,M6,Z,12.1,9,10.7,26,249
PORSCHE,'CAYENNE PLATINUM','SUV - STANDARD',3.6,6,A8,Z,13.6,10.2,12.1,23,281
ROLLS-ROYCE,'PHANTOM COUPE',COMPACT,6.7,12,A8,Z,20.7,12.8,17.1,17,393
CADILLAC,'CT4-V AWD',COMPACT,2.7,4,AS10,Z,11.7,8.4,10.2,28,238
RAM,'1500 Classic','PICKUP TRUCK - STANDARD',5.7,8,A8,X,15.7,11,13.6,21,319
VOLKSWAGEN,GOLF,COMPACT,1.8,4,AS6,X,9.3,6.5,8.1,35,186
CADILLAC,'XT5 AWD','SUV - SMALL',3.6,6,AS8,X,12.8,9.3,11.2,25,263
PORSCHE,'911 TURBO S',MINICOMPACT,3.8,6,AM7,Z,13.7,9.6,11.9,24,278
HONDA,'Civic Sedan',MID-SIZE,2,4,AV,X,7.9,6.1,7.1,40,167
MERCEDES-BENZ,'AMG GT R Coupe',TWO-SEATER,4,8,AM7,Z,15.9,11.8,14,20,327
GMC,SIERRA,'PICKUP TRUCK - STANDARD',5.3,8,A6,X,14.6,10.3,12.7,22,292
BMW,'X7 xDrive40i','SUV - STANDARD',3,6,AS8,Z,12,9.4,10.8,26,254
BMW,'650i xDRIVE CABRIOLET',SUBCOMPACT,4.4,8,AS8,Z,15.2,9.8,12.8,22,294
INFINITI,'Q50S AWD',MID-SIZE,3,6,AS7,Z,12.9,9,11.1,25,262
LEXUS,'GS F',COMPACT,5,8,AS8,Z,14.9,9.7,12.5,23,293
'ALFA ROMEO',4C,TWO-SEATER,1.8,4,AM6,Z,9.7,6.9,8.4,34,197
PORSCHE,'911 Carrera S',MINICOMPACT,3,6,M7,Z,12.1,8.3,10.3,27,242
CHEVROLET,'SONIC 5','STATION WAGON - SMALL',1.4,4,M6,X,8.4,6.3,7.4,38,174
JAGUAR,'F-TYPE COUPE',TWO-SEATER,3,6,AS8,Z,11.8,8.4,10.3,27,237
CHEVROLET,EQUINOX,'SUV - SMALL',2.4,4,A6,X,10.5,7.3,9.1,31,209
HYUNDAI,Elantra,MID-SIZE,1.6,4,M6,X,10.7,7.8,9.4,30,221
AUDI,A3,SUBCOMPACT,2,4,AM7,X,9.1,6.8,8.1,35,188
BMW,'X3 xDrive30i','SUV - SMALL',2,4,AS8,Z,10,8.2,9.2,31,215
CHEVROLET,Traverse,'SUV - STANDARD',3.6,6,A9,X,13,8.8,11.1,25,261
KIA,'SPORTAGE AWD','SUV - SMALL',2.4,4,AS6,X,12,9.3,10.8,26,251
VOLKSWAGEN,'GOLF SPORTWAGON TDI (modified)','STATION WAGON - SMALL',2,4,M6,D,7.6,5.5,6.7,42,179
MERCEDES-BENZ,'C 300 4MATIC FFV',COMPACT,3.5,6,AS7,E,16.4,11.1,14,20,224
NISSAN,'SENTRA NISMO',MID-SIZE,1.6,4,AV7,Z,9.4,7.8,8.7,32,205
TOYOTA,86,MINICOMPACT,2,4,AS6,Z,9.9,7.3,8.7,32,204
FORD,'F-150 FFV 4X4','PICKUP TRUCK - STANDARD',3.3,6,AS6,E,17.6,13.7,15.8,18,263
RAM,'1500 eTorque','PICKUP TRUCK - STANDARD',3.6,6,A8,X,11.9,9.4,10.8,26,253
VOLKSWAGEN,PASSAT,MID-SIZE,3.6,6,AM6,X,12.2,8.5,10.6,27,246
VOLVO,'V60 CC T5 AWD','STATION WAGON - SMALL',2,4,AS8,X,10.8,7.8,9.4,30,220
AUDI,SQ5,'SUV - SMALL',3,6,AS8,Z,12.7,10,11.5,25,270
KIA,'FORTE 5',FULL-SIZE,2,4,M6,X,9.7,6.9,8.4,34,197
DODGE,'CHALLENGER SRT (MDS)',MID-SIZE,6.4,8,A8,Z,15.7,9.5,12.9,22,302
MASERATI,'Ghibli S',MID-SIZE,3,6,AS8,Z,14.1,9.8,12.2,23,286
MERCEDES-BENZ,'E 400 CABRIOLET',SUBCOMPACT,3,6,AS7,Z,11.5,8.1,10,28,233
FORD,'ESCAPE AWD','SUV - SMALL',2,4,AS6,X,11.5,8.7,10.2,28,239
SUBARU,'OUTBACK AWD','SUV - SMALL',3.6,6,AV6,X,12,8.6,10.5,27,242
NISSAN,'Rogue AWD','SUV - SMALL',2.5,4,AV,X,9.6,7.5,8.7,32,204
TOYOTA,COROLLA,MID-SIZE,1.8,4,M6,X,8.3,6.3,7.4,38,170
JEEP,'RENEGADE 4X4','SUV - SMALL',2.4,4,A9,X,11.2,8.2,9.8,29,230
FORD,'F-150 FFV 4X4','PICKUP TRUCK - STANDARD',5,8,AS10,E,20.3,14.7,17.8,16,296
LAMBORGHINI,'Huracan Coupe AWD',TWO-SEATER,5.2,10,AM7,Z,18,12.9,15.7,18,370
NISSAN,'JUKE NISMO RS AWD','STATION WAGON - SMALL',1.6,4,AV8,Z,9.4,8.1,8.8,32,202
'ASTON MARTIN',VANQUISH,MINICOMPACT,6,12,A8,Z,17.6,11.4,14.8,19,340
MERCEDES-BENZ,'E 400 4MATIC',MID-SIZE,3,6,A9,Z,11.8,8.7,10.4,27,246
AUDI,'A5 CABRIOLET QUATTRO',SUBCOMPACT,2,4,AS8,Z,11.3,8,9.8,29,230
'ALFA ROMEO',4C,TWO-SEATER,1.8,4,AM6,Z,9.7,6.9,8.4,34,197
BMW,'330i xDRIVE',COMPACT,2,4,AS8,Z,10.2,7.2,8.9,32,208
CHEVROLET,CAMARO,COMPACT,3.6,6,M6,X,14,8.4,11.5,25,265
MERCEDES-BENZ,'AMG GT ROADSTER',TWO-SEATER,4,8,AM7,Z,14.7,11,13,22,304
'ASTON MARTIN','DB11 V12',MINICOMPACT,5.2,12,A8,Z,15.5,11.4,13.7,21,322
JEEP,COMPASS,'SUV - SMALL',2,4,A6,X,11.1,8.3,9.8,29,225
BMW,'Z4 sDrive30i',TWO-SEATER,2,4,AS8,Z,9.5,7.4,8.5,33,200
MERCEDES-BENZ,'E 400 COUPE',SUBCOMPACT,3.5,6,AS7,Z,11.8,8.3,10.2,28,235
GMC,ACADIA,'SUV - STANDARD',3.6,6,A6,X,14.3,9.9,12.3,23,283
NISSAN,MURANO,'STATION WAGON - MID-SIZE',3.5,6,AV7,X,11,8.3,9.8,29,230
LEXUS,'RX 450h AWD','SUV - STANDARD',3.5,6,AV6,Z,7.7,8.2,8,35,186
GMC,'YUKON FFV','SUV - STANDARD',5.3,8,A6,X,15.1,10.4,13,22,305
BMW,'440i Coupe',COMPACT,3,6,AS8,Z,11.2,7.3,9.4,30,227
FORD,'F-150 FFV 4X4 (Payload Pkg)','PICKUP TRUCK - STANDARD',5,8,AS10,E,21.4,17.2,19.5,14,325
HYUNDAI,ELANTRA,MID-SIZE,2,4,M6,X,9.8,7,8.5,33,196
PORSCHE,'Panamera Turbo ST',FULL-SIZE,4,8,AM8,Z,13.4,10.1,11.9,24,279
AUDI,'ALLROAD QUATTRO','STATION WAGON - SMALL',2,4,AS8,Z,11.8,8.8,10.5,27,242
JEEP,'RENEGADE 4X4','SUV - SMALL',2.4,4,A9,X,11.2,8,9.8,29,225
HYUNDAI,Elantra,MID-SIZE,1.6,4,M6,X,10.7,7.8,9.4,30,221
FORD,'F-150 FFV 4X4','PICKUP TRUCK - STANDARD',3.5,6,A6,E,18.9,14.2,16.8,17,269
CHEVROLET,EQUINOX,'SUV - SMALL',1.6,4,A6,D,8.5,6,7.4,38,198
ROLLS-ROYCE,'PHANTOM EWB',FULL-SIZE,6.7,12,AS8,Z,20.7,12.9,17.2,16,404
HONDA,CR-Z,TWO-SEATER,1.5,4,M6,X,7.6,6.1,6.9,41,159
VOLKSWAGEN,'TIGUAN 4MOTION','SUV - SMALL',2,4,AS6,Z,12,10,11.1,25,263
BUICK,'Regal AWD',MID-SIZE,3.6,6,AS9,X,12.4,8.7,10.7,26,251
LEXUS,'GX 460','SUV - STANDARD',4.6,8,AS6,Z,15.7,11.8,13.9,20,320
SUBARU,'LEGACY AWD',MID-SIZE,3.6,6,AS5,X,13.3,9.5,11.6,24,267
RAM,'1500 FFV','PICKUP TRUCK - STANDARD',3.6,6,A8,E,19.7,13.8,17,17,283
CHEVROLET,'SONIC 5','STATION WAGON - SMALL',1.8,4,AS6,X,9.6,6.7,8.3,34,195
FORD,'EDGE AWD','SUV - SMALL',2,4,AS6,X,11.8,8.4,10.3,27,240
SCION,FR-S,MINICOMPACT,2,4,AS6,Z,9.6,7,8.4,34,193
KIA,Forte,MID-SIZE,1.6,4,AM7,X,8.7,6.6,7.8,36,184
RAM,'1500 Classic','PICKUP TRUCK - STANDARD',3.6,6,A8,X,13.9,9.6,11.9,24,280
GMC,'Sierra WT 4WD','PICKUP TRUCK - STANDARD',2.7,4,A8,X,12.7,11,12,24,280
GMC,'Sierra 4WD','PICKUP TRUCK - STANDARD',4.3,6,A6,X,15.8,11.9,14,20,329
ACURA,'MDX SH-AWD','SUV - SMALL',3.5,6,AS6,Z,12.7,9.1,11.1,25,255
CHEVROLET,TAHOE,'SUV - STANDARD',5.3,8,A6,X,15.1,10.4,13,22,305
NISSAN,Sentra,MID-SIZE,1.8,4,AV,X,8.1,6.3,7.3,39,172
BMW,340i,COMPACT,3,6,AS8,Z,10.9,7.2,9.3,30,217
RAM,'1500 eTorque','PICKUP TRUCK - STANDARD',3.6,6,A8,X,11.9,9.4,10.8,26,253
HYUNDAI,'VELOSTER TURBO',COMPACT,1.6,4,M6,X,9.7,7.1,8.5,33,196
VOLKSWAGEN,'GOLF ALLTRACK','STATION WAGON - SMALL',1.8,4,AM6,X,10.7,8,9.4,30,220
CHEVROLET,'EXPRESS 1500 CARGO CONV AWD','VAN - CARGO',5.3,8,A4,X,18.3,14.2,16.5,17,380
'LAND ROVER',LR4,'SUV - STANDARD',3,6,AS8,Z,16.2,12.1,14.3,20,336
GMC,'SIERRA 4WD','PICKUP TRUCK - STANDARD',5.3,8,A6,X,15,10.7,13.1,22,307
RAM,'1500 eTorque','PICKUP TRUCK - STANDARD',3.6,6,A8,X,11.9,9.4,10.8,26,253
CHEVROLET,'SILVERADO FFV','PICKUP TRUCK - STANDARD',5.3,8,A6,X,14.6,10.3,12.7,22,298
GMC,'Yukon 4WD','SUV - STANDARD',6.2,8,A10,Z,16.5,10.9,13.9,20,327
PORSCHE,Cayenne,'SUV - STANDARD',3,6,AS8,Z,12.5,10,11.4,25,265
GMC,'YUKON XL 4WD','SUV - STANDARD',5.3,8,A6,X,15.3,10.9,13.3,21,313
DODGE,'Challenger SRT Hellcat',MID-SIZE,6.2,8,M6,Z,18.1,11.4,15.1,19,352
CHEVROLET,EQUINOX,'SUV - SMALL',1.6,4,A6,D,8.5,6,7.4,38,198
VOLVO,'V60 CC T5 AWD','STATION WAGON - SMALL',2,4,AS8,Z,10.8,7.6,9.3,30,218
CHEVROLET,EQUINOX,'SUV - SMALL',2.4,4,A6,X,10.5,7.3,9.1,31,209
LAMBORGHINI,'HURACAN SPYDER',TWO-SEATER,5.2,10,AM7,Z,16.9,11.8,14.6,19,340
VOLVO,'V60 POLESTAR AWD','STATION WAGON - SMALL',3,6,AS6,X,12.8,8.9,11,26,253
PORSCHE,'911 TARGA 4',MINICOMPACT,3.4,6,M7,Z,12.9,9,11.1,25,255
PORSCHE,Boxster,TWO-SEATER,2,4,AM7,Z,10.5,8,9.4,30,219
VOLKSWAGEN,'GOLF SPORTWAGEN 4MOTION','STATION WAGON - SMALL',1.8,4,M6,X,10.8,7.6,9.3,30,218
MERCEDES-BENZ,'METRIS CARGO','SPECIAL PURPOSE VEHICLE',2,4,AS7,Z,10.8,9.5,10.2,28,233
CHEVROLET,'SONIC 5','STATION WAGON - SMALL',1.4,4,AS6,X,9,6.8,8,35,188
CHEVROLET,'SONIC RS',COMPACT,1.4,4,AS6,X,9.4,7,8.3,34,191
TOYOTA,'RAV4 Hybrid AWD','SUV - SMALL',2.5,4,AV6,X,5.8,6.3,6,47,140
MINI,'Cooper Countryman ALL4',MID-SIZE,1.5,3,AS8,Z,9.8,7.1,8.6,33,200
AUDI,'A5 CABRIOLET QUATTRO',SUBCOMPACT,2,4,AS8,Z,11.3,8,9.8,29,230
FORD,F-150,'PICKUP TRUCK - STANDARD',5,8,AS10,X,14.1,10.4,12.4,23,292
LEXUS,'LS 500h AWD',MID-SIZE,3.5,6,AV10,Z,10.3,7.7,9.1,31,214
MERCEDES-BENZ,'GL 350 BLUETEC 4MATIC','SUV - STANDARD',3,6,AS7,D,13.6,10,12,24,322
JAGUAR,'F-TYPE S COUPE',TWO-SEATER,3,6,AS8,Z,12.5,8.7,10.8,26,254
MAZDA,'CX-5 4WD','SUV - SMALL',2.5,4,AS6,X,9.9,7.9,9,31,207
DODGE,'CHARGER FFV',FULL-SIZE,3.6,6,A8,X,12.3,7.6,10.2,28,235
LEXUS,'RC 350 AWD',SUBCOMPACT,3.5,6,AS6,Z,13.1,9.8,11.2,25,262
GMC,Canyon,'PICKUP TRUCK - SMALL',3.6,6,A8,X,13.4,9.6,11.7,24,273
JEEP,'CHEROKEE 4X4 ACTIVE DRIVE LOCK','SUV - SMALL',3.2,6,A9,X,12.9,9.9,11.6,24,269
FORD,'TRANSIT CONNECT VAN FFV','SPECIAL PURPOSE VEHICLE',2.5,4,AS6,X,11.9,8.7,10.4,27,244
MERCEDES-BENZ,'GLA 250 4MATIC','SUV - SMALL',2,4,AS7,Z,9.8,7.4,8.7,32,200
GMC,SIERRA,'PICKUP TRUCK - STANDARD',5.3,8,A6,X,14.6,10.3,12.7,22,292
LAMBORGHINI,'Aventador Coupe',TWO-SEATER,6.5,12,AM7,Z,26.2,15.5,21.4,13,485
GMC,'Sierra 4WD','PICKUP TRUCK - STANDARD',4.3,6,A6,X,15.8,11.9,14,20,329
AUDI,'A3 CABRIOLET QUATTRO',SUBCOMPACT,2,4,AM6,Z,10.1,7.5,8.9,32,205
BMW,'M240i Cabriolet',SUBCOMPACT,3,6,AS8,Z,11.2,7.8,9.7,29,227
JEEP,Cherokee,'SUV - SMALL',2.4,4,A9,X,10.8,7.6,9.3,30,219
CHEVROLET,'EQUINOX FFV','SUV - SMALL',2.4,4,A6,E,15.6,10.8,13.4,21,221
JEEP,'CHEROKEE 4X4 ACTIVE DRIVE I','SUV - SMALL',2.4,4,A9,X,11.3,8.4,10,28,235
GMC,ACADIA,'SUV - STANDARD',3.6,6,A6,X,14.3,9.9,12.3,23,283
MAZDA,'Mazda3 5-Door 4WD',MID-SIZE,2.5,4,AS6,X,9.8,7.4,8.7,32,204
GMC,'YUKON XL','SUV - STANDARD',5.3,8,A6,X,14.9,10.1,12.7,22,292
VOLKSWAGEN,'Beetle Convertible',SUBCOMPACT,2,4,AS6,X,9,7.1,8.2,34,191
SCION,FR-S,MINICOMPACT,2,4,M6,Z,10.9,7.9,9.6,29,224
ROLLS-ROYCE,'PHANTOM COUPE',COMPACT,6.7,12,AS8,Z,20.9,12.7,17.2,16,396
VOLKSWAGEN,'Golf GTI',COMPACT,2,4,M6,X,9.8,7.3,8.7,32,203
PORSCHE,'911 CARRERA 4S CABRIOLET',MINICOMPACT,3.8,6,M7,Z,12.9,9.1,11.2,25,258
JAGUAR,'F-TYPE Coupe R-Dynamic AWD',TWO-SEATER,3,6,AS8,Z,13,9.2,11.3,25,265
GMC,'ACADIA AWD','SUV - STANDARD',3.6,6,A6,X,16.1,10.8,13.7,21,323
FORD,'TRANSIT CONNECT WAGON LWB FFV','SPECIAL PURPOSE VEHICLE',2.5,4,AS6,E,16.8,12.1,14.7,19,242
FORD,'EXPEDITION 4X4','SUV - STANDARD',3.5,6,AS6,X,15.9,12,14.2,20,333
VOLVO,'V60 T5 AWD','STATION WAGON - SMALL',2.5,5,AS6,X,11.6,8.2,10.1,28,232
GMC,'YUKON 4WD','SUV - STANDARD',6.2,8,A10,Z,16.4,10.7,13.8,20,325
TOYOTA,Avalon,MID-SIZE,3.5,6,AS8,X,10.9,7.6,9.4,30,220
KIA,'SORENTO AWD','SUV - SMALL',2,4,AS6,X,12.3,9.4,11,26,259
LEXUS,'GX 460','SUV - STANDARD',4.6,8,AS6,Z,15.7,11.8,13.9,20,320
GMC,'YUKON XL FFV','SUV - STANDARD',5.3,8,A6,E,19.8,13.9,17.2,16,285
MERCEDES-BENZ,'AMG SLC 43',TWO-SEATER,3,6,A9,Z,11.6,8.2,10.1,28,236
'LAND ROVER','RANGE ROVER SPORT SUPERCHARGED','SUV - STANDARD',5,8,AS8,Z,16.6,12.3,14.7,19,344
NISSAN,GT-R,SUBCOMPACT,3.8,6,AM6,Z,14.2,10.7,12.6,22,295
CHRYSLER,'PACIFICA (Stop-Start)',MINIVAN,3.6,6,A9,X,12.4,8.4,10.6,27,249
FORD,ESCAPE,'SUV - SMALL',1.5,4,AS6,X,10.2,7.8,9.1,31,214
FORD,'F-150 FFV 4X4','PICKUP TRUCK - STANDARD',5,8,AS10,E,20.3,14.7,17.8,16,296
GMC,'TERRAIN FFV','SUV - SMALL',2.4,4,A6,E,15.6,10.8,13.4,21,221
VOLKSWAGEN,'Golf GTI',COMPACT,2,4,M6,X,9.8,7.3,8.7,32,203
INFINITI,Q50,MID-SIZE,3,6,AS7,Z,12.1,8.1,10.3,27,242
CHEVROLET,EQUINOX,'SUV - SMALL',2.4,4,A6,X,10.5,7.3,9.1,31,209
DODGE,'AVENGER FFV',MID-SIZE,3.6,6,A6,E,17,11.2,14.4,20,230
NISSAN,MICRA,COMPACT,1.6,4,M5,X,8.6,6.6,7.7,37,177
HONDA,'CIVIC HATCHBACK',FULL-SIZE,1.5,4,M6,X,8,6.2,7.2,39,167
AUDI,'A4 allroad quattro','STATION WAGON - SMALL',2,4,AM7,Z,10,7.4,8.8,32,206
CHEVROLET,'Camaro SS',SUBCOMPACT,6.2,8,M6,Z,14.9,9.9,12.6,22,296
'LAND ROVER','Range Rover Sport TD6 Diesel','SUV - STANDARD',3,6,AS8,D,10.7,8.3,9.6,29,256
BMW,'X5 M50i','SUV - STANDARD',4.4,8,AS8,Z,14.5,10.7,12.8,22,302
MERCEDES-BENZ,'B 250','STATION WAGON - SMALL',2,4,AS7,Z,9.2,6.6,8,35,184
PORSCHE,'911 TARGA 4',MINICOMPACT,3.4,6,M7,Z,12.9,9,11.1,25,255
CHRYSLER,'300 AWD',FULL-SIZE,3.6,6,A8,X,12.8,8.6,10.9,26,251
HONDA,'CIVIC COUPE',COMPACT,1.5,4,AV,X,7.5,5.6,6.7,42,155
FORD,'F-150 FFV 4X4','PICKUP TRUCK - STANDARD',5,8,AS6,X,16,11.3,13.8,20,324
ACURA,'RDX AWD','SUV - SMALL',2,4,AS10,Z,11,8.6,9.9,29,232
INFINITI,'Q60 AWD',SUBCOMPACT,3,6,AS7,Z,12.3,8.7,10.7,26,251
MERCEDES-BENZ,'C 350 COUPE',SUBCOMPACT,3.5,6,AS7,Z,12.1,8.6,10.5,27,242
HYUNDAI,EQUUS,FULL-SIZE,5,8,AS8,Z,15.8,10.2,13.3,21,312
PORSCHE,'CAYENNE PLATINUM','SUV - STANDARD',3.6,6,A8,Z,13.6,10.2,12.1,23,281
NISSAN,QUEST,MINIVAN,3.5,6,AV,X,12,8.7,10.5,27,242
RAM,'1500 (MDS)','PICKUP TRUCK - STANDARD',5.7,8,A8,X,15.7,10.9,13.6,21,313
HYUNDAI,'SANTA FE','SUV - SMALL',3.3,6,AS6,X,12.9,9.4,11.3,25,265
CHEVROLET,CORVETTE,TWO-SEATER,6.2,8,M7,Z,13.7,8.2,11.2,25,263
CHRYSLER,'200 SEDAN FFV',MID-SIZE,3.6,6,A6,X,12.5,8.1,10.5,27,242
KIA,'OPTIMA HYBRID',MID-SIZE,2.4,4,AS6,X,6.5,5.9,6.2,46,143
CHEVROLET,'SILVERADO 4WD','PICKUP TRUCK - STANDARD',6.2,8,A6,Z,16.4,11.7,14.3,20,329
MAZDA,'CX-5 4WD','SUV - SMALL',2.5,4,AS6,X,9.8,7.9,9,31,210
BMW,M2,SUBCOMPACT,3,6,AM7,Z,11.8,8.9,10.5,27,245
VOLKSWAGEN,'GOLF SPORTWAGEN 4MOTION','STATION WAGON - SMALL',1.8,4,M6,X,10.8,7.6,9.3,30,218
VOLKSWAGEN,'GOLF R',COMPACT,2,4,M6,Z,11.1,8.1,9.8,29,227
GMC,'YUKON XL','SUV - STANDARD',5.3,8,A6,X,15.1,10.4,13,22,305
NISSAN,MICRA,COMPACT,1.6,4,M5,X,8.6,6.6,7.7,37,177
JEEP,'GRAND CHEROKEE 4X4','SUV - STANDARD',5.7,8,A8,X,16.6,10.7,14,20,328
BMW,'M5 Sedan',MID-SIZE,4.4,8,AS8,Z,16,11,13.8,20,322
INFINITI,Q70,MID-SIZE,3.7,6,AS7,Z,12.8,8.9,11,26,253
MAZDA,MX-5,TWO-SEATER,2,4,AS6,Z,11.5,8.5,10.1,28,232
CHEVROLET,'Colorado ZR2 4WD','PICKUP TRUCK - SMALL',2.8,4,A6,D,13.3,10.6,12.1,23,326
BMW,'M6 GRAN COUPE',COMPACT,4.4,8,AM7,Z,17.3,11.5,14.7,19,344
PORSCHE,'911 CARRERA S',MINICOMPACT,3.8,6,AM7,Z,11.9,8.7,10.5,27,245
NISSAN,MICRA,COMPACT,1.6,4,M5,X,8.6,6.6,7.7,37,177
NISSAN,Micra,COMPACT,1.6,4,A4,X,9,6.8,8,35,188
PORSCHE,CAYENNE,'SUV - STANDARD',3.6,6,M6,Z,15.8,10.9,13.6,21,313
ROLLS-ROYCE,GHOST,FULL-SIZE,6.6,12,AS8,Z,19.2,12.4,16.1,18,370
FORD,ESCAPE,'SUV - SMALL',2.5,4,AS6,X,10.9,7.6,9.5,30,218
CHEVROLET,'CITY EXPRESS','SPECIAL PURPOSE VEHICLE',2,4,AV,X,9.8,9,9.4,30,220
BUICK,ENCLAVE,'SUV - STANDARD',3.6,6,A6,X,14.3,9.9,12.3,23,283
FORD,'F-150 FFV','PICKUP TRUCK - STANDARD',3.5,6,A6,X,13.2,9.7,11.6,24,272
LEXUS,'RX 450h AWD','SUV - STANDARD',3.5,6,AV6,Z,7.5,8.4,7.9,36,185
GMC,'Yukon XL','SUV - STANDARD',5.3,8,A6,X,15.7,10.5,13.4,21,314
NISSAN,Sentra,MID-SIZE,1.8,4,AV,X,8.1,6.3,7.3,39,172
BMW,'M4 Coupe Competition',COMPACT,3,6,AM7,Z,14.3,10.4,12.6,22,294
VOLKSWAGEN,'GOLF TDI (modified)',COMPACT,2,4,AM6,D,7.6,5.5,6.5,43,177
CHEVROLET,'EXPRESS 2500 PASSENGER FFV','VAN - PASSENGER',6,8,A6,E,30.3,20.5,25.9,11,414
PORSCHE,'911 CARRERA 4',MINICOMPACT,3,6,AM7,Z,10.7,8.3,9.6,29,225
KIA,FORTE,MID-SIZE,2,4,A6,X,9.8,6.6,8.4,34,193
SUBARU,'CROSSTREK AWD','SUV - SMALL',2,4,M6,X,10.5,8.1,9.4,30,220
BUICK,VERANO,COMPACT,2.4,4,AS6,X,11.3,7.6,9.7,29,226
CHEVROLET,'COLORADO 4WD','PICKUP TRUCK - SMALL',2.8,4,A6,D,12,8.2,10.3,27,277
CHEVROLET,COLORADO,'PICKUP TRUCK - SMALL',2.5,4,A6,X,12,9.2,10.7,26,252
LEXUS,'RC F',SUBCOMPACT,5,8,AS8,Z,15.2,9.5,12.6,22,290
'ALFA ROMEO','4C Spider',TWO-SEATER,1.8,4,AM6,Z,9.7,6.9,8.4,34,197
JEEP,'RENEGADE FFV','SUV - SMALL',2.4,4,A9,X,10.8,7.8,9.5,30,222
CADILLAC,'XT5 AWD','SUV - SMALL',3.6,6,AS8,X,12.8,9.3,11.2,25,263
MAZDA,'MAZDA6 (i-ELOOP)',MID-SIZE,2.5,4,AS6,X,8.9,6.7,7.9,36,186
MERCEDES-BENZ,'AMG G 63','SUV - STANDARD',5.5,8,A7,Z,19.9,15.5,17.9,16,419
CHEVROLET,Blazer,'SUV - SMALL',3.6,6,A9,X,12,9,10.6,27,250
CHEVROLET,SILVERADO,'PICKUP TRUCK - STANDARD',5.3,8,A6,X,14.6,10.4,12.7,22,298
BMW,'335i xDRIVE SEDAN',COMPACT,3,6,AS8,Z,11.9,7.8,10,28,230
PORSCHE,'911 TARGA 4',MINICOMPACT,3.4,6,M7,Z,12.9,9,11.1,25,255
FORD,MUSTANG,SUBCOMPACT,5,8,M6,X,15.5,9.5,12.8,22,300
BUICK,'LACROSSE AWD',MID-SIZE,3.6,6,AS9,X,11.8,8,10.1,28,237
FORD,'F-150 FFV 4X4 (Payload Pkg)','PICKUP TRUCK - STANDARD',5,8,AS6,X,16.8,12.4,14.8,19,347
PORSCHE,'911 CARRERA 4S',MINICOMPACT,3,6,M7,Z,12.1,8.4,10.4,27,243
GMC,'TERRAIN FFV','SUV - SMALL',2.4,4,A6,X,10.5,7.3,9.1,31,214
GMC,YUKON,'SUV - STANDARD',5.3,8,A6,E,20.2,13.6,17.2,16,275
CHEVROLET,'Camaro SS',SUBCOMPACT,6.2,8,M6,Z,14.9,9.9,12.6,22,297
FORD,Mustang,SUBCOMPACT,5,8,M6,X,16.1,9.9,13.3,21,312
BUICK,LACROSSE,MID-SIZE,3.6,6,AS6,X,13.7,8.7,11.5,25,264
HONDA,Odyssey,MINIVAN,3.5,6,AS9,X,12.6,8.4,10.7,26,252
GMC,'Yukon 4WD','SUV - STANDARD',6.2,8,A10,Z,16.5,10.9,13.9,20,327
AUDI,'A3 CABRIOLET QUATTRO',SUBCOMPACT,2,4,AM6,X,10.8,8,9.5,30,223
DODGE,'JOURNEY FFV','SUV - SMALL',3.6,6,A6,X,14.2,9.4,12.1,23,283
KIA,'SEDONA SXL',MINIVAN,3.3,6,AS6,X,14.2,10.5,12.5,23,296
VOLKSWAGEN,'Golf SportWagen','STATION WAGON - SMALL',1.4,4,AS8,X,8.6,6.5,7.6,37,178
MAZDA,MAZDA6,MID-SIZE,2.5,4,M6,X,9.4,6.4,8.1,35,186
MERCEDES-BENZ,'GLA 250 4MATIC','SUV - SMALL',2,4,AS7,Z,9.8,7.4,8.7,32,200
PORSCHE,'911 CARRERA S',MINICOMPACT,3.8,6,AM7,Z,11.9,8.7,10.5,27,245
AUDI,S4,COMPACT,3,6,AS8,Z,11.3,8,9.8,29,230
JEEP,'Grand Cherokee 4X4 SRT','SUV - STANDARD',6.4,8,A8,Z,18.3,12.6,15.7,18,368
PORSCHE,CAYENNE,'SUV - STANDARD',3.6,6,A8,Z,12.9,9.7,11.5,25,268
ROLLS-ROYCE,DAWN,COMPACT,6.6,12,AS8,Z,20,12.6,16.7,17,390
JEEP,'RENEGADE FFV','SUV - SMALL',2.4,4,A9,X,10.8,7.8,9.5,30,222
MERCEDES-BENZ,'AMG GLE 63 S COUPE 4MATIC','SUV - STANDARD',5.5,8,AS7,Z,17.2,12.8,15.2,19,363
DODGE,'CHALLENGER (MDS)',MID-SIZE,5.7,8,A8,X,14.7,9.4,12.3,23,289
'ALFA ROMEO','Stelvio AWD Quadrifoglio','SUV - SMALL',2.9,6,A8,Z,13.9,10.3,12.3,23,288
PORSCHE,'Macan S','SUV - SMALL',3,6,AM7,Z,12.9,10.2,11.7,24,272
NISSAN,'NV200 CARGO VAN','SPECIAL PURPOSE VEHICLE',2,4,AV,X,9.8,8.8,9.3,30,218
BMW,'M6 CABRIOLET',SUBCOMPACT,4.4,8,M6,Z,16.1,10.9,13.7,21,321
BMW,'X4 M40i','SUV - SMALL',3,6,AS8,Z,11.9,8.7,10.4,27,245
KIA,'Sportage AWD','SUV - SMALL',2.4,4,AS6,X,11.3,9.5,10.5,27,247
SUBARU,'Impreza 5-Door AWD','STATION WAGON - SMALL',2,4,M5,X,10.1,7.7,9,31,211
MITSUBISHI,'Mirage G4',COMPACT,1.2,3,M5,X,7.2,5.9,6.6,43,153
FORD,'F-150 FFV 4X4','PICKUP TRUCK - STANDARD',3.3,6,AS6,E,17.6,13.7,15.8,18,263
MASERATI,'GHIBLI AWD',MID-SIZE,3,6,AS8,Z,15.2,9.6,12.7,22,292
PORSCHE,'911 Carrera S Cabriolet',MINICOMPACT,3,6,AM8,Z,12.7,10.2,11.6,24,272
CHEVROLET,'EXPRESS 3500 PASSENGER FFV','VAN - PASSENGER',6,8,A6,X,22.2,15.1,19,15,437
'ASTON MARTIN','DB11 V12',MINICOMPACT,5.2,12,A8,Z,15.5,11.4,13.7,21,322
GMC,'Sierra FFV','PICKUP TRUCK - STANDARD',5.3,8,A6,X,15.7,11.9,14,20,329
GMC,'SIERRA 4WD FFV','PICKUP TRUCK - STANDARD',5.3,8,A6,E,20.5,14.4,17.8,16,295
LEXUS,'ES 300h',MID-SIZE,2.5,4,AS6,X,5.5,5.2,5.3,53,124
HONDA,'ACCORD COUPE',MID-SIZE,3.5,6,M6,X,12.9,8.4,10.9,26,254
SCION,xD,SUBCOMPACT,1.8,4,M5,X,8.6,7.1,7.9,36,182
JEEP,'Grand Cherokee 4X4','SUV - STANDARD',5.7,8,A8,X,16.7,10.9,14.1,20,331
MERCEDES-BENZ,'GLA 250 4MATIC','SUV - SMALL',2,4,AS7,Z,9.8,7.4,8.7,32,200
CHEVROLET,TRAVERSE,'SUV - STANDARD',2,4,A9,Z,11.7,9,10.5,27,246
CADILLAC,'CTS Vsport',MID-SIZE,3.6,6,AS8,Z,15,9.9,12.7,22,299
JEEP,'Cherokee 4X4 Active Drive I','SUV - SMALL',2,4,A9,X,11.2,8,9.8,29,229
BMW,'X3 xDRIVE28d','SUV - SMALL',2,4,AS8,D,8.6,6.9,7.9,36,213
AUDI,'A4 ALLROAD QUATTRO','STATION WAGON - SMALL',2,4,AS8,Z,11.2,8.4,9.9,28,228
HONDA,'Pilot AWD','SUV - SMALL',3.5,6,AS9,X,12.4,9.3,11,26,257
INFINITI,Q70,MID-SIZE,3.7,6,AS7,Z,12.8,8.9,11,26,253
BMW,M6,COMPACT,4.4,8,M6,Z,16.2,10.9,13.8,20,324
MERCEDES-BENZ,'GLA 250 4MATIC','SUV - SMALL',2,4,AS7,Z,9.8,7.4,8.7,32,200
MERCEDES-BENZ,'GLC 300 4MATIC','SUV - SMALL',2,4,A9,Z,11,8.7,10,28,234
PORSCHE,Cayenne,'SUV - STANDARD',3,6,AS8,Z,12.5,10,11.4,25,265
FORD,'Expedition 4X4','SUV - STANDARD',3.5,6,AS10,X,14.1,10.6,12.5,23,293
AUDI,A3,SUBCOMPACT,2,4,AM7,X,9.1,6.8,8.1,35,188
FORD,'Edge AWD','SUV - SMALL',2,4,AS8,X,11.4,8.3,10,28,233
VOLKSWAGEN,GOLF,COMPACT,1.8,4,AS6,X,9.3,6.5,8.1,35,186
JEEP,PATRIOT,'SUV - SMALL',2,4,M5,X,10.2,7.8,9.2,31,212
'ASTON MARTIN',RAPIDE,SUBCOMPACT,5.9,12,A6,Z,18,12.6,15.6,18,359
CHEVROLET,CORVETTE,TWO-SEATER,6.2,8,AS8,Z,15.5,9.2,12.7,22,297
AUDI,Q5,'SUV - SMALL',2,4,AS7,Z,10.4,8.6,9.6,29,226
FORD,FUSION,MID-SIZE,2.5,4,A6,X,11.3,7.5,9.6,29,224
BMW,'430i xDRIVE CABRIOLET',SUBCOMPACT,2,4,AS8,Z,10.7,7.3,9.1,31,214
FORD,'EXPEDITION 4X4 FFV','SUV - STANDARD',5.4,8,A6,X,18.2,13.3,16,18,368
KIA,'SORENTO AWD FE','SUV - SMALL',3.3,6,AS6,X,13.2,9.3,11.4,25,270
FORD,'F-150 FFV 4X4','PICKUP TRUCK - STANDARD',3.3,6,AS6,E,17.6,13.7,15.8,18,263
TOYOTA,'RAV4 LE/XLE','SUV - SMALL',2.5,4,AS6,X,10,7.6,8.9,32,208
MINI,'COOPER S 5 DOOR',SUBCOMPACT,2,4,M6,Z,10.2,7.3,8.9,32,210
MERCEDES-BENZ,'AMG CLA 45 4MATIC',COMPACT,2,4,AM7,Z,10.3,7.9,9.2,31,217
CHEVROLET,'Silverado 4WD','PICKUP TRUCK - STANDARD',4.3,6,A6,X,15.7,12,14.1,20,331
GMC,'TERRAIN AWD','SUV - SMALL',3.6,6,A6,X,14.9,10.1,12.8,22,300
AUDI,'A5 CABRIOLET QUATTRO',SUBCOMPACT,2,4,AS8,Z,11.3,8,9.8,29,225
BMW,'M6 CABRIOLET',SUBCOMPACT,4.4,8,M6,Z,16.1,10.9,13.7,21,321
VOLVO,'V60 POLESTAR','STATION WAGON - SMALL',2,4,AS8,Z,11.8,8.5,10.3,27,241
PORSCHE,'911 CARRERA S',MINICOMPACT,3.8,6,AM7,Z,11.9,8.7,10.5,27,245
PORSCHE,'911 CARRERA 4 CABRIOLET',MINICOMPACT,3,6,AM7,Z,11,8.4,9.8,29,230
CHRYSLER,'PACIFICA (Stop-Start)',MINIVAN,3.6,6,A9,X,12.4,8.4,10.6,27,249
MERCEDES-BENZ,'S 560 4MATIC COUPE',COMPACT,4,8,A9,Z,13.6,8.8,11.4,25,269
JEEP,'WRANGLER UNLIMITED 4X4','SUV - SMALL',3.6,6,A5,X,14.8,11.7,13.4,21,314
JEEP,'CHEROKEE 4X4 ACTIVE DRIVE I','SUV - SMALL',2.4,4,A9,X,11.3,8.4,10,28,235
GMC,Canyon,'PICKUP TRUCK - SMALL',3.6,6,A8,X,13.4,9.6,11.7,24,274
PORSCHE,'911 TURBO CABRIOLET',MINICOMPACT,3.8,6,AM7,Z,12.6,9.9,11.4,25,267
BMW,320i,COMPACT,2,4,AS8,Z,10,6.5,8.4,34,200
GMC,'YUKON FFV','SUV - STANDARD',5.3,8,A6,E,19.8,13.9,17.2,16,285
BMW,320i,COMPACT,2,4,AS8,Z,10,6.5,8.4,34,200
NISSAN,FRONTIER,'PICKUP TRUCK - SMALL',2.5,4,M5,X,12.2,10.4,11.4,25,268
MAZDA,'MAZDA3 5-DOOR (SIL)',MID-SIZE,2.5,4,M6,X,9.2,6.6,8.1,35,186
BMW,'M4 COUPE',COMPACT,3,6,AM7,Z,14,9.7,12.1,23,284
CHEVROLET,SILVERADO,'PICKUP TRUCK - STANDARD',5.3,8,A6,X,14.6,10.3,12.7,22,298
VOLKSWAGEN,'GOLF ALLTRACK','STATION WAGON - SMALL',1.8,4,M6,X,11.1,7.8,9.6,29,225
GMC,'YUKON DENALI XL AWD','SUV - STANDARD',6.2,8,A6,E,25.7,17.8,22.1,13,354
NISSAN,'TITAN 4WD PRO-4X','PICKUP TRUCK - STANDARD',5.6,8,AS7,X,16,12,14.2,20,333
PORSCHE,BOXSTER,TWO-SEATER,2,4,AM7,Z,10.5,8,9.4,30,219
HYUNDAI,VELOSTER,COMPACT,1.6,4,AM6,X,8.3,6.7,7.6,37,180
MAZDA,CX-9,'SUV - SMALL',3.7,6,AS6,X,14.2,10,12.3,23,283
MERCEDES-BENZ,'G 63 AMG','SUV - STANDARD',5.5,8,AS7,Z,20,16.6,18.5,15,426
AUDI,A3,SUBCOMPACT,2,4,AM7,X,9.1,6.8,8.1,35,188
MINI,'John Cooper Works Countryman ALL4',MID-SIZE,2,4,AS8,Z,10,7.8,9,31,210
GMC,'SIERRA 4WD','PICKUP TRUCK - STANDARD',4.3,6,A6,E,20,15.1,17.8,16,285
PORSCHE,'911 CARRERA 4 CABRIOLET',MINICOMPACT,3.4,6,M7,Z,12.5,9,10.9,26,257
MAZDA,MAZDA5,MINIVAN,2.5,4,AS5,X,10.8,8.2,9.6,29,226
DODGE,'CHALLENGER SRT (MDS)',MID-SIZE,6.4,8,A8,Z,15.7,9.5,12.9,22,302
BMW,'328d xDRIVE',COMPACT,2,4,AS8,D,7.8,5.9,7,40,184
KIA,'SORENTO AWD','SUV - SMALL',2,4,AS6,X,12.3,9.4,11,26,259
LINCOLN,'Continental AWD',FULL-SIZE,3.7,6,AS6,X,14.3,9.7,12.2,23,287
CHEVROLET,EQUINOX,'SUV - SMALL',3.6,6,A6,E,18.8,13.1,16.2,17,259
CHRYSLER,'300 AWD',FULL-SIZE,3.6,6,A8,X,12.8,8.6,10.9,26,251
CHEVROLET,'Camaro SS',SUBCOMPACT,6.2,8,M6,Z,14.9,9.9,12.6,22,296
BMW,'X3 M Competition','SUV - SMALL',3,6,AS8,Z,16.6,12.1,14.6,19,339
NISSAN,'Armada 4WD','SUV - STANDARD',5.6,8,AS7,X,17.5,12.9,15.4,18,362
BMW,'Alpina B7 xDrive',FULL-SIZE,4.4,8,AS8,Z,14.5,9.9,12.4,23,290
HYUNDAI,'ELANTRA GT',FULL-SIZE,2,4,M6,X,9.8,7.3,8.7,32,205
MERCEDES-BENZ,'G 63 AMG','SUV - STANDARD',5.5,8,AS7,Z,20,16.6,18.5,15,426
AUDI,S4,COMPACT,3,6,M6,Z,13.8,9,11.7,24,269
LINCOLN,'Nautilus AWD','SUV - SMALL',2,4,AS8,X,12,9.6,10.7,26,250
LINCOLN,'MKT LIVERY','SPECIAL PURPOSE VEHICLE',2,4,AS6,X,11.5,8.5,10.2,28,235
HONDA,'HR-V AWD','STATION WAGON - SMALL',1.8,4,AV,X,8.9,7.5,8.2,34,194
JAGUAR,'F-PACE 25t','SUV - SMALL',2,4,AS8,Z,10.7,8.8,9.9,29,227
MINI,'Cooper Countryman ALL4',MID-SIZE,1.5,3,AS8,Z,9.8,7.1,8.6,33,200
JEEP,Compass,'SUV - SMALL',2.4,4,M6,X,10.4,7.3,9,31,211
MERCEDES-BENZ,'SLS AMG ROADSTER',TWO-SEATER,6.2,8,AS7,Z,18.2,12.6,15.7,18,361
NISSAN,'NV200 CARGO VAN','SPECIAL PURPOSE VEHICLE',2,4,AV,X,9.7,9,9.4,30,216
CADILLAC,ATS,COMPACT,2.5,4,AS6,X,11.1,7.2,9.3,30,214
DODGE,'CHALLENGER SRT (MDS)',MID-SIZE,6.4,8,A8,Z,15.6,9.6,12.9,22,302
CHEVROLET,'CRUZE LIMITED ECO',MID-SIZE,1.4,4,A6,X,9,6.1,7.7,37,181
'LAND ROVER',LR2,'SUV - SMALL',2,4,AS6,Z,13.5,9.9,11.9,24,274
AUDI,A3,SUBCOMPACT,2,4,AM7,X,9.1,6.8,8,35,188
MASERATI,GHIBLI,MID-SIZE,3,6,AS8,Z,14.1,9.8,12.4,23,286
JEEP,PATRIOT,'SUV - SMALL',2,4,AV,X,10.8,8.9,10,28,234
BMW,'M4 CABRIOLET',SUBCOMPACT,3,6,M6,Z,13.7,9.1,11.7,24,273
AUDI,'TTS Coupe',SUBCOMPACT,2,4,AM7,Z,10.4,8.2,9.4,30,220
RAM,'1500 (MDS)','PICKUP TRUCK - STANDARD',5.7,8,A8,X,15.7,10.9,13.6,21,313
MERCEDES-BENZ,'E 400 COUPE',SUBCOMPACT,3,6,AS7,Z,11.8,8.4,10.2,28,239
VOLKSWAGEN,GOLF,COMPACT,1.8,4,AS6,X,9.3,6.5,8.1,35,189
'LAND ROVER','RANGE ROVER EVOQUE CONVERTIBLE','SUV - SMALL',2,4,AS9,Z,11.2,8.2,9.8,29,231
GENESIS,'G90 AWD',FULL-SIZE,5,8,AS8,Z,15.2,10.2,13,22,306
CADILLAC,'CTS AWD',MID-SIZE,3.6,6,AS8,X,12.2,8.6,10.6,27,248
FORD,'F-150 FFV 4X4','PICKUP TRUCK - STANDARD',3.3,6,AS6,E,17.6,13.7,15.8,18,263
BMW,'M235i CABRIOLET',SUBCOMPACT,3,6,M6,Z,12.1,8.4,10.5,27,246
CADILLAC,'CTS COUPE',MID-SIZE,3.6,6,AS6,X,13.2,8.7,11.2,25,258
JAGUAR,'XE 20d AWD',COMPACT,2,4,AS8,D,7.8,5.8,6.9,41,186
PORSCHE,'911 TURBO S',MINICOMPACT,3.8,6,AM7,Z,12.6,9.9,11.4,25,266
GMC,'SAVANA 3500 PASSENGER','VAN - PASSENGER',4.8,8,A6,X,21.3,14.3,18.2,16,419
VOLVO,'S60 AWD',COMPACT,3,6,AS6,X,13.2,9.5,11.5,25,264
MAZDA,'CX-5 (Cylinder Deactivation)','SUV - SMALL',2.5,4,AS6,X,9.3,7.6,8.5,33,201
MERCEDES-BENZ,'GLC 300 4MATIC COUPE','SUV - SMALL',2,4,A9,Z,11,8.7,10,28,235
BMW,340i,COMPACT,3,6,AS8,Z,10.9,7.2,9.3,30,217
MINI,'Cooper Countryman ALL4',MID-SIZE,1.5,3,AS8,Z,9.8,7.1,8.6,33,200
GMC,'ACADIA AWD','SUV - STANDARD',3.6,6,A6,X,16.1,10.8,13.7,21,323
SUBARU,'FORESTER AWD','SUV - SMALL',2.5,4,AV,X,9.6,7.4,8.6,33,198
DODGE,DART,MID-SIZE,2.4,4,A6,X,10.1,6.8,8.6,33,198
CADILLAC,'CT6 AWD',FULL-SIZE,3.6,6,AS10,X,13,8.8,11.1,25,261
BUICK,'LACROSSE eASSIST',MID-SIZE,2.4,4,AS6,X,9.6,6.5,8.2,34,189
MERCEDES-BENZ,'AMG SLC 43',TWO-SEATER,3,6,A9,Z,11.6,8.2,10.1,28,236
ACURA,'RLX HYBRID',MID-SIZE,3.5,6,AM7,Z,8.4,8.2,8.4,34,196
CHRYSLER,300,FULL-SIZE,3.6,6,A8,X,12.4,7.8,10.3,27,242
MINI,'COOPER ROADSTER',TWO-SEATER,1.6,4,AS6,Z,8.6,6.5,7.7,37,177
AUDI,A8L,FULL-SIZE,4,8,AS8,Z,13.1,8.3,10.9,26,255
VOLVO,'V60 T5 AWD','STATION WAGON - SMALL',2,4,AS8,X,11,8.1,9.7,29,226
HONDA,'Passport AWD','SUV - SMALL',3.5,6,A9,X,12.5,9.8,11.3,25,265
FORD,FUSION,MID-SIZE,2.5,4,AS6,X,10.5,6.9,8.9,32,209
KIA,RIO,COMPACT,1.6,4,M6,X,8.7,6.4,7.7,37,177
'ALFA ROMEO',4C,TWO-SEATER,1.8,4,AM6,Z,9.7,6.9,8.4,34,197
'ASTON MARTIN','V8 VANTAGE S',TWO-SEATER,4.7,8,AM7,Z,17.4,11.3,14.7,19,343
ACURA,TLX,COMPACT,3.5,6,AS9,Z,11.2,6.9,9.2,31,212
SUBARU,'Ascent AWD','SUV - STANDARD',2.4,4,AV8,X,11.6,9,10.4,27,244
BMW,'M850i xDrive Coupe',SUBCOMPACT,4.4,8,AS8,Z,13.3,9.2,11.5,25,269
GMC,'YUKON 4WD','SUV - STANDARD',6.2,8,A10,Z,16.4,10.7,13.8,20,325
FORD,'Shelby GT350 Mustang',SUBCOMPACT,5.2,8,M6,Z,17.1,11.4,14.5,19,342
CHEVROLET,TAHOE,'SUV - STANDARD',5.3,8,A6,X,15.1,10.4,13,22,305
JEEP,Cherokee,'SUV - SMALL',2.4,4,A9,X,10.8,7.6,9.3,30,219
PORSCHE,'911 CARRERA 4',MINICOMPACT,3.4,6,M7,Z,12.3,8.7,10.7,26,251
DODGE,'JOURNEY FFV','SUV - SMALL',3.6,6,A6,X,14.2,9.5,12.1,23,284
CHEVROLET,'SILVERADO 4WD FFV','PICKUP TRUCK - STANDARD',4.3,6,A6,E,20.2,15.2,18,16,294
GMC,'YUKON XL 4WD FFV','SUV - STANDARD',5.3,8,A6,X,15.4,10.8,13.3,21,312
PORSCHE,'911 CARRERA 4 CABRIOLET',MINICOMPACT,3,6,AM7,Z,11,8.4,9.8,29,230
MINI,'JOHN COOPER WORKS COUNTRYMAN ALL4',COMPACT,1.6,4,AS6,Z,10.1,7.7,9,31,212
KIA,'SORENTO 4WD','SUV - SMALL',3.3,6,A6,X,13.4,9.9,11.8,24,271
MERCEDES-BENZ,'AMG GLE 43 4MATIC','SUV - STANDARD',3,6,A9,Z,13.6,10.1,12,24,281
CHEVROLET,'SILVERADO 4WD FFV','PICKUP TRUCK - STANDARD',4.3,6,A6,E,20.2,15.2,18,16,294
FORD,'TAURUS AWD',FULL-SIZE,3.5,6,AS6,X,13.9,9.5,11.9,24,274
CHEVROLET,CORVETTE,TWO-SEATER,6.2,8,AS8,Z,15.5,9.2,12.7,22,297
HYUNDAI,'ELANTRA COUPE',MID-SIZE,2,4,AS6,X,9.6,6.8,8.3,34,191
CADILLAC,'CTS SEDAN Vsport',MID-SIZE,3.6,6,AS8,Z,15.1,9.9,12.8,22,294
DODGE,DART,MID-SIZE,2.4,4,A6,X,10.1,6.8,8.6,33,202
FORD,'F-150 4X4 (LT Tire Pkg)','PICKUP TRUCK - STANDARD',3,6,AS10,D,11.8,9.3,10.7,26,288
JEEP,'CHEROKEE 4X4','SUV - SMALL',3.2,6,A9,X,11.6,8.5,10.2,28,240
BMW,340i,COMPACT,3,6,AS8,Z,10.9,7.2,9.3,30,217
CADILLAC,'CTS COUPE',MID-SIZE,3.6,6,AS6,X,13.2,8.7,11.2,25,258
BMW,'330i xDrive',COMPACT,2,4,AS8,Z,9.5,6.9,8.3,34,194
PORSCHE,'911 Carrera',MINICOMPACT,3,6,M7,Z,11.8,8.1,10.1,28,237
HONDA,'PILOT AWD','SUV - SMALL',3.5,6,A6,X,13,9.3,11.3,25,266
'ALFA ROMEO','Stelvio AWD Quadrifoglio','SUV - SMALL',2.9,6,A8,Z,13.9,10.3,12.3,23,288
INFINITI,'Q60 AWD',SUBCOMPACT,2,4,AS7,Z,11.2,8.5,10,28,233
BMW,'X1 xDRIVE28i','SUV - SMALL',2,4,AS8,Z,10.7,7.4,9.2,31,215
LEXUS,'GS 350 AWD',MID-SIZE,3.5,6,AS6,Z,12.5,9.1,11,26,253
JAGUAR,'F-TYPE CONVERTIBLE',TWO-SEATER,3,6,M6,Z,14.9,9.8,12.6,22,296
BMW,'X2 xDRIVE28i','SUV - SMALL',2,4,AS8,Z,11,7.7,9.5,30,222
TOYOTA,'RAV4 Hybrid AWD','SUV - SMALL',2.5,4,AV6,X,5.8,6.3,6,47,140
CHEVROLET,'Silverado LD','PICKUP TRUCK - STANDARD',5.3,8,A6,X,15.6,10.9,13.5,21,317
BMW,M2,SUBCOMPACT,3,6,M6,Z,13.1,9.2,11.4,25,267
DODGE,'JOURNEY FFV','SUV - SMALL',3.6,6,A6,E,18.9,12.9,16.2,17,259
BMW,340i,COMPACT,3,6,AS8,Z,10.9,7.2,9.3,30,217
FORD,F-150,'PICKUP TRUCK - STANDARD',3,6,AS10,D,10.8,8,9.5,30,256
FORD,'F-150 FFV 4X4 (Payload Pkg)','PICKUP TRUCK - STANDARD',5,8,AS10,E,21.4,17.2,19.5,14,325
HYUNDAI,ELANTRA,MID-SIZE,2,4,M6,X,9.8,7,8.5,33,196
LEXUS,'GS 350 AWD',MID-SIZE,3.5,6,AS6,Z,12.5,9.1,11,26,253
MAZDA,MX-5,TWO-SEATER,2,4,AS6,Z,11.5,8.5,10.1,28,232
MERCEDES-BENZ,'C 300 4MATIC',COMPACT,2,4,AS7,Z,10.1,7.8,9,31,212
CHEVROLET,'IMPALA FFV',FULL-SIZE,3.6,6,AS6,X,12.5,8.2,10.6,27,248
GMC,'Sierra 4WD','PICKUP TRUCK - STANDARD',4.3,6,A6,X,15.8,11.9,14,20,329
TOYOTA,AVALON,MID-SIZE,3.5,6,AS6,X,11.4,7.7,9.7,29,226
BMW,320i,COMPACT,2,4,AS8,Z,10,6.5,8.4,34,200
GMC,'YUKON XL 4WD','SUV - STANDARD',6.2,8,A8,Z,16.4,11.7,14.3,20,334
BMW,'440i COUPE',COMPACT,3,6,M6,Z,12.2,8.2,10.4,27,242
PORSCHE,CAYMAN,TWO-SEATER,2,4,M6,Z,11,8.3,9.8,29,229
FORD,'F-150 (Payload Pkg)','PICKUP TRUCK - STANDARD',2.7,6,AS10,X,12.4,9.4,11.1,25,260
JEEP,'CHEROKEE 4X4','SUV - SMALL',2.4,4,A9,X,11.3,8.3,10,28,230
CADILLAC,'Escalade 4WD','SUV - STANDARD',6.2,8,A10,Z,16.6,10.9,14,20,328
CHEVROLET,COLORADO,'PICKUP TRUCK - SMALL',2.5,4,A6,X,12.1,9.2,10.8,26,253
'ALFA ROMEO',4C,TWO-SEATER,1.8,4,AM6,Z,9.7,6.9,8.4,34,197
TOYOTA,HIGHLANDER,'SUV - SMALL',3.5,6,AS6,X,12.5,9.3,11.1,25,255
FORD,'E150 WAGON FFV','VAN - PASSENGER',4.6,8,A4,X,18.6,14.6,16.8,17,386
CADILLAC,'XT5 AWD','SUV - SMALL',3.6,6,AS8,X,12.8,9.3,11.2,25,263
BMW,'Z4 sDRIVE35i',TWO-SEATER,3,6,AM7,Z,13.7,10.1,12.1,23,278
HONDA,CIVIC,COMPACT,1.8,4,AV7,X,8.1,6.2,7.2,39,166
BMW,'328i xDRIVE GRAN TURISMO',FULL-SIZE,2,4,A8,Z,10.6,7.2,9.1,31,209
AUDI,'A4 ALLROAD QUATTRO','STATION WAGON - SMALL',2,4,AS8,Z,11.2,8.4,9.9,28,228
BMW,320i,COMPACT,2,4,M6,Z,10.4,6.7,8.7,32,200
LEXUS,'LS 460',MID-SIZE,4.6,8,AS8,Z,14.4,9.6,12.3,23,283
BMW,'M4 COUPE',COMPACT,3,6,M6,Z,13.7,9.1,11.7,24,273
GMC,'TERRAIN FFV','SUV - SMALL',2.4,4,A6,X,10.5,7.3,9.1,31,214
AUDI,S6,MID-SIZE,2.9,6,AS8,Z,12.9,8.5,10.9,26,255
DODGE,'Durango AWD','SUV - STANDARD',3.6,6,A8,X,12.7,9.6,11.3,25,265
PORSCHE,'911 CARRERA S',MINICOMPACT,3.8,6,AM7,Z,11.9,8.7,10.5,27,245
TOYOTA,'TUNDRA 4WD','PICKUP TRUCK - STANDARD',5.7,8,AS6,X,18.2,14.1,16.3,17,380
MERCEDES-BENZ,'AMG C 43 4MATIC Wagon','STATION WAGON - SMALL',3,6,A9,Z,12.4,8.9,10.8,26,255
MERCEDES-BENZ,'B 250 4MATIC',MID-SIZE,2,4,AS7,Z,10,7.5,8.9,32,206
MINI,'COOPER CONVERTIBLE',MINICOMPACT,1.5,3,M6,Z,8.4,6.3,7.4,38,174
CADILLAC,CTS-V,MID-SIZE,6.2,8,AS8,Z,16.6,11.1,14.1,20,332
MAZDA,MX-5,TWO-SEATER,2,4,AS6,Z,9,6.6,7.9,36,186
PORSCHE,'CAYENNE PLATINUM','SUV - STANDARD',3.6,6,A8,Z,13.6,10.2,12.1,23,281
MAZDA,'MAZDA6 (i-ELOOP)',MID-SIZE,2.5,4,AS6,X,8.9,6.7,7.9,36,186
NISSAN,GT-R,SUBCOMPACT,3.8,6,AM6,Z,14.2,10.7,12.6,22,295
GMC,'YUKON 4WD','SUV - STANDARD',6.2,8,A10,Z,16.4,10.7,13.8,20,325
VOLKSWAGEN,'Beetle Convertible',SUBCOMPACT,2,4,AS6,X,9,7.1,8.2,34,191
HONDA,FIT,'STATION WAGON - SMALL',1.5,4,AV,X,7,5.9,6.5,43,151
LEXUS,'LS 460',MID-SIZE,4.6,8,AS8,Z,14.5,9.6,12.3,23,283
LEXUS,'ES 300h',MID-SIZE,2.5,4,AV6,X,5.8,6.1,5.9,48,139
FORD,MUSTANG,SUBCOMPACT,3.7,6,AS6,X,12.6,8.5,10.7,26,253
RAM,'1500 ECODIESEL','PICKUP TRUCK - STANDARD',3,6,A8,D,11.8,8.6,10.4,27,278
JAGUAR,'XE 20d AWD',COMPACT,2,4,AS8,D,7.8,5.8,6.9,41,186
FORD,'F-150 (LT Tire Pkg)','PICKUP TRUCK - STANDARD',2.7,6,AS6,X,12.4,9.8,11.2,25,263
PORSCHE,PANAMERA,FULL-SIZE,3.6,6,AM7,Z,12.9,8.4,10.9,26,255
RAM,'1500 (MDS)','PICKUP TRUCK - STANDARD',5.7,8,A8,X,15.7,10.9,13.6,21,313
BMW,M5,MID-SIZE,4.4,8,AS8,Z,16,11.2,13.9,20,324
TOYOTA,'Tacoma 4WD','PICKUP TRUCK - SMALL',3.5,6,M6,X,13.8,11.4,12.7,22,299
'ASTON MARTIN','DB11 V12',MINICOMPACT,5.2,12,A8,Z,15.5,11.4,13.7,21,322
LEXUS,'GX 460','SUV - STANDARD',4.6,8,AS6,Z,15.7,11.8,13.9,20,320
CHRYSLER,'200 FFV',MID-SIZE,2.4,4,A9,X,10.2,6.6,8.6,33,201
VOLKSWAGEN,'GOLF ALLTRACK','STATION WAGON - SMALL',1.8,4,AM6,X,10.7,8,9.4,30,220
SUBARU,BRZ,MINICOMPACT,2,4,AS6,Z,9.7,7.2,8.6,33,200
HONDA,HR-V,'SUV - SMALL',1.8,4,AV7,X,8.3,6.7,7.6,37,177
SUBARU,'LEGACY AWD',MID-SIZE,2.5,4,AV7,X,9.3,7,8.3,34,193
DODGE,'CHARGER FFV',FULL-SIZE,3.6,6,A5,E,18.7,12.4,15.9,18,264
FORD,'F-150 4X4 (LT Tire Pkg)','PICKUP TRUCK - STANDARD',3,6,AS10,D,11.8,9.3,10.7,26,287
MERCEDES-BENZ,'GLE 550 4MATIC','SUV - STANDARD',4.7,8,A9,Z,15.2,11.4,13.5,21,317
KIA,SEDONA,MINIVAN,3.5,6,A6,X,13.7,9.9,12,24,276
FORD,MUSTANG,SUBCOMPACT,5,8,AS6,X,14.9,9.5,12.4,23,285
AUDI,'A3 CABRIOLET QUATTRO',SUBCOMPACT,2,4,AM6,X,10.8,8,9.5,30,223
PORSCHE,'911 TARGA 4',MINICOMPACT,3.4,6,M7,Z,12.9,9,11.1,25,255
HYUNDAI,'Tucson AWD','SUV - SMALL',2,4,AS6,X,10.8,9.2,10.1,28,239
PORSCHE,'911 CARRERA 4',MINICOMPACT,3.4,6,M7,Z,12.3,8.7,10.7,26,251
FORD,'FLEX AWD GTDI','SUV - STANDARD',3.5,6,AS6,X,15.7,11.2,13.7,21,321
PORSCHE,'911 TARGA 4',MINICOMPACT,3.4,6,M7,Z,12.9,9,11.1,25,255
MASERATI,'GHIBLI AWD',MID-SIZE,3,6,AS8,Z,15.2,9.6,12.7,22,292
LINCOLN,'MKX AWD','SUV - SMALL',2.7,6,AS6,X,14.1,9.8,12.1,23,284
NISSAN,370Z,TWO-SEATER,3.7,6,M6,Z,13.3,9.3,11.5,25,269
FIAT,'500 HATCHBACK',MINICOMPACT,1.4,4,M5,X,7.6,5.9,6.8,42,156
TOYOTA,'FJ CRUISER 4WD','SUV - SMALL',4,6,A5,X,14.3,11.2,12.9,22,297
MERCEDES-BENZ,'GLE 550 4MATIC','SUV - STANDARD',4.7,8,A9,Z,15.2,11.4,13.5,21,317
MAZDA,'CX-5 (Cylinder Deactivation)','SUV - SMALL',2.5,4,AS6,X,9.3,7.6,8.5,33,201
SCION,iQ,MINICOMPACT,1.3,4,AV,X,6.5,6.3,6.4,44,147
MINI,'JOHN COOPER WORKS CONVERTIBLE',MINICOMPACT,1.6,4,M6,Z,9.1,6.8,8.1,35,186
BUICK,ENCLAVE,'SUV - STANDARD',3.6,6,A6,X,14.3,9.9,12.3,23,283
MERCEDES-BENZ,'E 400 CABRIOLET',SUBCOMPACT,3.5,6,AS7,Z,11.5,8.1,10,28,230
FORD,'T-150 WAGON','VAN - PASSENGER',3.5,6,AS6,X,16.1,12.7,14.6,19,342
MERCEDES-BENZ,'SLC 300',TWO-SEATER,2,4,A9,Z,10,7.3,8.8,32,205
CHEVROLET,SONIC,COMPACT,1.4,4,M6,X,8.5,6.2,7.5,38,173
FORD,'T-150 WAGON FFV','VAN - PASSENGER',3.7,6,AS6,E,23,18.5,20.9,14,343
GMC,'Yukon XL','SUV - STANDARD',5.3,8,A6,X,15.7,10.5,13.4,21,314
MINI,'JOHN COOPER WORKS CONVERTIBLE',MINICOMPACT,2,4,M6,Z,10.8,7.7,9.4,30,220
CHEVROLET,'Silverado 4WD','PICKUP TRUCK - STANDARD',5.3,8,A8,X,14.7,10.7,12.9,22,303
CHEVROLET,Traverse,'SUV - STANDARD',3.6,6,A9,X,13,8.8,11.1,25,261
LINCOLN,'CONTINENTAL AWD',FULL-SIZE,2.7,6,AS6,X,14,9.5,12,24,281
VOLVO,'XC70 T5','SUV - SMALL',2,4,AS8,X,10.3,7.6,9.1,31,213
'LAND ROVER','RANGE ROVER SPORT V6 3.0 SC FFV','SUV - STANDARD',3,6,AS8,Z,14.2,10.2,12.4,23,285
JAGUAR,'F-TYPE Coupe R-Dynamic AWD',TWO-SEATER,3,6,AS8,Z,13,9.2,11.3,25,265
AUDI,'A6 quattro',MID-SIZE,3,6,AM7,Z,10.7,8.2,9.6,29,224
JEEP,'RENEGADE FFV','SUV - SMALL',2.4,4,A9,X,10.8,7.8,9.5,30,222
JEEP,COMPASS,'SUV - SMALL',2.4,4,A6,X,11.2,8.6,10,28,235
GMC,TERRAIN,'SUV - SMALL',2.4,4,A6,X,10.5,7.3,9.1,31,209
FIAT,'500 ABARTH HATCHBACK',MINICOMPACT,1.4,4,M5,X,8.5,6.9,7.8,36,179
AUDI,S4,COMPACT,3,6,AS8,Z,11.3,8,9.8,29,230
CHEVROLET,TAHOE,'SUV - STANDARD',5.3,8,A6,X,15.1,10.4,13,22,305
HYUNDAI,'SANTA FE SPORT AWD','SUV - SMALL',2,4,AS6,X,12.9,9.7,11.5,25,266
MITSUBISHI,'RVR 4WD','SUV - SMALL',2.4,4,AV6,X,10.4,8.5,9.6,29,221
MERCEDES-BENZ,'GLE 550 4MATIC','SUV - STANDARD',4.7,8,A9,Z,15.2,11.4,13.5,21,317
PORSCHE,'911 CARRERA CABRIOLET',MINICOMPACT,3,6,M7,Z,12,8.2,10.3,27,241
GMC,'YUKON DENALI XL AWD','SUV - STANDARD',6.2,8,A6,E,25.7,17.8,22.1,13,354
BMW,'550i xDRIVE',MID-SIZE,4.4,8,A8,Z,14.4,9.6,12.2,23,281
FORD,'Transit Connect Van','SPECIAL PURPOSE VEHICLE',2,4,AS8,X,9.8,8.8,9.3,30,219
PORSCHE,'911 CARRERA 4S',MINICOMPACT,3,6,M7,Z,12.1,8.4,10.4,27,243
AUDI,'A3 QUATTRO',SUBCOMPACT,2,4,AM6,X,9.7,7.5,8.7,32,205
HYUNDAI,'Santa Fe XL Ultimate AWD','SUV - SMALL',3.3,6,AS6,X,14.1,10.8,12.6,22,297
MERCEDES-BENZ,'SL 550',TWO-SEATER,4.7,8,AS7,Z,13.4,9.6,11.7,24,269
PORSCHE,'911 CARRERA 4',MINICOMPACT,3.4,6,M7,Z,12.3,8.7,10.7,26,251
VOLVO,'S60 T6 AWD',COMPACT,2,4,AS8,Z,11.1,7.3,9.4,30,218
MITSUBISHI,'RVR 4WD','SUV - SMALL',2,4,AV6,X,9.8,8,9,31,207
NISSAN,'NV200 CARGO VAN','SPECIAL PURPOSE VEHICLE',2,4,AV,X,9.8,8.8,9.3,30,218
GMC,'Yukon XL','SUV - STANDARD',5.3,8,A6,X,15.7,10.5,13.4,21,314
CHEVROLET,'Camaro SS',SUBCOMPACT,6.2,8,M6,Z,14.9,9.9,12.6,22,297
DODGE,'CHARGER AWD',FULL-SIZE,5.7,8,A5,X,16,10.1,13.3,21,312
KIA,'SPORTAGE AWD','SUV - SMALL',2.4,4,AS6,X,12,9.3,10.8,26,251
JEEP,COMPASS,'SUV - SMALL',2,4,M5,X,10.2,7.8,9.2,31,212
DODGE,'CHALLENGER SRT HELLCAT',MID-SIZE,6.2,8,M6,Z,18.1,11.4,15.1,19,352
INFINITI,'QX60 HYBRID AWD','SUV - STANDARD',2.5,4,AV7,X,8.9,8.4,8.7,32,200
GMC,'SIERRA 4WD','PICKUP TRUCK - STANDARD',5.3,8,A6,X,15,10.7,13.1,22,307
DODGE,Challenger,MID-SIZE,5.7,8,M6,Z,15.6,10.1,13.1,22,307
LINCOLN,'CONTINENTAL AWD',FULL-SIZE,3,6,AS6,X,14.4,9.7,12.3,23,288
MERCEDES-BENZ,'E 350 CABRIOLET',SUBCOMPACT,3.5,6,AS7,Z,12,8.5,10.4,27,239
'ALFA ROMEO','Stelvio AWD','SUV - SMALL',2,4,A8,Z,10.8,8.3,9.6,29,226
PORSCHE,'911 CARRERA S CABRIOLET',MINICOMPACT,3.8,6,M7,Z,12.5,8.9,10.9,26,255
BUICK,Encore,'SUV - SMALL',1.4,4,AS6,X,9.4,7.8,8.7,32,204
MINI,'COOPER S CLUBMAN',MID-SIZE,2,4,AS8,Z,10,7.2,8.7,32,205
LINCOLN,'CONTINENTAL AWD',FULL-SIZE,2.7,6,AS6,X,14,9.5,12,24,281
KIA,'Telluride AWD','SUV - SMALL',3.8,6,AS8,X,12.5,9.6,11.2,25,264
GMC,'YUKON DENALI 4WD','SUV - STANDARD',6.2,8,A8,Z,15.9,11.1,13.8,20,317
FORD,'Transit Connect Wagon LWB FFV','SPECIAL PURPOSE VEHICLE',2,4,AS8,E,13.7,11.1,12.5,23,208
GENESIS,'G90 AWD',FULL-SIZE,3.3,6,AS8,Z,13.6,9.5,11.8,24,280
SCION,xD,SUBCOMPACT,1.8,4,M5,X,8.6,7.1,7.9,36,182
DODGE,DART,MID-SIZE,2.4,4,A6,X,10.1,6.8,8.6,33,198
BMW,'M240i COUPE',SUBCOMPACT,3,6,AS8,Z,11.1,7.8,9.6,29,224
MINI,'COOPER S CLUBMAN',SUBCOMPACT,1.6,4,M6,Z,9.1,6.7,8,35,184
VOLVO,'V60 T5 AWD','STATION WAGON - SMALL',2,4,AS8,X,11,8.1,9.7,29,226
'LAND ROVER','Range Rover 5.0 Supercharged LWB','SUV - STANDARD',5,8,AS8,Z,14.4,11.3,13,22,305
AUDI,'Q5 HYBRID','SUV - SMALL',2,4,AS8,Z,9.8,7.9,8.9,32,205
BMW,'X1 xDRIVE28i','SUV - SMALL',2,4,AS8,Z,10.7,7.4,9.2,31,215
PORSCHE,'Macan S','SUV - SMALL',3,6,AM7,Z,12.9,10.2,11.7,24,272
BMW,'440i xDRIVE GRAN COUPE',COMPACT,3,6,AS8,Z,11.4,7.8,9.8,29,228
JEEP,'WRANGLER UNLIMITED 4X4','SUV - SMALL',3.6,6,A5,X,14.8,11.7,13.4,21,314
CHEVROLET,'EXPRESS 1500 PASSENGER AWD','VAN - PASSENGER',5.3,8,A4,X,18.3,14.2,16.5,17,380
HYUNDAI,'ELANTRA GT',MID-SIZE,2,4,A6,X,9.8,7.2,8.6,33,198
JEEP,'Wrangler JL Unlimited 4X4','SUV - SMALL',3.6,6,A8,X,12.9,10.2,11.7,24,275
'LAND ROVER',LR2,'SUV - SMALL',2,4,AS6,Z,13.5,9.9,11.9,24,274
HONDA,Accord,FULL-SIZE,1.5,4,AV,X,7.9,6.3,7.2,39,168
BMW,'M6 GRAN COUPE',COMPACT,4.4,8,M6,Z,16.2,10.9,13.8,20,324
SUBARU,WRX,COMPACT,2.5,4,M6,Z,13.8,10.2,12.2,23,281
BMW,'M6 CABRIOLET',SUBCOMPACT,4.4,8,M6,Z,16.1,10.9,13.7,21,321
NISSAN,'Qashqai AWD','STATION WAGON - SMALL',2,4,AV8,X,9,7.7,8.4,34,198
CHEVROLET,'Suburban FFV','SUV - STANDARD',5.3,8,A6,X,15.7,10.5,13.4,21,314
VOLKSWAGEN,EOS,SUBCOMPACT,2,4,A6,Z,10.9,8,9.6,29,221
HONDA,'CIVIC COUPE',COMPACT,1.5,4,AV,X,7.5,5.9,6.8,42,158
HYUNDAI,'VELOSTER TURBO',COMPACT,1.6,4,M6,X,9.7,7,8.5,33,196
ACURA,'RDX AWD','SUV - SMALL',3.5,6,AS6,Z,12.4,8.7,10.7,26,250
CHEVROLET,'EXPRESS 2500 PASSENGER','VAN - PASSENGER',6,8,A6,X,21.9,15,18.8,15,432
TOYOTA,Corolla,COMPACT,2,4,AV10,X,7.6,5.8,6.7,42,158
VOLKSWAGEN,'GOLF R',COMPACT,2,4,M6,Z,11.1,8.1,9.8,29,227
FORD,MUSTANG,SUBCOMPACT,3.7,6,M6,X,13.6,8.4,11.2,25,264
FORD,MUSTANG,SUBCOMPACT,2.3,4,AS6,X,11,7.9,9.6,29,226
LAMBORGHINI,HURACAN,TWO-SEATER,5.2,10,AM7,Z,16.8,11.4,14.4,20,336
MAZDA,'MAZDA6 (SIL)',MID-SIZE,2.5,4,M6,X,9.4,6.4,8.1,35,188
DODGE,'GRAND CARAVAN FFV',MINIVAN,3.6,6,A6,X,13.7,9.4,11.8,24,271
MINI,'Cooper Countryman ALL4',MID-SIZE,1.5,3,AS8,Z,9.8,7.1,8.6,33,200
FORD,'EDGE AWD','SUV - SMALL',2,4,AS6,X,11.8,8.4,10.3,27,240
GMC,'Yukon FFV','SUV - STANDARD',5.3,8,A6,X,15.7,10.5,13.4,21,314
CADILLAC,CTS,MID-SIZE,2,4,AS6,Z,11.5,7.9,9.9,29,228
AUDI,A8L,FULL-SIZE,4,8,AS8,Z,13.1,8.3,10.9,26,255
MERCEDES-BENZ,'AMG GT ROADSTER',TWO-SEATER,4,8,AM7,Z,14.7,11,13,22,304
PORSCHE,'911 TARGA 4',MINICOMPACT,3.4,6,M7,Z,12.9,9,11.1,25,255
PORSCHE,'Macan S','SUV - SMALL',3,6,AM7,Z,12.9,10.2,11.7,24,272
GMC,'Sierra WT 4WD','PICKUP TRUCK - STANDARD',2.7,4,A8,X,12.7,11,12,24,280
TOYOTA,'SEQUOIA 4WD','SUV - STANDARD',5.7,8,AS6,X,19,13.9,16.7,17,384
CHEVROLET,TAHOE,'SUV - STANDARD',5.3,8,A6,X,15.1,10.4,13,22,305
CHEVROLET,SILVERADO,'PICKUP TRUCK - STANDARD',5.3,8,A6,X,14.6,10.4,12.7,22,298
GMC,'Sierra FFV','PICKUP TRUCK - STANDARD',5.3,8,A6,E,22.2,16.2,19.5,14,326
BMW,'428i COUPE',COMPACT,2,4,M6,Z,10.7,7,9,31,211
HONDA,'CIVIC HATCHBACK',FULL-SIZE,1.5,4,AV,X,7.7,6,6.9,41,162
CHEVROLET,'EQUINOX FFV','SUV - SMALL',2.4,4,A6,X,10.5,7.3,9.1,31,209
DODGE,Challenger,MID-SIZE,5.7,8,M6,Z,15.6,10.1,13.1,22,307
HONDA,'ACCORD HYBRID',MID-SIZE,2,4,AV,X,4.7,5.3,5,56,115
DODGE,Challenger,MID-SIZE,5.7,8,M6,Z,15.6,10.1,13.1,22,307
JEEP,'CHEROKEE 4X4 ACTIVE DRIVE I','SUV - SMALL',3.2,6,A9,X,11.6,8.6,10.3,27,241
JEEP,PATRIOT,'SUV - SMALL',2,4,M5,X,10.2,7.8,9.2,31,212
PORSCHE,'911 CARRERA S',MINICOMPACT,3.8,6,AM7,Z,12.1,8.7,10.6,27,244
BENTLEY,'CONTINENTAL GT CONVERTIBLE',SUBCOMPACT,6,12,AS8,Z,19.6,11.7,16,18,375
ACURA,'MDX HYBRID AWD','SUV - SMALL',3,6,AM7,Z,9.1,9,9,31,210
SUBARU,'Impreza 5-Door AWD','STATION WAGON - SMALL',2,4,M5,X,10.1,7.7,9,31,211
NISSAN,'JUKE AWD','STATION WAGON - SMALL',1.6,4,AV,Z,9.3,7.9,8.7,32,200
VOLKSWAGEN,'GOLF TDI (modified)',COMPACT,2,4,AM6,D,7.6,5.5,6.5,43,177
CHEVROLET,SILVERADO,'PICKUP TRUCK - STANDARD',5.3,8,A6,X,14.6,10.4,12.7,22,298
JEEP,'CHEROKEE TRAILHAWK 4X4','SUV - SMALL',3.2,6,A9,X,12.2,9,10.8,26,248
BMW,'330i xDRIVE GRAN TURISMO',FULL-SIZE,2,4,AS8,Z,10.5,7.4,9.1,31,213
PORSCHE,'911 Carrera Cabriolet',MINICOMPACT,3,6,AM7,Z,10.8,8.3,9.7,29,227
FORD,'Transit Connect Van','SPECIAL PURPOSE VEHICLE',2,4,AS8,X,9.8,8.8,9.3,30,219
'ASTON MARTIN','V8 VANTAGE',TWO-SEATER,4.7,8,M6,Z,18.1,12.3,15.5,18,356
BMW,'M240i Cabriolet',SUBCOMPACT,3,6,M6,Z,12.7,8.8,10.9,26,255
CHRYSLER,'300 AWD',FULL-SIZE,3.6,6,A8,X,12.8,8.7,11,26,258
PORSCHE,'911 CARRERA',MINICOMPACT,3.4,6,M7,Z,12.5,8.6,10.7,26,246
CHRYSLER,'300 AWD FFV',FULL-SIZE,3.6,6,A8,E,17.6,12,15,19,248
HONDA,'CIVIC SEDAN',MID-SIZE,2,4,AV,X,7.8,5.8,6.9,41,162
BMW,'Z4 sDRIVE28i',TWO-SEATER,2,4,AS8,Z,10.7,7.1,9.1,31,209
MAZDA,MAZDA6,MID-SIZE,2.5,4,AS6,X,9.1,6.7,8,35,187
SUBARU,BRZ,MINICOMPACT,2,4,AS6,Z,9.6,7.1,8.5,33,196
NISSAN,'NV200 CARGO VAN','SPECIAL PURPOSE VEHICLE',2,4,AV,X,9.8,8.8,9.3,30,218
TOYOTA,'RAV4 Hybrid AWD','SUV - SMALL',2.5,4,AV6,X,5.8,6.3,6,47,140
DODGE,Challenger,MID-SIZE,5.7,8,M6,Z,15.6,10.1,13.1,22,307
FORD,'F-150 FFV','PICKUP TRUCK - STANDARD',3.5,6,A6,X,13.2,9.7,11.6,24,272
CHEVROLET,CORVETTE,TWO-SEATER,6.2,8,M7,Z,13.7,8.2,11.2,25,263
TOYOTA,'RAV4 AWD','SUV - SMALL',2.5,4,AS8,X,9.2,7.1,8.2,34,194
PORSCHE,'911 CARRERA S',MINICOMPACT,3,6,AM7,Z,10.8,8.3,9.7,29,226
PORSCHE,'911 CARRERA 4',MINICOMPACT,3.4,6,M7,Z,12.3,8.7,10.7,26,251
PORSCHE,'911 CARRERA CABRIOLET',MINICOMPACT,3,6,M7,Z,12,8.2,10.3,27,241
RAM,'1500 4X4 FFV','PICKUP TRUCK - STANDARD',3.6,6,A8,X,14.6,10.1,12.6,22,294
MITSUBISHI,RVR,'SUV - SMALL',2,4,AV6,X,9.7,7.8,8.8,32,204
AUDI,'S5 CABRIOLET QUATTRO',SUBCOMPACT,3,6,AM7,Z,13.3,9.1,11.4,25,266
CHEVROLET,CORVETTE,TWO-SEATER,6.2,8,M7,Z,14.2,9,11.9,24,278
MERCEDES-BENZ,'AMG G 65','SUV - STANDARD',6,12,AS7,Z,24.3,17.9,21.4,13,476
MERCEDES-BENZ,'AMG S 65',FULL-SIZE,6,12,AS7,Z,17.6,10.9,14.6,19,349
AUDI,'A3 CABRIOLET QUATTRO',SUBCOMPACT,2,4,AM6,Z,10.1,7.5,8.9,32,205
JEEP,'GRAND CHEROKEE 4X4 SRT','SUV - STANDARD',6.4,8,A8,Z,18.3,12.6,15.7,18,368
GMC,SIERRA,'PICKUP TRUCK - STANDARD',4.3,6,A6,E,19.3,14.3,17.1,17,274
BMW,'M5 Sedan',MID-SIZE,4.4,8,AS8,Z,16,11,13.8,20,322
'LAND ROVER',LR4,'SUV - STANDARD',3,6,AS8,Z,16.2,12.1,14.3,20,336
KIA,'SEDONA SX',MINIVAN,3.3,6,AS6,X,12.9,9.5,11.4,25,269
KIA,K900,FULL-SIZE,3.8,6,AS8,X,13.9,9.2,11.8,24,278
DODGE,'Charger SRT Hellcat',FULL-SIZE,6.2,8,A8,Z,17.6,10.7,14.5,19,339
CHEVROLET,COLORADO,'PICKUP TRUCK - SMALL',2.5,4,A6,X,12.1,9.2,10.8,26,253
FORD,'F-150 FFV 4X4','PICKUP TRUCK - STANDARD',3.3,6,AS6,E,17.6,13.7,15.8,18,263
GMC,'SIERRA FFV','PICKUP TRUCK - STANDARD',4.3,6,A6,E,19.3,14.3,17.1,17,284
MERCEDES-BENZ,'S 560 4MATIC',FULL-SIZE,4,8,A9,Z,13.5,8.6,11.3,25,265
'ASTON MARTIN','DB11 V8',MINICOMPACT,4,8,A8,Z,13,9.8,11.5,25,271
BMW,'430i xDRIVE CABRIOLET',SUBCOMPACT,2,4,AS8,Z,10.7,7.3,9.1,31,214
NISSAN,QUEST,MINIVAN,3.5,6,AV,X,12,8.7,10.5,27,242
JEEP,PATRIOT,'SUV - SMALL',2,4,M5,X,10.2,7.8,9.2,31,212
MINI,'JOHN COOPER WORKS CLUBMAN',SUBCOMPACT,1.6,4,M6,Z,9.1,6.7,8,35,184
MINI,'COOPER PACEMAN',COMPACT,1.6,4,A6,Z,9.4,7.9,8.7,32,200
BMW,'440i xDRIVE CABRIOLET',SUBCOMPACT,3,6,AS8,Z,11.9,8.1,10.2,28,238
FORD,'TAURUS FFV',FULL-SIZE,3.5,6,AS6,X,13.1,8.7,11.1,25,260
PORSCHE,'PANAMERA TURBO ST',FULL-SIZE,4,8,AM8,Z,13.4,10.1,11.9,24,279
HONDA,'ACCORD COUPE',MID-SIZE,3.5,6,M6,X,12.9,8.4,10.9,26,254
MERCEDES-BENZ,'E 550 4MATIC',MID-SIZE,4.7,8,AS7,Z,12.9,9.6,11.4,25,270
VOLKSWAGEN,'BEETLE CONVERTIBLE',SUBCOMPACT,1.8,4,AS6,X,9.8,7.3,8.7,32,200
FORD,'F-150 FFV','PICKUP TRUCK - STANDARD',3.5,6,A6,X,13.2,9.7,11.6,24,272
HONDA,'Civic Hatchback Sport',FULL-SIZE,1.5,4,M6,Z,8,6.2,7.2,39,167
VOLKSWAGEN,TOUAREG,'SUV - STANDARD',3.6,6,AS8,Z,14.1,10.4,12.4,23,292
MERCEDES-BENZ,'C 300 4MATIC',COMPACT,2,4,A9,Z,11,7.3,9.4,30,219
CHEVROLET,SONIC,COMPACT,1.8,4,M5,X,9,6.8,8,35,187
HONDA,ACCORD,MID-SIZE,3.5,6,AS6,X,11.4,7.3,9.6,29,221
BMW,'M6 GRAN COUPE',COMPACT,4.4,8,M6,Z,16.2,10.9,13.8,20,324
CADILLAC,'CTS Vsport',MID-SIZE,3.6,6,AS8,Z,15,9.9,12.7,22,311
HONDA,'Civic Sedan Si',MID-SIZE,1.5,4,M6,Z,8.9,6.4,7.8,36,183
'ALFA ROMEO',4C,TWO-SEATER,1.8,4,AM6,Z,9.7,6.9,8.4,34,197
PORSCHE,Macan,'SUV - SMALL',2,4,AM7,Z,12.2,10.2,11.3,25,264
GMC,'YUKON 4WD','SUV - STANDARD',5.3,8,A6,E,20.5,14,17.6,16,282
NISSAN,GT-R,SUBCOMPACT,3.8,6,AM6,Z,14.4,10.9,12.8,22,300
GENESIS,G70,COMPACT,2,4,M6,Z,12.8,8.5,10.9,26,255
SUBARU,'FORESTER AWD','SUV - SMALL',2.5,4,M6,X,10.9,8.3,9.7,29,228
MINI,'Cooper 5 Door',SUBCOMPACT,1.5,3,AS6,Z,8.8,6.8,7.9,36,184
MERCEDES-BENZ,'AMG SL 63',TWO-SEATER,5.5,8,AS7,Z,14.7,9.5,12.4,23,298
JEEP,'NEW WRANGLER UNLIMITED 4X4','SUV - SMALL',3.6,6,A8,X,12.9,10.2,11.7,24,275
JEEP,'RENEGADE FFV','SUV - SMALL',2.4,4,A9,X,10.8,7.8,9.5,30,222
RAM,'1500 4X4 (MDS)','PICKUP TRUCK - STANDARD',5.7,8,A6,X,17.7,12.7,15.4,18,362
MERCEDES-BENZ,'E 300 4MATIC',MID-SIZE,3.5,6,AS7,Z,11.9,8.2,10.2,28,235
PORSCHE,Macan,'SUV - SMALL',2,4,AM7,Z,12.2,10.2,11.3,25,264
KIA,'SORENTO AWD','SUV - SMALL',2,4,AS6,X,12.3,9.4,11,26,259
HYUNDAI,ACCENT,COMPACT,1.6,4,AS6,X,8.9,6.3,7.7,37,179
CADILLAC,'XT4 AWD','SUV - SMALL',2,4,AS9,Z,10.9,8.2,9.7,29,227
LEXUS,'RX 450h AWD','SUV - STANDARD',3.5,6,AV6,Z,7.7,8.2,8,35,186
BENTLEY,'FLYING SPUR',MID-SIZE,4,8,AS8,Z,17,9.9,13.8,20,321
FORD,'EXPEDITION 4X4','SUV - STANDARD',3.5,6,AS6,X,15.9,12,14.2,20,333
JEEP,Cherokee,'SUV - SMALL',2.4,4,A9,X,10.8,7.6,9.3,30,219
TOYOTA,'CAMRY HYBRID LE',MID-SIZE,2.5,4,AV6,X,4.9,4.8,4.9,58,113
ROLLS-ROYCE,WRAITH,MID-SIZE,6.6,12,AS8,Z,19,12.5,16.1,18,375
LEXUS,'ES 350 F SPORT',MID-SIZE,3.5,6,AS8,X,10.9,7.5,9.4,30,219
CHEVROLET,Tahoe,'SUV - STANDARD',5.3,8,A6,X,15.7,10.5,13.4,21,314
FIAT,'500 CABRIO',MINICOMPACT,1.4,4,A6,X,8.7,6.9,7.9,36,182
CHEVROLET,'EXPRESS 3500 PASSENGER','VAN - PASSENGER',6,8,A6,X,22.1,15,18.9,15,435
AUDI,'A3 TDI (modified)',SUBCOMPACT,2,4,AM6,D,7.6,5.5,6.5,43,177
MERCEDES-BENZ,'AMG GLA 45 4MATIC','STATION WAGON - MID-SIZE',2,4,AM7,Z,10.7,8.3,9.6,29,225
MINI,'JOHN COOPER WORKS CONVERTIBLE',MINICOMPACT,1.6,4,A6,Z,9.3,7,8.3,34,191
FORD,'F-150 FFV 4X4','PICKUP TRUCK - STANDARD',3.5,6,A6,E,18.9,14.2,16.8,17,269
PORSCHE,'PANAMERA TURBO',FULL-SIZE,4.8,8,AM7,Z,15.3,9.7,12.8,22,300
CADILLAC,CTS-V,MID-SIZE,6.2,8,AS8,Z,16.6,11.1,14.1,20,332
VOLKSWAGEN,TIGUAN,'SUV - SMALL',2,4,M6,Z,13,9,11.2,25,259
NISSAN,'FRONTIER 4WD','PICKUP TRUCK - SMALL',4,6,A5,X,15.7,11.3,13.7,21,315
'ALFA ROMEO','4C Coupe',TWO-SEATER,1.8,4,AM6,Z,9.7,6.9,8.4,34,197
INFINITI,'Q50 HYBRID AWD',COMPACT,3.5,6,AS7,Z,9.1,7.7,8.5,33,200
BMW,'320i SEDAN',COMPACT,2,4,AS8,Z,10,6.5,8.4,34,193
GMC,Canyon,'PICKUP TRUCK - SMALL',2.8,4,A6,D,11.8,7.9,10.1,28,270
MERCEDES-BENZ,'GL 350 BLUETEC 4MATIC','SUV - STANDARD',3,6,AS7,D,13.6,10,12,24,322
MASERATI,GRANTURISMO,SUBCOMPACT,4.7,8,AS6,Z,18.2,11.4,15.1,19,355
PORSCHE,'911 CARRERA 4 GTS CABRIOLET',MINICOMPACT,3.8,6,AM7,Z,13.1,9.4,11.4,25,262
SUBARU,WRX,COMPACT,2.5,4,M6,Z,13.8,10.2,12.2,23,281
BMW,'328i xDRIVE GRAN TURISMO',FULL-SIZE,2,4,A8,Z,10.6,7.2,9.1,31,209
HONDA,'CIVIC SEDAN',MID-SIZE,2,4,AV,X,7.8,6,7,40,163
SUBARU,'Impreza 5-Door AWD','STATION WAGON - SMALL',2,4,AV7,X,8.4,6.6,7.6,37,177
SUBARU,'IMPREZA AWD',COMPACT,2,4,M5,X,9.6,7.1,8.5,33,196
BMW,'Z4 sDRIVE35i',TWO-SEATER,3,6,M6,Z,12.7,9,11,26,253
BMW,'X1 xDRIVE28i','SUV - SMALL',2,4,AS8,Z,10.7,7.5,9.3,30,217
TOYOTA,'COROLLA LE ECO (2-mode)',MID-SIZE,1.8,4,AV,X,8,6.3,7.2,39,168
LAMBORGHINI,HURACAN,TWO-SEATER,5.2,10,AM7,Z,16.8,11.4,14.4,20,336
BMW,'M240i Cabriolet',SUBCOMPACT,3,6,M6,Z,12.7,8.8,10.9,26,255
DODGE,'Challenger (MDS)',MID-SIZE,5.7,8,A8,X,14.7,9.4,12.3,23,289
ROLLS-ROYCE,WRAITH,MID-SIZE,6.6,12,AS8,Z,19,12.5,16.1,18,375
MINI,'Cooper 5 Door',SUBCOMPACT,1.5,3,M6,Z,8.4,6.3,7.5,38,175
HONDA,'CIVIC COUPE',COMPACT,1.5,4,AV,X,7.5,5.6,6.7,42,155
MERCEDES-BENZ,'E 400 4MATIC',MID-SIZE,3,6,A9,Z,11.8,8.7,10.4,27,246
BMW,M3,COMPACT,3,6,M6,Z,13.7,9,11.6,24,271
