loan_id,' no_of_dependents',' education',' self_employed',' income_annum',' loan_amount',' loan_term',' cibil_score',' residential_assets_value',' commercial_assets_value',' luxury_assets_value',' bank_asset_value',' loan_status'
1103,1,' Graduate',' Yes',1600000,4900000,16,487,4300000,1100000,3900000,2000000,' Rejected'
2748,1,' Graduate',' Yes',9700000,25500000,18,741,21900000,6200000,34800000,4900000,' Approved'
3889,1,' Not Graduate',' No',9100000,23300000,18,792,800000,12600000,32100000,12400000,' Approved'
2921,1,' Not Graduate',' No',400000,1400000,4,302,200000,100000,1500000,500000,' Approved'
3589,4,' Not Graduate',' Yes',6900000,22000000,10,512,6100000,9100000,20600000,3900000,' Rejected'
1983,2,' Not Graduate',' No',400000,1000000,6,425,800000,300000,800000,200000,' Rejected'
1973,1,' Graduate',' Yes',8300000,17700000,10,673,23700000,5300000,28700000,4200000,' Approved'
254,0,' Graduate',' No',8800000,30900000,12,729,1700000,700000,25700000,11400000,' Approved'
1300,4,' Not Graduate',' No',7600000,30300000,12,339,20400000,8000000,22200000,5800000,' Rejected'
522,3,' Not Graduate',' No',8300000,24100000,14,823,5900000,700000,24000000,7700000,' Approved'
3650,4,' Not Graduate',' Yes',2300000,7700000,16,589,6000000,4400000,6300000,2300000,' Approved'
2581,1,' Graduate',' Yes',7600000,30000000,16,884,13300000,3600000,17200000,10800000,' Approved'
1120,0,' Not Graduate',' Yes',8100000,23800000,10,794,5400000,15500000,20700000,8800000,' Approved'
981,3,' Graduate',' No',3200000,6900000,20,735,1500000,3700000,9200000,3100000,' Approved'
237,3,' Graduate',' Yes',900000,3500000,4,770,700000,0,2000000,600000,' Rejected'
4123,3,' Graduate',' No',7800000,21800000,8,517,7700000,5100000,19500000,9100000,' Rejected'
2740,5,' Graduate',' No',4900000,13000000,10,865,13300000,3700000,14700000,6500000,' Approved'
2763,2,' Not Graduate',' No',1900000,4500000,6,805,2200000,3100000,4800000,2300000,' Approved'
1540,4,' Not Graduate',' Yes',1500000,4600000,6,524,3700000,2000000,5000000,1400000,' Rejected'
1865,2,' Not Graduate',' No',5600000,13700000,2,558,7500000,9300000,12100000,6700000,' Approved'
2261,4,' Not Graduate',' No',8600000,22600000,14,729,300000,16200000,20500000,11900000,' Approved'
1565,2,' Not Graduate',' No',2700000,5900000,14,662,3200000,1600000,7300000,3800000,' Approved'
3448,5,' Not Graduate',' Yes',8200000,20900000,14,726,11400000,4800000,26000000,8400000,' Approved'
25,0,' Not Graduate',' No',4900000,9800000,16,324,3800000,8700000,10000000,3300000,' Rejected'
680,0,' Not Graduate',' Yes',900000,3600000,10,683,1400000,700000,3500000,400000,' Approved'
2105,5,' Not Graduate',' Yes',7700000,15500000,8,407,6500000,9100000,26300000,4600000,' Rejected'
3644,4,' Not Graduate',' Yes',7000000,26700000,4,486,10600000,12200000,18800000,6000000,' Approved'
3044,5,' Not Graduate',' Yes',7600000,25700000,4,607,12900000,13600000,29100000,4900000,' Approved'
636,0,' Not Graduate',' No',5300000,20000000,6,881,15900000,3700000,19500000,4000000,' Approved'
1847,0,' Not Graduate',' No',8500000,17200000,12,624,6500000,8400000,18600000,5100000,' Approved'
760,2,' Graduate',' No',9700000,19900000,16,395,2800000,13700000,37000000,10800000,' Rejected'
2822,4,' Graduate',' No',7600000,25100000,4,671,4600000,13200000,27400000,4300000,' Approved'
669,4,' Not Graduate',' No',2200000,8600000,20,373,4100000,1300000,5900000,1400000,' Rejected'
1904,5,' Graduate',' Yes',2300000,9100000,16,644,4000000,2600000,6600000,3100000,' Approved'
3758,3,' Graduate',' No',2800000,8500000,20,431,6200000,1700000,7800000,2200000,' Rejected'
372,5,' Graduate',' Yes',1100000,3200000,20,592,3200000,700000,3500000,500000,' Approved'
3893,0,' Graduate',' No',9100000,27100000,12,787,24300000,2900000,34800000,9500000,' Approved'
1343,3,' Not Graduate',' No',2400000,8100000,6,630,5100000,2900000,9100000,2300000,' Approved'
3303,3,' Graduate',' Yes',1500000,4100000,14,611,600000,2000000,4800000,2100000,' Approved'
3853,5,' Not Graduate',' No',9000000,23900000,12,658,5700000,4600000,32100000,6100000,' Approved'
1135,2,' Not Graduate',' No',1600000,5200000,16,525,300000,2900000,5600000,1600000,' Rejected'
1155,0,' Graduate',' No',600000,2300000,8,627,1800000,500000,2200000,300000,' Approved'
238,3,' Graduate',' Yes',4100000,15500000,6,667,2800000,1600000,14700000,4000000,' Approved'
4018,3,' Graduate',' Yes',2200000,4400000,2,861,1300000,2600000,4500000,2300000,' Approved'
3055,2,' Not Graduate',' Yes',9200000,33000000,14,874,3900000,9700000,31200000,6600000,' Approved'
2580,0,' Not Graduate',' Yes',3800000,10600000,12,490,3300000,6500000,14400000,3100000,' Rejected'
1275,1,' Graduate',' No',5000000,18800000,14,325,13100000,5700000,12800000,4300000,' Rejected'
3323,4,' Graduate',' Yes',1800000,4600000,14,453,1700000,2400000,4700000,1600000,' Rejected'
458,5,' Graduate',' Yes',8400000,17500000,12,620,15300000,13600000,26000000,5800000,' Approved'
1577,0,' Graduate',' Yes',5900000,15100000,10,794,6000000,4300000,14900000,5400000,' Approved'
4154,1,' Graduate',' No',7700000,17100000,14,603,11100000,12100000,30300000,7100000,' Approved'
2006,4,' Graduate',' Yes',6600000,20500000,8,856,18800000,5400000,15100000,9400000,' Approved'
1976,4,' Not Graduate',' No',4700000,10300000,12,710,7500000,7700000,16900000,6600000,' Approved'
226,0,' Not Graduate',' No',5200000,15600000,20,434,14100000,5800000,18100000,5500000,' Rejected'
1449,1,' Graduate',' No',6400000,16900000,2,703,6300000,7300000,15900000,7400000,' Approved'
1654,3,' Not Graduate',' Yes',6400000,23500000,12,684,17200000,10300000,25300000,7400000,' Approved'
3746,5,' Graduate',' Yes',5700000,11500000,2,732,15800000,3700000,15600000,5300000,' Approved'
610,4,' Not Graduate',' No',8300000,17900000,20,846,12700000,1300000,26800000,12200000,' Approved'
295,0,' Graduate',' No',8800000,20200000,4,433,16000000,4200000,30500000,12400000,' Rejected'
2569,3,' Not Graduate',' Yes',4400000,16300000,20,561,5500000,8000000,12000000,4000000,' Approved'
208,0,' Graduate',' No',7100000,15400000,18,707,10300000,10800000,19600000,5800000,' Approved'
1760,1,' Not Graduate',' Yes',3100000,6300000,20,867,1900000,6100000,6600000,4000000,' Approved'
1030,2,' Not Graduate',' Yes',9500000,37000000,8,887,21800000,18300000,19200000,11700000,' Approved'
1872,2,' Graduate',' Yes',4900000,12200000,18,353,7000000,200000,14400000,3600000,' Rejected'
789,4,' Not Graduate',' No',1200000,4300000,8,598,1600000,1800000,3200000,1300000,' Approved'
1975,3,' Graduate',' No',4600000,10000000,4,702,6800000,1500000,16100000,4500000,' Approved'
4197,2,' Graduate',' Yes',7800000,28900000,14,646,1800000,1800000,17700000,11000000,' Approved'
1372,0,' Not Graduate',' No',6000000,15300000,8,709,8900000,1700000,16400000,3500000,' Approved'
896,0,' Graduate',' No',9400000,27900000,6,456,21400000,18500000,35600000,7800000,' Rejected'
72,5,' Graduate',' Yes',5300000,18600000,4,386,2700000,9700000,11900000,4200000,' Approved'
3541,1,' Graduate',' No',7900000,15800000,8,551,800000,3500000,18700000,8300000,' Approved'
3347,4,' Graduate',' No',9400000,33300000,18,369,20600000,5600000,32200000,7200000,' Rejected'
2482,3,' Not Graduate',' Yes',2100000,7400000,4,320,3300000,2700000,6300000,2200000,' Approved'
3433,0,' Not Graduate',' No',4800000,15700000,10,398,4900000,7400000,17100000,6400000,' Rejected'
3294,3,' Not Graduate',' Yes',9400000,32100000,10,617,22700000,5800000,29400000,11400000,' Approved'
3654,1,' Graduate',' Yes',4300000,17200000,4,564,10400000,6600000,11500000,2200000,' Approved'
1943,4,' Graduate',' No',8700000,19800000,14,715,13500000,13400000,32000000,8500000,' Approved'
704,4,' Not Graduate',' Yes',6700000,15800000,12,466,7500000,4600000,19900000,6600000,' Rejected'
2625,4,' Graduate',' No',1800000,4100000,8,777,2200000,2500000,3600000,1900000,' Approved'
4187,3,' Not Graduate',' Yes',4000000,8600000,4,667,11500000,6300000,15300000,3500000,' Approved'
1135,2,' Not Graduate',' No',1600000,5200000,16,525,300000,2900000,5600000,1600000,' Rejected'
1036,2,' Not Graduate',' Yes',3800000,12500000,14,842,3700000,6700000,14600000,5300000,' Approved'
2263,0,' Graduate',' No',7400000,24900000,20,648,7100000,7900000,23300000,6200000,' Approved'
747,0,' Not Graduate',' No',2600000,8400000,18,861,0,3500000,6200000,3800000,' Approved'
3453,5,' Not Graduate',' Yes',2300000,5000000,10,431,300000,3700000,8700000,2900000,' Rejected'
719,4,' Graduate',' No',700000,2600000,14,736,2100000,600000,1900000,400000,' Approved'
2969,2,' Graduate',' No',9700000,34500000,10,649,10600000,7600000,24800000,5900000,' Approved'
981,3,' Graduate',' No',3200000,6900000,20,735,1500000,3700000,9200000,3100000,' Approved'
1480,5,' Graduate',' No',7600000,26000000,6,778,12900000,2400000,25500000,10900000,' Approved'
3886,2,' Not Graduate',' Yes',4500000,16600000,4,679,10300000,3100000,11700000,5000000,' Approved'
3668,4,' Not Graduate',' Yes',6300000,16900000,16,582,16000000,3600000,23700000,6000000,' Approved'
1831,5,' Graduate',' No',2700000,7600000,8,746,900000,2200000,7200000,3400000,' Approved'
1580,5,' Graduate',' No',1800000,6800000,18,457,2200000,1100000,3800000,1400000,' Rejected'
4061,3,' Not Graduate',' No',5800000,20600000,20,434,8400000,2700000,22600000,7000000,' Rejected'
1194,2,' Not Graduate',' Yes',2100000,5600000,16,426,400000,300000,7100000,1200000,' Rejected'
119,0,' Not Graduate',' No',7200000,15800000,12,379,12700000,12200000,21500000,3600000,' Rejected'
469,1,' Graduate',' Yes',6200000,16900000,2,396,10600000,7500000,23700000,7600000,' Rejected'
231,1,' Graduate',' Yes',4000000,10900000,14,598,3600000,6600000,13600000,4400000,' Approved'
2485,5,' Graduate',' No',3100000,10500000,6,584,7700000,2100000,10900000,2900000,' Approved'
2056,1,' Graduate',' No',4700000,9300000,8,515,1000000,4700000,14600000,5700000,' Rejected'
2957,3,' Not Graduate',' No',3600000,9800000,12,654,600000,1300000,7500000,2200000,' Approved'
2135,2,' Not Graduate',' Yes',8500000,26900000,6,538,21300000,16400000,21500000,4600000,' Rejected'
486,4,' Graduate',' No',1600000,4900000,8,685,3200000,2000000,3800000,1500000,' Approved'
312,4,' Graduate',' No',5900000,16800000,8,481,6900000,11400000,19500000,3300000,' Rejected'
3373,4,' Graduate',' Yes',7000000,27100000,12,881,8300000,9400000,17200000,9500000,' Approved'
2676,4,' Graduate',' Yes',5400000,17100000,2,533,13800000,5100000,12200000,4700000,' Approved'
4125,3,' Not Graduate',' Yes',7000000,26100000,18,689,17200000,5700000,20500000,5900000,' Approved'
215,2,' Not Graduate',' Yes',6700000,15200000,10,689,0,8200000,15000000,6800000,' Approved'
3464,0,' Graduate',' Yes',7400000,15200000,12,600,6200000,8500000,18800000,4100000,' Approved'
2465,1,' Not Graduate',' No',1500000,6000000,6,507,2600000,2700000,4800000,1900000,' Rejected'
1560,1,' Graduate',' Yes',7500000,29800000,18,770,1400000,5200000,28000000,8700000,' Approved'
574,3,' Graduate',' No',3100000,11000000,2,543,5900000,2200000,9000000,2400000,' Approved'
3945,0,' Graduate',' No',8900000,21600000,10,552,2300000,9900000,20700000,11900000,' Approved'
435,3,' Graduate',' No',8800000,18100000,6,699,6400000,2100000,18500000,9400000,' Approved'
3672,3,' Graduate',' Yes',4400000,15300000,16,865,1200000,8400000,15000000,3400000,' Approved'
3632,3,' Graduate',' No',9800000,21000000,12,342,25400000,16600000,26900000,7000000,' Rejected'
2302,4,' Not Graduate',' No',600000,1600000,6,784,300000,100000,1900000,500000,' Approved'
3146,1,' Not Graduate',' Yes',8900000,22900000,4,757,8200000,11600000,17800000,7800000,' Approved'
719,4,' Graduate',' No',700000,2600000,14,736,2100000,600000,1900000,400000,' Approved'
3269,2,' Not Graduate',' Yes',7900000,22500000,6,571,8100000,5300000,17900000,8100000,' Approved'
159,5,' Graduate',' Yes',700000,1300000,20,704,1600000,0,2200000,600000,' Approved'
1941,0,' Graduate',' No',8600000,29000000,18,481,21200000,2600000,27700000,5400000,' Rejected'
1980,0,' Graduate',' No',8300000,31400000,18,558,13300000,2900000,25900000,6300000,' Approved'
72,5,' Graduate',' Yes',5300000,18600000,4,386,2700000,9700000,11900000,4200000,' Approved'
479,3,' Not Graduate',' Yes',3600000,8600000,8,790,5400000,5900000,9800000,5200000,' Approved'
1126,4,' Not Graduate',' No',7200000,27400000,8,735,14100000,14200000,19400000,9500000,' Approved'
4128,2,' Graduate',' No',5300000,13200000,10,500,4700000,9800000,20400000,2900000,' Rejected'
1360,5,' Graduate',' No',4700000,10200000,16,874,10800000,7700000,11100000,7000000,' Approved'
126,3,' Graduate',' No',200000,600000,16,821,400000,100000,500000,100000,' Approved'
3521,3,' Not Graduate',' No',6900000,22700000,4,650,900000,13400000,15500000,6400000,' Approved'
1230,4,' Graduate',' Yes',1800000,5800000,14,305,600000,3300000,3600000,2000000,' Rejected'
2123,2,' Graduate',' No',4700000,17700000,14,675,5800000,7200000,13100000,6500000,' Approved'
3102,1,' Not Graduate',' Yes',1600000,4400000,4,364,2500000,700000,4300000,2400000,' Rejected'
1692,1,' Not Graduate',' Yes',8900000,32000000,16,711,4300000,1200000,22100000,5200000,' Approved'
3613,0,' Not Graduate',' Yes',200000,700000,20,724,600000,0,500000,300000,' Approved'
21,2,' Graduate',' No',5000000,19400000,12,315,9500000,1600000,18000000,6100000,' Rejected'
698,0,' Graduate',' Yes',6000000,23900000,4,394,6700000,5800000,21900000,4500000,' Approved'
642,0,' Graduate',' Yes',7100000,20100000,16,756,8000000,5000000,17600000,5400000,' Approved'
1254,0,' Graduate',' Yes',3500000,11700000,14,649,2700000,700000,11400000,4800000,' Approved'
3828,1,' Graduate',' Yes',9600000,35900000,8,534,24500000,17700000,31900000,5400000,' Rejected'
2835,2,' Not Graduate',' No',2000000,4300000,16,497,5100000,200000,5700000,2800000,' Rejected'
477,4,' Not Graduate',' No',4100000,13500000,18,490,4700000,6200000,13900000,2000000,' Rejected'
1798,0,' Not Graduate',' Yes',8000000,21100000,6,306,16100000,11800000,28200000,8700000,' Rejected'
3291,1,' Graduate',' Yes',5400000,19300000,12,784,5000000,1800000,20300000,6500000,' Approved'
3947,1,' Graduate',' Yes',3500000,10800000,14,632,6900000,1500000,10900000,4200000,' Approved'
92,4,' Graduate',' No',8800000,20700000,18,540,19200000,3200000,22400000,12700000,' Rejected'
3444,0,' Not Graduate',' Yes',9100000,23300000,18,414,17700000,2500000,33800000,6400000,' Rejected'
1518,5,' Graduate',' No',5900000,13400000,6,455,3200000,11200000,21600000,6900000,' Rejected'
670,1,' Graduate',' No',6000000,20100000,6,476,13900000,10000000,15200000,5500000,' Rejected'
3310,1,' Not Graduate',' No',5800000,18700000,20,586,14100000,3000000,15600000,6000000,' Approved'
3129,1,' Not Graduate',' Yes',500000,1700000,18,617,400000,100000,1400000,500000,' Approved'
1422,4,' Not Graduate',' No',7100000,14300000,14,537,13700000,10400000,18200000,6100000,' Rejected'
2620,3,' Not Graduate',' No',2700000,10800000,6,480,4400000,0,10300000,3500000,' Rejected'
567,2,' Not Graduate',' No',2800000,5900000,6,895,1000000,3900000,10900000,1500000,' Approved'
4211,3,' Not Graduate',' Yes',9200000,35000000,4,716,1100000,10200000,33600000,11400000,' Approved'
3051,3,' Graduate',' No',3900000,9800000,6,604,10900000,7300000,7700000,3300000,' Approved'
2780,4,' Graduate',' Yes',3900000,9200000,12,737,2800000,2300000,12300000,5200000,' Approved'
283,0,' Graduate',' Yes',2800000,7800000,10,405,7800000,2500000,7100000,3400000,' Rejected'
2234,1,' Graduate',' Yes',7500000,21400000,20,655,13000000,10300000,28100000,8100000,' Approved'
2786,0,' Not Graduate',' No',7700000,29300000,14,801,6200000,11800000,23400000,4700000,' Approved'
2316,0,' Not Graduate',' No',2000000,4800000,20,337,1300000,2200000,5500000,1700000,' Rejected'
3202,0,' Not Graduate',' No',1200000,2900000,18,348,400000,1200000,2900000,600000,' Rejected'
2580,0,' Not Graduate',' Yes',3800000,10600000,12,490,3300000,6500000,14400000,3100000,' Rejected'
4014,0,' Graduate',' No',2500000,8900000,2,662,4000000,2100000,9700000,3000000,' Approved'
1337,4,' Graduate',' No',5500000,21200000,20,359,4200000,5300000,18600000,6400000,' Rejected'
2606,3,' Graduate',' Yes',7800000,27200000,16,560,3600000,8100000,21800000,8600000,' Approved'
3317,1,' Not Graduate',' No',2900000,11500000,20,431,3600000,3800000,5900000,3100000,' Rejected'
222,3,' Graduate',' Yes',7900000,21200000,18,695,13800000,10600000,21800000,4900000,' Approved'
3331,1,' Graduate',' No',6300000,17200000,12,714,10100000,4200000,24700000,8500000,' Approved'
2932,4,' Graduate',' Yes',4900000,12800000,2,691,200000,4900000,14700000,7000000,' Approved'
1311,2,' Graduate',' Yes',4900000,12000000,20,513,14200000,8100000,18300000,4800000,' Rejected'
323,4,' Graduate',' Yes',4900000,17100000,6,612,1300000,7000000,19500000,5000000,' Approved'
716,5,' Not Graduate',' No',3900000,14000000,4,708,700000,1800000,15600000,5200000,' Approved'
4062,5,' Not Graduate',' No',2000000,6900000,18,516,4600000,3400000,6500000,1600000,' Rejected'
2533,1,' Graduate',' No',9800000,37900000,4,816,21800000,12200000,26100000,8500000,' Approved'
2889,0,' Graduate',' No',6800000,21200000,14,300,0,8700000,16500000,10000000,' Rejected'
676,4,' Not Graduate',' Yes',4600000,9500000,20,613,5200000,5900000,13700000,3000000,' Approved'
3564,5,' Graduate',' No',6800000,19300000,6,865,12100000,100000,22900000,9000000,' Approved'
1921,4,' Not Graduate',' No',500000,1300000,6,809,200000,300000,900000,500000,' Approved'
1687,5,' Graduate',' No',3200000,8700000,16,558,2600000,2500000,9100000,1800000,' Approved'
1483,0,' Not Graduate',' Yes',2300000,6200000,8,712,6800000,1700000,8800000,1500000,' Approved'
572,0,' Graduate',' No',4700000,17500000,2,701,5400000,2300000,11700000,7000000,' Approved'
2590,4,' Graduate',' No',6700000,16000000,4,791,0,13000000,20700000,5200000,' Approved'
2343,4,' Not Graduate',' No',2000000,4800000,8,302,1500000,800000,4000000,2600000,' Rejected'
397,0,' Graduate',' No',600000,1700000,2,621,400000,400000,2000000,200000,' Approved'
3030,0,' Not Graduate',' Yes',2000000,5200000,18,400,1900000,1500000,5000000,1500000,' Rejected'
238,3,' Graduate',' Yes',4100000,15500000,6,667,2800000,1600000,14700000,4000000,' Approved'
52,2,' Graduate',' No',8700000,24700000,10,435,6800000,3500000,21800000,11300000,' Rejected'
3645,0,' Not Graduate',' No',5700000,13000000,6,328,7800000,7500000,20700000,8200000,' Rejected'
2929,5,' Graduate',' Yes',4100000,15500000,10,836,10500000,1100000,15200000,3600000,' Approved'
2381,0,' Graduate',' Yes',200000,300000,18,520,100000,300000,600000,100000,' Rejected'
2381,0,' Graduate',' Yes',200000,300000,18,520,100000,300000,600000,100000,' Rejected'
921,4,' Graduate',' Yes',8900000,20700000,6,684,1100000,9200000,20400000,6700000,' Approved'
343,4,' Graduate',' No',8000000,30100000,4,431,11900000,13800000,18800000,11500000,' Approved'
1498,0,' Not Graduate',' Yes',900000,2100000,6,521,100000,1700000,2100000,700000,' Rejected'
2687,4,' Not Graduate',' Yes',6400000,21300000,20,332,3600000,9100000,16200000,8000000,' Rejected'
4167,1,' Graduate',' No',500000,1300000,14,619,1500000,100000,2000000,500000,' Approved'
2966,1,' Not Graduate',' Yes',8000000,20700000,6,570,1000000,11700000,23200000,11300000,' Approved'
2629,3,' Graduate',' No',9900000,23600000,18,557,18300000,8600000,23000000,9100000,' Approved'
829,4,' Not Graduate',' No',6300000,21900000,10,538,9600000,5400000,19300000,7800000,' Rejected'
2141,2,' Not Graduate',' No',4800000,15800000,20,860,1700000,3300000,13400000,5100000,' Approved'
3,3,' Graduate',' No',9100000,29700000,20,506,7100000,4500000,33300000,12800000,' Rejected'
2620,3,' Not Graduate',' No',2700000,10800000,6,480,4400000,0,10300000,3500000,' Rejected'
222,3,' Graduate',' Yes',7900000,21200000,18,695,13800000,10600000,21800000,4900000,' Approved'
427,2,' Graduate',' No',5500000,14800000,8,364,13000000,4500000,12600000,4500000,' Rejected'
3038,4,' Not Graduate',' Yes',8700000,28200000,12,548,11800000,9900000,19800000,8500000,' Rejected'
2417,2,' Not Graduate',' Yes',1200000,2900000,12,330,400000,1600000,3800000,600000,' Rejected'
2166,4,' Graduate',' Yes',900000,2500000,4,583,1300000,800000,1800000,1100000,' Approved'
1884,2,' Not Graduate',' No',7500000,15400000,8,332,8300000,3100000,23700000,5400000,' Rejected'
1648,4,' Not Graduate',' Yes',3200000,12800000,8,638,4300000,2600000,8000000,3800000,' Approved'
1923,5,' Not Graduate',' Yes',5300000,13700000,18,708,7600000,900000,19200000,5900000,' Approved'
3679,3,' Not Graduate',' No',1200000,3100000,10,438,1500000,2200000,3900000,1000000,' Rejected'
1440,3,' Not Graduate',' No',3900000,10500000,20,821,1600000,6300000,11000000,3900000,' Approved'
3427,1,' Graduate',' Yes',8700000,30000000,12,543,21900000,12700000,30600000,12700000,' Rejected'
439,5,' Not Graduate',' No',6500000,18500000,4,891,13600000,3300000,23600000,7100000,' Approved'
743,5,' Graduate',' Yes',2300000,6100000,6,339,5100000,2500000,8300000,2400000,' Rejected'
813,5,' Not Graduate',' Yes',5200000,18100000,8,809,2400000,6900000,14000000,5500000,' Approved'
2731,2,' Graduate',' Yes',9900000,33400000,14,783,16600000,16100000,21000000,9500000,' Approved'
968,4,' Not Graduate',' No',500000,1800000,20,777,900000,300000,1300000,200000,' Approved'
3055,2,' Not Graduate',' Yes',9200000,33000000,14,874,3900000,9700000,31200000,6600000,' Approved'
3761,1,' Not Graduate',' No',1600000,5600000,6,846,600000,2800000,4600000,1200000,' Approved'
563,1,' Graduate',' Yes',7100000,15200000,8,389,5900000,900000,24300000,5900000,' Rejected'
1589,0,' Graduate',' Yes',5600000,19300000,6,407,3400000,3600000,14200000,8400000,' Rejected'
790,2,' Graduate',' No',3100000,8700000,18,544,5300000,1100000,12200000,1500000,' Rejected'
23,4,' Graduate',' Yes',6500000,25700000,18,311,13100000,1700000,19500000,8500000,' Rejected'
4119,2,' Graduate',' No',2200000,8300000,6,596,4700000,3000000,8500000,1800000,' Approved'
4251,1,' Graduate',' Yes',6000000,13400000,12,731,1300000,4300000,21300000,6900000,' Approved'
322,4,' Not Graduate',' Yes',6400000,23500000,2,485,7300000,2700000,23600000,3900000,' Approved'
1848,4,' Graduate',' No',4600000,16600000,16,805,4800000,8000000,11500000,2800000,' Approved'
2815,5,' Graduate',' No',4100000,10200000,12,431,6200000,2200000,13700000,4300000,' Rejected'
3708,3,' Graduate',' Yes',1700000,5800000,10,524,4100000,2900000,6600000,800000,' Rejected'
3294,3,' Not Graduate',' Yes',9400000,32100000,10,617,22700000,5800000,29400000,11400000,' Approved'
3938,2,' Not Graduate',' No',9700000,30200000,14,769,23700000,13600000,26400000,7500000,' Approved'
3328,0,' Not Graduate',' Yes',7700000,16900000,14,473,22100000,4000000,29000000,6400000,' Rejected'
2029,0,' Not Graduate',' No',9500000,24400000,14,769,14400000,2400000,30800000,14200000,' Approved'
1826,3,' Not Graduate',' No',8100000,30400000,12,606,900000,1100000,31900000,11600000,' Approved'
1320,4,' Graduate',' Yes',3800000,7800000,20,891,4600000,7000000,14300000,3300000,' Approved'
3960,2,' Graduate',' No',5200000,16200000,12,890,10500000,9600000,15800000,3900000,' Approved'
2587,1,' Not Graduate',' Yes',9800000,36000000,12,629,28000000,4100000,29800000,11200000,' Approved'
3490,5,' Graduate',' Yes',9000000,31400000,2,677,12000000,10800000,20700000,8700000,' Approved'
118,0,' Not Graduate',' No',600000,1600000,6,647,1500000,600000,1500000,700000,' Approved'
2775,3,' Graduate',' Yes',8300000,27700000,4,596,20500000,15400000,21400000,7400000,' Approved'
213,2,' Not Graduate',' No',8500000,32700000,18,471,12600000,9400000,33900000,12500000,' Rejected'
3495,4,' Not Graduate',' Yes',8800000,22200000,10,512,6800000,4000000,31900000,9900000,' Rejected'
569,4,' Not Graduate',' No',4500000,9800000,16,895,9800000,8200000,13900000,5500000,' Approved'
4156,3,' Not Graduate',' No',7400000,23500000,2,460,20600000,12200000,25900000,9200000,' Approved'
1030,2,' Not Graduate',' Yes',9500000,37000000,8,887,21800000,18300000,19200000,11700000,' Approved'
285,4,' Not Graduate',' Yes',600000,1800000,8,417,1700000,700000,1800000,800000,' Rejected'
123,1,' Not Graduate',' No',8500000,32900000,10,570,5100000,6200000,20500000,5500000,' Approved'
3126,0,' Graduate',' Yes',3300000,9700000,14,356,9800000,4800000,9400000,1900000,' Rejected'
527,0,' Not Graduate',' No',2400000,5000000,14,580,5900000,4400000,5500000,3200000,' Approved'
2834,0,' Graduate',' Yes',7500000,28900000,10,632,21700000,10700000,24700000,9900000,' Approved'
3493,2,' Not Graduate',' No',9000000,27300000,14,353,22600000,4400000,26900000,7200000,' Rejected'
3131,3,' Not Graduate',' No',7100000,27900000,8,583,8900000,7600000,19600000,6300000,' Approved'
3694,5,' Graduate',' Yes',5400000,21400000,12,399,4000000,9700000,12400000,6800000,' Rejected'
4154,1,' Graduate',' No',7700000,17100000,14,603,11100000,12100000,30300000,7100000,' Approved'
1017,3,' Not Graduate',' No',1600000,3900000,20,804,900000,2500000,3200000,800000,' Approved'
2603,3,' Not Graduate',' Yes',4400000,10900000,18,611,8600000,6300000,8800000,3000000,' Approved'
1405,5,' Graduate',' No',6100000,23500000,16,300,300000,700000,22800000,4800000,' Rejected'
1011,0,' Graduate',' No',5600000,13400000,2,460,3400000,4100000,14800000,4100000,' Rejected'
2308,5,' Not Graduate',' Yes',6700000,17600000,14,843,12700000,200000,19500000,5600000,' Approved'
1321,1,' Not Graduate',' No',4900000,14800000,12,895,8600000,8200000,18300000,5200000,' Approved'
1065,0,' Not Graduate',' Yes',5600000,19100000,14,875,16700000,4700000,15100000,7700000,' Approved'
4115,4,' Graduate',' No',400000,1000000,20,692,500000,400000,1600000,200000,' Approved'
264,5,' Not Graduate',' No',9500000,22200000,20,352,24500000,0,30800000,7000000,' Rejected'
1917,4,' Not Graduate',' No',1600000,6200000,18,554,3200000,800000,5500000,1100000,' Approved'
1176,3,' Graduate',' Yes',7700000,16200000,6,380,11500000,15100000,22500000,6400000,' Rejected'
2117,2,' Graduate',' No',4500000,9600000,16,404,1800000,6000000,17000000,2700000,' Rejected'
2499,1,' Not Graduate',' No',2600000,8100000,12,854,4500000,5100000,6300000,2500000,' Approved'
4048,3,' Not Graduate',' No',6400000,23000000,8,520,12100000,11400000,16000000,3800000,' Rejected'
4047,2,' Graduate',' No',6500000,16200000,10,809,14000000,4700000,13200000,8600000,' Approved'
1193,3,' Graduate',' Yes',9300000,26100000,14,636,4700000,16100000,34500000,11600000,' Approved'
1030,2,' Not Graduate',' Yes',9500000,37000000,8,887,21800000,18300000,19200000,11700000,' Approved'
1092,4,' Not Graduate',' Yes',600000,2100000,6,558,1300000,1000000,2200000,300000,' Approved'
2549,2,' Graduate',' Yes',1800000,5500000,6,448,2900000,300000,5600000,1300000,' Rejected'
926,5,' Graduate',' No',3000000,8000000,6,333,3200000,400000,8200000,2200000,' Rejected'
604,4,' Not Graduate',' Yes',5600000,17500000,10,528,14200000,2300000,12100000,7200000,' Rejected'
208,0,' Graduate',' No',7100000,15400000,18,707,10300000,10800000,19600000,5800000,' Approved'
1968,3,' Not Graduate',' Yes',6000000,18700000,18,783,2800000,8500000,20300000,8800000,' Approved'
1973,1,' Graduate',' Yes',8300000,17700000,10,673,23700000,5300000,28700000,4200000,' Approved'
1679,1,' Graduate',' Yes',6400000,17900000,6,575,6600000,7600000,23100000,5300000,' Approved'
992,2,' Not Graduate',' No',2300000,5000000,8,884,1400000,1700000,6100000,1500000,' Approved'
3428,0,' Not Graduate',' Yes',3500000,12600000,10,448,1200000,2500000,10400000,3600000,' Rejected'
2870,4,' Graduate',' No',9900000,26100000,2,481,14500000,5000000,23600000,9300000,' Rejected'
3387,1,' Not Graduate',' No',6900000,20900000,4,574,3200000,1800000,25000000,5200000,' Approved'
4039,3,' Not Graduate',' Yes',5200000,15000000,20,432,6900000,5000000,15600000,5100000,' Rejected'
3261,5,' Not Graduate',' Yes',1400000,5100000,4,348,2100000,900000,4000000,1300000,' Approved'
353,4,' Not Graduate',' No',3300000,9700000,14,782,2500000,0,10400000,2200000,' Approved'
2634,0,' Graduate',' No',7300000,16100000,2,490,7600000,1400000,21800000,10700000,' Rejected'
475,1,' Not Graduate',' Yes',9200000,31500000,18,698,5300000,6100000,20400000,8300000,' Approved'
444,2,' Graduate',' No',7700000,16700000,6,555,12900000,2900000,18100000,8500000,' Approved'
2582,4,' Graduate',' No',7800000,25400000,18,425,3000000,14000000,30500000,7200000,' Rejected'
4187,3,' Not Graduate',' Yes',4000000,8600000,4,667,11500000,6300000,15300000,3500000,' Approved'
3350,2,' Not Graduate',' No',4700000,14600000,20,597,8200000,6000000,14100000,6800000,' Approved'
3406,1,' Graduate',' Yes',3400000,7000000,4,534,3100000,1600000,13000000,4000000,' Rejected'
1971,5,' Not Graduate',' Yes',7500000,15000000,14,661,12100000,5800000,29900000,4400000,' Approved'
449,4,' Graduate',' No',4700000,15700000,4,868,3300000,2500000,13800000,4800000,' Approved'
2185,4,' Not Graduate',' No',3300000,7000000,20,504,8200000,3200000,7300000,2500000,' Rejected'
3747,5,' Graduate',' Yes',5000000,16400000,14,525,13000000,9100000,15300000,3300000,' Rejected'
2739,1,' Not Graduate',' Yes',600000,1400000,10,699,400000,500000,1300000,800000,' Approved'
3051,3,' Graduate',' No',3900000,9800000,6,604,10900000,7300000,7700000,3300000,' Approved'
1865,2,' Not Graduate',' No',5600000,13700000,2,558,7500000,9300000,12100000,6700000,' Approved'
3331,1,' Graduate',' No',6300000,17200000,12,714,10100000,4200000,24700000,8500000,' Approved'
2642,1,' Graduate',' No',6300000,18200000,18,849,4300000,5800000,15500000,5200000,' Approved'
1279,4,' Graduate',' No',7600000,29000000,8,739,22100000,8100000,22100000,8800000,' Approved'
3927,3,' Graduate',' No',4900000,12800000,14,653,7300000,1000000,13000000,7200000,' Approved'
2947,5,' Graduate',' Yes',3800000,12000000,2,649,6200000,5300000,10300000,4200000,' Approved'
3551,2,' Not Graduate',' No',9100000,18600000,20,403,18400000,11700000,20300000,9200000,' Rejected'
1065,0,' Not Graduate',' Yes',5600000,19100000,14,875,16700000,4700000,15100000,7700000,' Approved'
2703,5,' Not Graduate',' Yes',9700000,29100000,18,732,4700000,7400000,35600000,12400000,' Approved'
923,1,' Graduate',' Yes',9200000,29200000,6,669,9900000,12900000,23400000,11700000,' Approved'
1925,0,' Graduate',' Yes',5000000,19900000,6,748,8300000,8500000,11300000,3000000,' Approved'
995,2,' Graduate',' No',3200000,12600000,18,796,6200000,3500000,9600000,2000000,' Approved'
647,5,' Graduate',' Yes',5400000,21200000,20,734,7300000,1800000,11500000,7500000,' Approved'
842,0,' Graduate',' Yes',8300000,30000000,4,600,14600000,12500000,24800000,12000000,' Approved'
1836,2,' Not Graduate',' No',4300000,11800000,20,701,11600000,4600000,14200000,3300000,' Approved'
2423,2,' Graduate',' No',4600000,17500000,20,597,11400000,6100000,14100000,4100000,' Approved'
432,1,' Graduate',' No',1100000,3500000,8,562,2300000,1200000,3200000,500000,' Approved'
3151,3,' Graduate',' No',2100000,7700000,6,703,700000,4000000,8200000,1300000,' Approved'
1183,0,' Graduate',' Yes',6400000,21900000,12,727,15400000,10100000,24000000,5300000,' Approved'
4222,3,' Graduate',' Yes',1300000,4300000,18,412,600000,900000,5200000,1200000,' Rejected'
2620,3,' Not Graduate',' No',2700000,10800000,6,480,4400000,0,10300000,3500000,' Rejected'
1283,2,' Graduate',' No',9800000,25400000,2,655,19900000,4600000,21300000,7900000,' Approved'
4062,5,' Not Graduate',' No',2000000,6900000,18,516,4600000,3400000,6500000,1600000,' Rejected'
3406,1,' Graduate',' Yes',3400000,7000000,4,534,3100000,1600000,13000000,4000000,' Rejected'
819,2,' Not Graduate',' No',6500000,14100000,2,709,1000000,12700000,20900000,4000000,' Approved'
255,2,' Not Graduate',' No',2100000,4700000,2,546,6000000,3200000,5700000,1500000,' Rejected'
3453,5,' Not Graduate',' Yes',2300000,5000000,10,431,300000,3700000,8700000,2900000,' Rejected'
2723,1,' Graduate',' No',1000000,3600000,4,570,1000000,1300000,3700000,1000000,' Approved'
3067,3,' Not Graduate',' No',9200000,19500000,12,742,18300000,9900000,19500000,13700000,' Approved'
1008,0,' Graduate',' No',4400000,10600000,20,653,6800000,4600000,16800000,5400000,' Approved'
771,3,' Graduate',' No',4000000,12800000,18,635,6000000,7000000,12900000,4200000,' Approved'
3678,3,' Not Graduate',' Yes',5600000,20900000,14,649,4000000,10700000,13000000,8200000,' Approved'
717,3,' Graduate',' No',6800000,21200000,2,433,10700000,1900000,23200000,6300000,' Approved'
3094,5,' Not Graduate',' No',1400000,5300000,12,778,1600000,700000,4400000,700000,' Approved'
3457,1,' Not Graduate',' No',8000000,30900000,2,315,23500000,1200000,19500000,7300000,' Approved'
137,2,' Not Graduate',' No',4600000,16700000,2,786,200000,5900000,13900000,6100000,' Approved'
1863,2,' Not Graduate',' Yes',200000,600000,8,552,400000,200000,700000,200000,' Approved'
1059,3,' Not Graduate',' Yes',3000000,11400000,10,424,1800000,4200000,10900000,1500000,' Rejected'
2675,1,' Not Graduate',' Yes',2800000,6600000,18,801,4000000,4900000,7100000,3700000,' Approved'
2723,1,' Graduate',' No',1000000,3600000,4,570,1000000,1300000,3700000,1000000,' Approved'
2395,2,' Not Graduate',' Yes',4700000,13700000,6,506,1300000,7900000,16700000,3500000,' Rejected'
3995,2,' Not Graduate',' Yes',7000000,22500000,12,632,12500000,4600000,20400000,4900000,' Approved'
3261,5,' Not Graduate',' Yes',1400000,5100000,4,348,2100000,900000,4000000,1300000,' Approved'
2255,2,' Graduate',' No',4000000,9200000,16,784,3200000,600000,13000000,4900000,' Approved'
3902,5,' Graduate',' No',2300000,4900000,4,529,6200000,3900000,9200000,2000000,' Rejected'
1091,4,' Graduate',' No',9400000,32600000,4,898,18200000,4000000,22000000,10200000,' Approved'
1566,2,' Not Graduate',' Yes',3500000,13300000,4,420,6400000,1700000,8000000,2300000,' Approved'
3010,4,' Not Graduate',' No',1100000,3300000,18,417,1400000,1000000,4200000,700000,' Rejected'
2233,2,' Not Graduate',' No',6100000,15300000,2,799,7100000,5500000,17800000,5300000,' Approved'
3551,2,' Not Graduate',' No',9100000,18600000,20,403,18400000,11700000,20300000,9200000,' Rejected'
616,3,' Not Graduate',' No',5200000,17300000,10,401,2600000,1400000,12700000,6400000,' Rejected'
584,3,' Not Graduate',' Yes',3600000,13200000,16,557,9800000,4000000,9900000,2100000,' Approved'
1239,3,' Graduate',' Yes',1900000,5900000,8,651,700000,2100000,6200000,1500000,' Approved'
2682,4,' Not Graduate',' No',1500000,3100000,6,885,100000,2800000,3800000,1900000,' Approved'
1043,1,' Not Graduate',' Yes',3300000,10800000,2,550,6000000,3800000,11000000,4700000,' Approved'
3448,5,' Not Graduate',' Yes',8200000,20900000,14,726,11400000,4800000,26000000,8400000,' Approved'
36,2,' Graduate',' Yes',1700000,3400000,8,691,2700000,2800000,6000000,900000,' Approved'
427,2,' Graduate',' No',5500000,14800000,8,364,13000000,4500000,12600000,4500000,' Rejected'
4190,4,' Graduate',' Yes',8600000,23300000,12,785,18800000,3800000,23500000,4500000,' Approved'
68,0,' Not Graduate',' Yes',2700000,10100000,20,693,200000,1700000,5900000,1400000,' Rejected'
3533,4,' Graduate',' Yes',8200000,24000000,20,831,23000000,3000000,24800000,5400000,' Approved'
1445,5,' Graduate',' Yes',3400000,12300000,10,615,7000000,1600000,11400000,3500000,' Approved'
805,2,' Not Graduate',' Yes',800000,2100000,6,726,2000000,0,2600000,600000,' Approved'
126,3,' Graduate',' No',200000,600000,16,821,400000,100000,500000,100000,' Approved'
679,4,' Not Graduate',' Yes',4400000,16600000,14,889,800000,1400000,14900000,5900000,' Approved'
358,2,' Not Graduate',' No',8400000,26300000,4,419,22900000,7900000,29200000,6200000,' Approved'
241,2,' Graduate',' No',9600000,22500000,18,851,7400000,16200000,24300000,12700000,' Approved'
2727,4,' Graduate',' Yes',4700000,12000000,2,416,5800000,8200000,13000000,6800000,' Rejected'
3636,3,' Not Graduate',' Yes',5400000,16300000,4,512,1600000,3400000,13100000,6000000,' Approved'
2389,5,' Not Graduate',' Yes',8400000,18600000,20,703,2500000,7100000,28800000,9500000,' Approved'
1605,5,' Not Graduate',' Yes',1500000,5500000,4,414,800000,1400000,2900000,1200000,' Approved'
2283,0,' Graduate',' Yes',7500000,16600000,14,440,17200000,14500000,24100000,10300000,' Rejected'
3690,2,' Graduate',' No',3700000,13400000,16,393,6400000,600000,14200000,3500000,' Rejected'
3928,1,' Not Graduate',' Yes',700000,1800000,16,641,2100000,400000,1600000,900000,' Approved'
4018,3,' Graduate',' Yes',2200000,4400000,2,861,1300000,2600000,4500000,2300000,' Approved'
1024,4,' Not Graduate',' Yes',1100000,2900000,4,554,2800000,1000000,4100000,1600000,' Approved'
3708,3,' Graduate',' Yes',1700000,5800000,10,524,4100000,2900000,6600000,800000,' Rejected'
2461,5,' Graduate',' No',1100000,4000000,16,498,400000,100000,2300000,700000,' Rejected'
1653,3,' Graduate',' No',4300000,11200000,6,556,11000000,4300000,14500000,5100000,' Approved'
1083,1,' Graduate',' No',7500000,28300000,16,707,9700000,1100000,16300000,6700000,' Approved'
906,5,' Not Graduate',' No',9700000,37000000,14,459,28700000,17900000,22800000,5600000,' Rejected'
55,2,' Graduate',' Yes',5100000,19700000,20,590,7400000,9300000,19400000,3400000,' Approved'
1319,3,' Graduate',' No',6400000,24100000,12,571,19000000,11500000,13200000,7500000,' Approved'
3097,3,' Graduate',' No',7400000,18500000,8,818,10400000,8800000,28000000,8400000,' Approved'
64,3,' Not Graduate',' Yes',3300000,7500000,20,586,1600000,5600000,10500000,2900000,' Approved'
3419,5,' Not Graduate',' No',3100000,12300000,18,805,4900000,1900000,6100000,2800000,' Approved'
408,4,' Not Graduate',' No',900000,3300000,10,649,0,400000,1800000,1200000,' Approved'
1493,1,' Not Graduate',' No',5700000,17200000,4,512,4300000,7000000,21400000,3000000,' Approved'
1106,4,' Not Graduate',' Yes',8000000,19200000,18,682,2500000,8900000,19000000,5300000,' Approved'
46,4,' Graduate',' No',8000000,27800000,16,331,13000000,6300000,21400000,10900000,' Rejected'
501,2,' Graduate',' No',200000,700000,8,851,400000,200000,800000,200000,' Approved'
93,4,' Graduate',' No',3800000,8900000,4,844,9100000,3500000,13100000,4700000,' Approved'
1111,5,' Graduate',' Yes',8100000,32100000,6,823,18200000,1800000,24100000,6500000,' Approved'
2966,1,' Not Graduate',' Yes',8000000,20700000,6,570,1000000,11700000,23200000,11300000,' Approved'
3615,5,' Graduate',' No',2500000,6400000,16,590,3200000,3900000,5800000,3500000,' Approved'
671,1,' Graduate',' Yes',2000000,5600000,18,320,2400000,2300000,4600000,2100000,' Rejected'
3227,5,' Not Graduate',' Yes',2400000,6500000,20,513,6400000,2100000,5200000,2600000,' Rejected'
979,2,' Not Graduate',' No',2400000,8800000,18,421,3200000,1500000,6700000,1400000,' Rejected'
3560,4,' Not Graduate',' No',2700000,10700000,6,857,7400000,4200000,8200000,2800000,' Approved'
239,3,' Not Graduate',' Yes',4700000,17500000,8,585,1200000,3100000,9600000,4900000,' Approved'
477,4,' Not Graduate',' No',4100000,13500000,18,490,4700000,6200000,13900000,2000000,' Rejected'
1912,1,' Graduate',' No',7500000,16000000,10,541,16300000,4500000,22400000,5100000,' Rejected'
2485,5,' Graduate',' No',3100000,10500000,6,584,7700000,2100000,10900000,2900000,' Approved'
1047,2,' Not Graduate',' Yes',2500000,6900000,12,325,5800000,1600000,6400000,3600000,' Rejected'
2279,3,' Not Graduate',' Yes',5800000,13600000,12,321,1700000,3300000,22300000,3400000,' Rejected'
2383,3,' Graduate',' Yes',8700000,33600000,14,314,7700000,10000000,21700000,6200000,' Rejected'
2485,5,' Graduate',' No',3100000,10500000,6,584,7700000,2100000,10900000,2900000,' Approved'
1483,0,' Not Graduate',' Yes',2300000,6200000,8,712,6800000,1700000,8800000,1500000,' Approved'
1134,2,' Graduate',' No',4800000,18500000,20,605,5700000,5500000,14700000,5800000,' Approved'
669,4,' Not Graduate',' No',2200000,8600000,20,373,4100000,1300000,5900000,1400000,' Rejected'
293,3,' Graduate',' Yes',3600000,10700000,16,312,2300000,1600000,13100000,5200000,' Rejected'
32,2,' Graduate',' No',5700000,12000000,6,363,3600000,7400000,21700000,4300000,' Rejected'
1498,0,' Not Graduate',' Yes',900000,2100000,6,521,100000,1700000,2100000,700000,' Rejected'
665,4,' Not Graduate',' Yes',9400000,35000000,10,517,10700000,15100000,27500000,6700000,' Rejected'
3463,0,' Graduate',' No',6500000,20200000,16,842,8300000,12200000,14300000,9600000,' Approved'
3009,2,' Not Graduate',' No',7100000,27000000,10,430,20700000,8300000,24500000,4200000,' Rejected'
7,5,' Graduate',' No',8700000,33000000,4,678,22500000,14800000,29200000,4300000,' Approved'
2099,1,' Graduate',' Yes',4900000,15200000,10,429,5700000,7300000,14400000,3300000,' Rejected'
2359,3,' Graduate',' No',7600000,28700000,18,781,21300000,12400000,29600000,8000000,' Approved'
3183,4,' Not Graduate',' No',5000000,11400000,6,336,1600000,4000000,15500000,2500000,' Rejected'
1627,4,' Not Graduate',' No',2900000,8700000,6,409,3700000,5500000,8200000,2200000,' Rejected'
1717,1,' Graduate',' No',2500000,6900000,20,495,4800000,3300000,5700000,3700000,' Rejected'
1,2,' Graduate',' No',9600000,29900000,12,778,2400000,17600000,22700000,8000000,' Approved'
681,0,' Not Graduate',' Yes',3200000,7400000,18,780,4200000,2600000,9000000,2800000,' Approved'
589,5,' Not Graduate',' Yes',1100000,2800000,10,647,2700000,2000000,4300000,1400000,' Approved'
1183,0,' Graduate',' Yes',6400000,21900000,12,727,15400000,10100000,24000000,5300000,' Approved'
2427,2,' Not Graduate',' No',8400000,23200000,16,476,15200000,5400000,18700000,8600000,' Rejected'
3698,0,' Not Graduate',' No',3700000,10600000,20,484,5800000,1300000,13900000,3500000,' Rejected'
193,1,' Graduate',' No',800000,2900000,8,682,2200000,1100000,2900000,700000,' Approved'
67,3,' Not Graduate',' No',8300000,29100000,10,715,6100000,11900000,24100000,11900000,' Approved'
4162,5,' Not Graduate',' No',1100000,4000000,2,362,1800000,1300000,3500000,1100000,' Approved'
3114,1,' Not Graduate',' No',6200000,18200000,18,324,3100000,12000000,19200000,3400000,' Rejected'
3174,2,' Graduate',' Yes',4600000,12600000,2,355,6300000,6900000,14800000,6500000,' Rejected'
1390,5,' Not Graduate',' No',4600000,11500000,16,668,6500000,3100000,10200000,5500000,' Approved'
1360,5,' Graduate',' No',4700000,10200000,16,874,10800000,7700000,11100000,7000000,' Approved'
526,0,' Graduate',' Yes',6900000,17000000,20,599,18100000,9400000,26600000,4300000,' Approved'
1675,1,' Not Graduate',' No',9800000,21300000,2,356,23000000,12300000,25700000,14600000,' Rejected'
1495,1,' Graduate',' Yes',2200000,8700000,20,539,1000000,4000000,8200000,2600000,' Rejected'
2927,3,' Graduate',' Yes',4000000,14700000,8,376,3000000,6200000,8900000,4200000,' Rejected'
3838,2,' Not Graduate',' Yes',2600000,7600000,10,400,6800000,2800000,10100000,3200000,' Rejected'
482,0,' Graduate',' Yes',5300000,15000000,2,900,1700000,2100000,21000000,5800000,' Approved'
483,4,' Graduate',' No',8300000,24900000,16,506,15400000,5600000,26700000,7000000,' Rejected'
2010,4,' Graduate',' No',700000,1800000,8,874,1600000,1000000,1300000,300000,' Approved'
1757,0,' Graduate',' No',8800000,32900000,18,576,1300000,8700000,32600000,5600000,' Approved'
3564,5,' Graduate',' No',6800000,19300000,6,865,12100000,100000,22900000,9000000,' Approved'
3027,0,' Graduate',' Yes',2700000,9700000,20,551,1300000,1300000,7100000,1600000,' Approved'
1557,5,' Not Graduate',' Yes',5600000,20500000,8,873,5500000,9500000,19400000,7800000,' Approved'
4017,4,' Not Graduate',' Yes',9200000,30100000,6,632,23700000,6600000,34200000,6200000,' Approved'
2950,0,' Graduate',' Yes',8500000,33700000,10,483,18800000,8900000,29000000,12200000,' Rejected'
2049,5,' Graduate',' Yes',8100000,20300000,18,751,1600000,7900000,31700000,7400000,' Approved'
43,3,' Graduate',' No',1400000,3400000,6,540,200000,1500000,3900000,800000,' Rejected'
1027,2,' Not Graduate',' Yes',1900000,7000000,14,818,4800000,3500000,4500000,2100000,' Approved'
3913,1,' Graduate',' No',7100000,14300000,12,720,4600000,500000,27300000,8400000,' Approved'
3711,5,' Not Graduate',' Yes',4500000,12700000,8,307,11000000,3800000,12600000,2700000,' Rejected'
961,1,' Graduate',' Yes',6500000,13900000,8,369,9600000,300000,17200000,8300000,' Rejected'
2147,3,' Not Graduate',' No',7400000,23400000,16,700,19300000,3000000,20700000,8900000,' Approved'
2753,1,' Graduate',' No',200000,300000,12,697,600000,300000,700000,100000,' Approved'
444,2,' Graduate',' No',7700000,16700000,6,555,12900000,2900000,18100000,8500000,' Approved'
2920,1,' Not Graduate',' No',8900000,28400000,6,709,21600000,5500000,26200000,7900000,' Approved'
3528,0,' Graduate',' No',1800000,6900000,10,853,900000,400000,3700000,1700000,' Rejected'
2342,1,' Graduate',' Yes',8000000,30600000,10,720,23700000,8500000,24900000,9700000,' Approved'
213,2,' Not Graduate',' No',8500000,32700000,18,471,12600000,9400000,33900000,12500000,' Rejected'
1499,1,' Not Graduate',' No',2900000,7400000,10,874,400000,1200000,10100000,3300000,' Approved'
2727,4,' Graduate',' Yes',4700000,12000000,2,416,5800000,8200000,13000000,6800000,' Rejected'
2569,3,' Not Graduate',' Yes',4400000,16300000,20,561,5500000,8000000,12000000,4000000,' Approved'
2276,3,' Not Graduate',' Yes',8500000,24900000,18,749,9600000,1200000,31700000,10100000,' Approved'
458,5,' Graduate',' Yes',8400000,17500000,12,620,15300000,13600000,26000000,5800000,' Approved'
911,2,' Graduate',' Yes',4900000,13100000,18,754,8200000,3300000,16500000,7200000,' Approved'
715,4,' Not Graduate',' No',9900000,22700000,12,567,28300000,9900000,29700000,5400000,' Approved'
2674,1,' Not Graduate',' No',6300000,23900000,4,742,1500000,7100000,21800000,4300000,' Approved'
202,2,' Not Graduate',' Yes',3800000,8900000,16,389,200000,5600000,12200000,2200000,' Rejected'
1093,3,' Graduate',' No',5100000,13300000,4,589,11200000,2700000,20200000,6100000,' Approved'
233,0,' Not Graduate',' Yes',2700000,6800000,20,796,700000,4200000,7000000,1900000,' Approved'
2624,4,' Not Graduate',' Yes',300000,1100000,4,315,700000,100000,900000,100000,' Approved'
2390,4,' Graduate',' No',7800000,17300000,4,394,3600000,13100000,24300000,7200000,' Rejected'
901,0,' Graduate',' Yes',5400000,21400000,8,721,8200000,6400000,16700000,7400000,' Approved'
2056,1,' Graduate',' No',4700000,9300000,8,515,1000000,4700000,14600000,5700000,' Rejected'
3650,4,' Not Graduate',' Yes',2300000,7700000,16,589,6000000,4400000,6300000,2300000,' Approved'
2756,0,' Graduate',' No',8600000,31800000,2,895,22600000,15900000,19600000,5100000,' Approved'
4076,4,' Not Graduate',' Yes',2600000,8500000,4,392,5500000,100000,8800000,2900000,' Approved'
865,0,' Not Graduate',' Yes',7200000,20700000,10,733,15600000,12000000,19200000,9900000,' Approved'
2835,2,' Not Graduate',' No',2000000,4300000,16,497,5100000,200000,5700000,2800000,' Rejected'
3251,2,' Not Graduate',' No',7500000,22400000,14,695,8100000,3900000,15300000,9400000,' Approved'
945,2,' Graduate',' No',7900000,18500000,18,727,20200000,12400000,19600000,7100000,' Approved'
1546,2,' Not Graduate',' Yes',8200000,27800000,16,827,11500000,8700000,26000000,10700000,' Approved'
2141,2,' Not Graduate',' No',4800000,15800000,20,860,1700000,3300000,13400000,5100000,' Approved'
4149,4,' Not Graduate',' No',7600000,18600000,18,779,9100000,5600000,15200000,10000000,' Approved'
144,4,' Not Graduate',' No',6600000,17400000,20,506,2600000,10000000,25900000,7200000,' Rejected'
3084,5,' Not Graduate',' Yes',8400000,17600000,12,397,13400000,14500000,24500000,7900000,' Rejected'
2731,2,' Graduate',' Yes',9900000,33400000,14,783,16600000,16100000,21000000,9500000,' Approved'
374,4,' Not Graduate',' Yes',9200000,25500000,10,900,9400000,10500000,27400000,12800000,' Approved'
3758,3,' Graduate',' No',2800000,8500000,20,431,6200000,1700000,7800000,2200000,' Rejected'
2348,4,' Not Graduate',' No',8100000,28000000,8,663,8800000,11300000,26000000,5500000,' Approved'
3883,1,' Graduate',' Yes',9700000,34300000,20,756,15700000,18500000,26800000,14100000,' Approved'
1343,3,' Not Graduate',' No',2400000,8100000,6,630,5100000,2900000,9100000,2300000,' Approved'
1266,1,' Graduate',' No',8100000,28400000,6,744,20300000,10500000,21800000,7700000,' Approved'
3299,2,' Not Graduate',' Yes',6800000,15500000,12,338,9900000,1200000,21800000,8500000,' Rejected'
3483,2,' Not Graduate',' No',7000000,24200000,6,892,20600000,500000,21400000,9200000,' Approved'
1136,5,' Graduate',' Yes',800000,2500000,12,403,500000,0,3200000,800000,' Rejected'
1058,0,' Graduate',' Yes',3800000,11200000,20,479,1100000,6400000,12000000,5400000,' Rejected'
1783,2,' Not Graduate',' Yes',7300000,15200000,20,776,14700000,9600000,26400000,4100000,' Approved'
278,0,' Not Graduate',' No',1500000,4900000,12,651,1600000,2800000,4600000,800000,' Approved'
181,3,' Not Graduate',' Yes',4500000,17900000,6,787,9800000,3600000,14300000,4200000,' Approved'
3244,1,' Not Graduate',' No',8800000,30200000,18,897,17100000,7900000,28700000,11100000,' Approved'
1023,5,' Graduate',' No',8800000,18800000,14,836,17300000,10100000,32700000,5400000,' Approved'
1766,4,' Not Graduate',' Yes',3600000,9500000,2,841,4900000,4400000,13500000,2100000,' Approved'
1741,4,' Not Graduate',' No',1100000,2500000,4,603,1900000,1400000,3900000,500000,' Approved'
533,5,' Graduate',' Yes',6900000,23900000,6,382,17100000,6900000,21500000,8900000,' Rejected'
3715,2,' Graduate',' No',2900000,10500000,20,708,4200000,600000,7700000,4300000,' Approved'
528,1,' Not Graduate',' Yes',2100000,4900000,10,744,200000,2000000,5400000,1000000,' Approved'
83,2,' Not Graduate',' Yes',9900000,21200000,16,363,25500000,11400000,26600000,6800000,' Rejected'
3035,0,' Graduate',' Yes',3100000,7100000,10,498,3800000,1100000,12200000,4300000,' Rejected'
792,4,' Graduate',' Yes',9300000,35500000,6,547,2800000,17800000,27000000,13900000,' Rejected'
3292,5,' Not Graduate',' Yes',8400000,31900000,10,605,18900000,10300000,22000000,9100000,' Approved'
1143,0,' Graduate',' No',6500000,24100000,20,488,3300000,6000000,22900000,9700000,' Rejected'
2131,5,' Not Graduate',' Yes',7600000,23000000,10,829,3100000,7300000,17600000,7300000,' Approved'
112,3,' Graduate',' Yes',7400000,18200000,14,302,5600000,3100000,17900000,5000000,' Rejected'
1369,3,' Not Graduate',' No',6800000,17900000,6,783,20000000,9800000,23600000,5500000,' Approved'
116,0,' Not Graduate',' Yes',3300000,10800000,12,797,600000,6000000,7700000,3300000,' Approved'
3113,0,' Not Graduate',' Yes',5200000,15400000,4,675,15300000,8800000,12800000,2900000,' Approved'
3328,0,' Not Graduate',' Yes',7700000,16900000,14,473,22100000,4000000,29000000,6400000,' Rejected'
3657,1,' Not Graduate',' No',4400000,12100000,4,884,9800000,6500000,15000000,6000000,' Approved'
264,5,' Not Graduate',' No',9500000,22200000,20,352,24500000,0,30800000,7000000,' Rejected'
2346,3,' Graduate',' No',4100000,15300000,6,440,7500000,5100000,8200000,2000000,' Rejected'
866,5,' Not Graduate',' Yes',6400000,20300000,16,348,10000000,10900000,20400000,6900000,' Rejected'
2515,3,' Graduate',' No',500000,1700000,10,509,400000,300000,1400000,300000,' Rejected'
9,0,' Graduate',' Yes',800000,2200000,20,782,1300000,800000,2800000,600000,' Approved'
2347,3,' Graduate',' No',8000000,26200000,16,890,15800000,4300000,25000000,4000000,' Approved'
3457,1,' Not Graduate',' No',8000000,30900000,2,315,23500000,1200000,19500000,7300000,' Approved'
1423,3,' Graduate',' No',800000,2500000,12,828,1700000,0,1500000,700000,' Approved'
2815,5,' Graduate',' No',4100000,10200000,12,431,6200000,2200000,13700000,4300000,' Rejected'
2753,1,' Graduate',' No',200000,300000,12,697,600000,300000,700000,100000,' Approved'
160,3,' Graduate',' Yes',4000000,10600000,10,318,1500000,5100000,8000000,4900000,' Rejected'
3343,1,' Graduate',' Yes',1000000,3000000,10,813,2900000,500000,3300000,800000,' Approved'
2764,3,' Not Graduate',' Yes',4600000,13600000,20,729,1300000,8900000,17200000,5900000,' Approved'
2356,3,' Not Graduate',' Yes',4100000,10900000,8,548,8800000,5200000,13200000,4300000,' Rejected'
2370,1,' Not Graduate',' Yes',9500000,28700000,16,526,24600000,4900000,31800000,6600000,' Rejected'
1267,4,' Not Graduate',' No',6800000,17000000,2,749,18000000,3800000,27100000,9400000,' Approved'
199,4,' Not Graduate',' Yes',8500000,28900000,20,455,15200000,5800000,22500000,9400000,' Rejected'
444,2,' Graduate',' No',7700000,16700000,6,555,12900000,2900000,18100000,8500000,' Approved'
4216,1,' Graduate',' No',8300000,30000000,18,350,12800000,10800000,23800000,9400000,' Rejected'
3839,0,' Graduate',' Yes',4500000,12200000,20,311,11200000,5000000,12700000,2400000,' Rejected'
2361,5,' Not Graduate',' No',2200000,8100000,4,409,300000,0,4900000,2400000,' Rejected'
3093,4,' Not Graduate',' Yes',8600000,20600000,16,449,10800000,10600000,28700000,5400000,' Rejected'
3567,5,' Not Graduate',' No',8400000,19500000,6,815,5300000,2500000,24000000,7200000,' Approved'
2878,0,' Not Graduate',' No',6000000,20600000,12,339,3400000,10700000,17200000,8200000,' Rejected'
3567,5,' Not Graduate',' No',8400000,19500000,6,815,5300000,2500000,24000000,7200000,' Approved'
1184,4,' Graduate',' No',7100000,19800000,18,530,7100000,3400000,20900000,7100000,' Rejected'
1779,2,' Graduate',' Yes',1600000,4700000,12,582,1500000,1300000,5200000,1000000,' Approved'
1048,2,' Graduate',' No',3300000,11800000,4,393,5700000,3700000,6800000,2600000,' Approved'
1995,0,' Not Graduate',' No',800000,2400000,2,716,700000,1200000,3100000,400000,' Approved'
2985,4,' Graduate',' Yes',6400000,21700000,10,384,16500000,8200000,15100000,5700000,' Rejected'
3050,2,' Graduate',' Yes',7000000,14900000,20,495,9900000,8800000,14000000,10200000,' Rejected'
1926,0,' Graduate',' No',7900000,28600000,18,541,400000,3900000,22300000,6700000,' Rejected'
3563,0,' Graduate',' Yes',6700000,14900000,16,638,3300000,6900000,22300000,8100000,' Approved'
2061,1,' Graduate',' Yes',4400000,12300000,6,583,2400000,7900000,17200000,6600000,' Approved'
3576,4,' Not Graduate',' No',7400000,15400000,6,677,22000000,13500000,28900000,7400000,' Approved'
1769,4,' Not Graduate',' No',9900000,29100000,18,772,24100000,19400000,26800000,11700000,' Approved'
1015,3,' Graduate',' No',9800000,25600000,10,404,24400000,6700000,37000000,11500000,' Rejected'
789,4,' Not Graduate',' No',1200000,4300000,8,598,1600000,1800000,3200000,1300000,' Approved'
3691,0,' Graduate',' Yes',5800000,21800000,2,561,4400000,7200000,15000000,4200000,' Approved'
538,1,' Graduate',' No',5900000,15200000,2,547,17100000,2000000,14700000,3600000,' Rejected'
2549,2,' Graduate',' Yes',1800000,5500000,6,448,2900000,300000,5600000,1300000,' Rejected'
4017,4,' Not Graduate',' Yes',9200000,30100000,6,632,23700000,6600000,34200000,6200000,' Approved'
918,1,' Not Graduate',' Yes',1500000,5900000,16,400,4200000,2400000,4800000,1500000,' Rejected'
3457,1,' Not Graduate',' No',8000000,30900000,2,315,23500000,1200000,19500000,7300000,' Approved'
1006,2,' Graduate',' No',7800000,22200000,10,735,9700000,4600000,23000000,6900000,' Approved'
664,5,' Not Graduate',' No',9100000,19900000,20,519,9300000,16400000,28900000,10500000,' Rejected'
530,2,' Graduate',' No',4600000,13500000,16,587,7700000,5900000,10600000,5000000,' Approved'
852,1,' Not Graduate',' No',4900000,18500000,4,612,6100000,5900000,16400000,2900000,' Approved'
3286,0,' Not Graduate',' Yes',9400000,35500000,16,592,9300000,11800000,30500000,5800000,' Approved'
4225,5,' Graduate',' Yes',800000,1800000,8,881,300000,1100000,2600000,400000,' Approved'
3140,3,' Not Graduate',' Yes',300000,600000,10,515,300000,200000,1000000,200000,' Rejected'
118,0,' Not Graduate',' No',600000,1600000,6,647,1500000,600000,1500000,700000,' Approved'
3238,4,' Graduate',' Yes',6900000,20200000,18,438,9600000,6200000,26800000,5700000,' Rejected'
574,3,' Graduate',' No',3100000,11000000,2,543,5900000,2200000,9000000,2400000,' Approved'
2828,0,' Not Graduate',' Yes',5100000,11600000,10,308,8700000,1300000,10700000,7000000,' Rejected'
3889,1,' Not Graduate',' No',9100000,23300000,18,792,800000,12600000,32100000,12400000,' Approved'
2658,1,' Not Graduate',' Yes',1200000,4800000,6,344,2900000,1700000,3200000,1300000,' Rejected'
1559,4,' Not Graduate',' No',300000,1000000,10,819,700000,300000,900000,200000,' Approved'
3783,5,' Graduate',' Yes',9500000,21700000,16,307,27500000,2700000,28500000,9700000,' Rejected'
218,4,' Graduate',' Yes',9600000,21100000,6,809,16100000,9500000,34700000,8700000,' Approved'
865,0,' Not Graduate',' Yes',7200000,20700000,10,733,15600000,12000000,19200000,9900000,' Approved'
766,0,' Not Graduate',' No',7900000,31500000,14,849,19400000,10300000,26600000,10600000,' Approved'
2232,4,' Not Graduate',' Yes',9400000,20000000,12,817,3600000,1600000,34400000,8000000,' Approved'
1133,2,' Not Graduate',' No',3500000,14000000,2,355,8700000,1600000,11800000,2900000,' Approved'
1293,4,' Graduate',' No',8000000,31500000,18,683,10300000,7900000,30100000,9600000,' Approved'
4097,4,' Not Graduate',' No',5500000,20200000,14,611,13700000,5700000,15100000,7200000,' Approved'
3613,0,' Not Graduate',' Yes',200000,700000,20,724,600000,0,500000,300000,' Approved'
3324,5,' Graduate',' Yes',4400000,11800000,20,634,5900000,7300000,15200000,4300000,' Approved'
3013,5,' Graduate',' No',7500000,22800000,16,347,15100000,1200000,16100000,10700000,' Rejected'
1107,3,' Graduate',' Yes',8200000,28900000,10,668,23800000,4500000,28700000,10900000,' Approved'
218,4,' Graduate',' Yes',9600000,21100000,6,809,16100000,9500000,34700000,8700000,' Approved'
3989,1,' Graduate',' No',6900000,19500000,2,809,6100000,10600000,22900000,9300000,' Approved'
2263,0,' Graduate',' No',7400000,24900000,20,648,7100000,7900000,23300000,6200000,' Approved'
3932,5,' Graduate',' Yes',3600000,12500000,12,795,10600000,2700000,11100000,4800000,' Approved'
4062,5,' Not Graduate',' No',2000000,6900000,18,516,4600000,3400000,6500000,1600000,' Rejected'
3094,5,' Not Graduate',' No',1400000,5300000,12,778,1600000,700000,4400000,700000,' Approved'
809,3,' Not Graduate',' No',5800000,12800000,20,335,4400000,3000000,15300000,8000000,' Rejected'
36,2,' Graduate',' Yes',1700000,3400000,8,691,2700000,2800000,6000000,900000,' Approved'
2565,5,' Graduate',' Yes',1100000,3900000,2,538,400000,1300000,4300000,1600000,' Approved'
1109,4,' Graduate',' No',8100000,19000000,6,375,4100000,14500000,19100000,11900000,' Rejected'
3252,4,' Graduate',' No',1200000,3300000,2,564,2200000,500000,4700000,1100000,' Approved'
2942,0,' Graduate',' No',6500000,14500000,12,755,9000000,11900000,20800000,3400000,' Approved'
1097,3,' Not Graduate',' No',6400000,14400000,10,546,10600000,10000000,21200000,5100000,' Rejected'
3263,2,' Not Graduate',' Yes',8200000,28700000,14,316,23300000,16100000,17700000,4300000,' Rejected'
2185,4,' Not Graduate',' No',3300000,7000000,20,504,8200000,3200000,7300000,2500000,' Rejected'
2330,4,' Graduate',' Yes',9000000,30400000,20,532,21000000,7400000,30500000,13100000,' Rejected'
2742,2,' Graduate',' No',5300000,19300000,16,368,14700000,400000,11600000,3700000,' Rejected'
237,3,' Graduate',' Yes',900000,3500000,4,770,700000,0,2000000,600000,' Rejected'
823,2,' Graduate',' Yes',8300000,19500000,4,415,2300000,9400000,21700000,8600000,' Rejected'
2687,4,' Not Graduate',' Yes',6400000,21300000,20,332,3600000,9100000,16200000,8000000,' Rejected'
2370,1,' Not Graduate',' Yes',9500000,28700000,16,526,24600000,4900000,31800000,6600000,' Rejected'
3857,2,' Graduate',' Yes',1200000,4600000,20,605,3600000,1500000,4600000,600000,' Approved'
1529,5,' Graduate',' Yes',400000,800000,2,759,100000,500000,1300000,300000,' Approved'
1320,4,' Graduate',' Yes',3800000,7800000,20,891,4600000,7000000,14300000,3300000,' Approved'
2229,3,' Graduate',' No',3300000,11100000,2,660,6500000,3700000,12300000,4500000,' Approved'
2138,5,' Not Graduate',' No',1800000,5400000,14,347,3800000,1300000,4900000,1700000,' Rejected'
451,4,' Not Graduate',' No',9000000,29000000,16,590,4600000,15600000,29200000,12300000,' Approved'
1195,4,' Not Graduate',' Yes',9000000,21500000,14,508,16600000,17300000,24300000,13100000,' Rejected'
2450,5,' Graduate',' Yes',5200000,12700000,16,718,11700000,100000,18100000,7200000,' Approved'
3704,1,' Not Graduate',' Yes',8400000,30900000,8,378,18600000,1000000,25900000,11100000,' Rejected'
4140,3,' Graduate',' No',5600000,20300000,4,330,16100000,5100000,15300000,4200000,' Approved'
1814,4,' Not Graduate',' Yes',5200000,11400000,10,406,14700000,2000000,13000000,4400000,' Rejected'
2931,3,' Not Graduate',' No',8700000,24800000,20,360,25300000,8700000,31100000,4300000,' Rejected'
3457,1,' Not Graduate',' No',8000000,30900000,2,315,23500000,1200000,19500000,7300000,' Approved'
2367,4,' Graduate',' Yes',3900000,13300000,20,453,9800000,500000,12300000,4700000,' Rejected'
2848,0,' Graduate',' No',5200000,19000000,14,687,11900000,500000,19400000,4400000,' Approved'
1030,2,' Not Graduate',' Yes',9500000,37000000,8,887,21800000,18300000,19200000,11700000,' Approved'
3301,0,' Not Graduate',' No',1900000,6700000,12,595,3000000,3200000,4900000,1700000,' Approved'
3792,5,' Not Graduate',' Yes',1000000,2400000,18,613,1600000,1300000,2600000,600000,' Approved'
192,0,' Not Graduate',' No',3000000,6500000,2,612,8800000,3400000,6700000,1700000,' Approved'
350,4,' Not Graduate',' Yes',5800000,13300000,14,742,16100000,9300000,16300000,7000000,' Approved'
475,1,' Not Graduate',' Yes',9200000,31500000,18,698,5300000,6100000,20400000,8300000,' Approved'
1597,1,' Not Graduate',' Yes',8100000,26900000,6,522,23000000,2100000,18700000,4200000,' Rejected'
795,2,' Graduate',' Yes',2900000,10600000,6,614,1000000,300000,7600000,3600000,' Approved'
1383,3,' Not Graduate',' No',1200000,2400000,12,480,3000000,100000,3100000,1700000,' Rejected'
2389,5,' Not Graduate',' Yes',8400000,18600000,20,703,2500000,7100000,28800000,9500000,' Approved'
30,3,' Not Graduate',' Yes',9000000,31500000,10,850,21800000,12400000,33700000,8000000,' Approved'
3027,0,' Graduate',' Yes',2700000,9700000,20,551,1300000,1300000,7100000,1600000,' Approved'
1478,4,' Not Graduate',' No',1200000,3300000,12,876,400000,100000,3800000,1000000,' Approved'
2965,2,' Not Graduate',' No',3100000,9000000,20,892,5000000,5600000,7100000,4000000,' Approved'
3359,5,' Graduate',' No',200000,400000,6,722,300000,300000,400000,100000,' Approved'
1183,0,' Graduate',' Yes',6400000,21900000,12,727,15400000,10100000,24000000,5300000,' Approved'
3932,5,' Graduate',' Yes',3600000,12500000,12,795,10600000,2700000,11100000,4800000,' Approved'
4269,1,' Graduate',' No',9200000,29700000,10,607,17800000,11800000,35700000,12000000,' Approved'
3302,5,' Graduate',' Yes',3600000,8500000,20,594,4400000,6400000,7400000,4500000,' Approved'
2529,0,' Graduate',' No',2500000,7800000,8,437,5800000,0,5800000,3300000,' Rejected'
3375,2,' Graduate',' No',7500000,19900000,10,790,3500000,13000000,19900000,5900000,' Approved'
3216,2,' Graduate',' Yes',4000000,13000000,10,552,3700000,1600000,15600000,3400000,' Approved'
199,4,' Not Graduate',' Yes',8500000,28900000,20,455,15200000,5800000,22500000,9400000,' Rejected'
1071,2,' Not Graduate',' Yes',2800000,10100000,16,531,2900000,2900000,7200000,4100000,' Rejected'
3657,1,' Not Graduate',' No',4400000,12100000,4,884,9800000,6500000,15000000,6000000,' Approved'
2096,4,' Not Graduate',' Yes',7900000,31400000,10,654,16500000,15200000,25400000,5000000,' Approved'
112,3,' Graduate',' Yes',7400000,18200000,14,302,5600000,3100000,17900000,5000000,' Rejected'
1872,2,' Graduate',' Yes',4900000,12200000,18,353,7000000,200000,14400000,3600000,' Rejected'
2616,4,' Not Graduate',' No',700000,2100000,14,619,1900000,700000,2400000,1000000,' Approved'
3445,0,' Graduate',' Yes',1300000,4700000,16,530,3200000,1000000,3800000,800000,' Rejected'
3694,5,' Graduate',' Yes',5400000,21400000,12,399,4000000,9700000,12400000,6800000,' Rejected'
1605,5,' Not Graduate',' Yes',1500000,5500000,4,414,800000,1400000,2900000,1200000,' Approved'
3301,0,' Not Graduate',' No',1900000,6700000,12,595,3000000,3200000,4900000,1700000,' Approved'
4175,4,' Not Graduate',' No',4000000,15100000,8,800,8700000,6900000,12200000,4400000,' Approved'
2339,5,' Graduate',' No',6100000,20700000,20,482,9400000,2000000,16900000,5900000,' Rejected'
2109,4,' Graduate',' No',6900000,14700000,2,496,12000000,7000000,15500000,4000000,' Rejected'
2828,0,' Not Graduate',' Yes',5100000,11600000,10,308,8700000,1300000,10700000,7000000,' Rejected'
2728,2,' Graduate',' Yes',9100000,34800000,20,836,21300000,10900000,30600000,9900000,' Approved'
4138,3,' Graduate',' Yes',1300000,4800000,14,808,3100000,2000000,5100000,1500000,' Approved'
3493,2,' Not Graduate',' No',9000000,27300000,14,353,22600000,4400000,26900000,7200000,' Rejected'
1326,5,' Not Graduate',' Yes',7300000,22500000,2,846,9800000,4700000,20300000,5700000,' Approved'
1030,2,' Not Graduate',' Yes',9500000,37000000,8,887,21800000,18300000,19200000,11700000,' Approved'
1084,2,' Not Graduate',' No',8600000,21700000,4,429,5500000,10800000,30900000,6000000,' Rejected'
3361,5,' Not Graduate',' No',8300000,20700000,2,537,8400000,14300000,19700000,7800000,' Rejected'
1560,1,' Graduate',' Yes',7500000,29800000,18,770,1400000,5200000,28000000,8700000,' Approved'
2848,0,' Graduate',' No',5200000,19000000,14,687,11900000,500000,19400000,4400000,' Approved'
336,4,' Not Graduate',' Yes',5500000,20000000,14,593,15100000,2700000,19900000,4900000,' Approved'
2597,0,' Not Graduate',' No',4100000,8800000,18,300,10900000,6400000,8600000,3500000,' Rejected'
3035,0,' Graduate',' Yes',3100000,7100000,10,498,3800000,1100000,12200000,4300000,' Rejected'
2338,1,' Graduate',' No',5700000,15500000,8,544,10500000,8700000,20900000,7000000,' Rejected'
93,4,' Graduate',' No',3800000,8900000,4,844,9100000,3500000,13100000,4700000,' Approved'
52,2,' Graduate',' No',8700000,24700000,10,435,6800000,3500000,21800000,11300000,' Rejected'
353,4,' Not Graduate',' No',3300000,9700000,14,782,2500000,0,10400000,2200000,' Approved'
2148,0,' Not Graduate',' Yes',4500000,12400000,18,719,10300000,200000,9200000,3100000,' Approved'
2569,3,' Not Graduate',' Yes',4400000,16300000,20,561,5500000,8000000,12000000,4000000,' Approved'
1232,4,' Graduate',' Yes',1200000,4600000,6,757,1900000,200000,4800000,1500000,' Approved'
513,0,' Graduate',' Yes',7800000,29100000,20,435,21100000,13000000,17300000,9700000,' Rejected'
781,2,' Not Graduate',' No',1600000,5100000,6,784,1400000,2400000,4500000,1400000,' Approved'
3991,1,' Not Graduate',' Yes',1600000,4800000,14,544,2200000,200000,6200000,1200000,' Rejected'
2288,2,' Not Graduate',' No',200000,800000,6,338,100000,0,400000,100000,' Rejected'
2620,3,' Not Graduate',' No',2700000,10800000,6,480,4400000,0,10300000,3500000,' Rejected'
3252,4,' Graduate',' No',1200000,3300000,2,564,2200000,500000,4700000,1100000,' Approved'
1534,4,' Not Graduate',' No',2700000,6100000,16,677,100000,3300000,6500000,3800000,' Approved'
3375,2,' Graduate',' No',7500000,19900000,10,790,3500000,13000000,19900000,5900000,' Approved'
2446,0,' Graduate',' Yes',8600000,29400000,16,643,1000000,14100000,33000000,12300000,' Approved'
2010,4,' Graduate',' No',700000,1800000,8,874,1600000,1000000,1300000,300000,' Approved'
823,2,' Graduate',' Yes',8300000,19500000,4,415,2300000,9400000,21700000,8600000,' Rejected'
1386,1,' Not Graduate',' No',1600000,5100000,12,548,2200000,2700000,3600000,800000,' Rejected'
2273,5,' Graduate',' No',8000000,23100000,20,461,5900000,2400000,29300000,7200000,' Rejected'
2081,0,' Graduate',' Yes',1000000,3200000,8,304,500000,600000,3700000,700000,' Rejected'
101,4,' Not Graduate',' No',400000,900000,12,478,700000,100000,1200000,100000,' Rejected'
1303,3,' Not Graduate',' No',7700000,18700000,8,483,15100000,5600000,24600000,10200000,' Rejected'
3294,3,' Not Graduate',' Yes',9400000,32100000,10,617,22700000,5800000,29400000,11400000,' Approved'
3528,0,' Graduate',' No',1800000,6900000,10,853,900000,400000,3700000,1700000,' Rejected'
906,5,' Not Graduate',' No',9700000,37000000,14,459,28700000,17900000,22800000,5600000,' Rejected'
2395,2,' Not Graduate',' Yes',4700000,13700000,6,506,1300000,7900000,16700000,3500000,' Rejected'
1551,2,' Not Graduate',' No',3200000,10500000,12,502,4300000,1500000,10000000,4500000,' Rejected'
1716,4,' Not Graduate',' Yes',4700000,13700000,14,600,12100000,8400000,17700000,5000000,' Approved'
4153,4,' Not Graduate',' No',8100000,19300000,14,821,16500000,8500000,25800000,8300000,' Approved'
79,2,' Not Graduate',' No',8500000,29400000,12,576,17600000,5600000,25200000,9000000,' Approved'
3680,5,' Graduate',' No',6900000,19700000,6,588,9800000,7500000,17100000,7300000,' Approved'
2602,0,' Graduate',' Yes',7000000,21700000,20,498,6600000,5500000,14700000,3900000,' Rejected'
3238,4,' Graduate',' Yes',6900000,20200000,18,438,9600000,6200000,26800000,5700000,' Rejected'
826,4,' Not Graduate',' No',7300000,19800000,8,724,5500000,6000000,29000000,10300000,' Approved'
4119,2,' Graduate',' No',2200000,8300000,6,596,4700000,3000000,8500000,1800000,' Approved'
3688,2,' Not Graduate',' Yes',2100000,4500000,18,591,2500000,500000,5500000,1500000,' Approved'
917,1,' Not Graduate',' No',6900000,26200000,4,534,14500000,11900000,14900000,9400000,' Approved'
4133,2,' Graduate',' Yes',7800000,25400000,10,513,22100000,600000,23500000,9800000,' Rejected'
3537,1,' Not Graduate',' No',6600000,19700000,12,758,16000000,4400000,18800000,9500000,' Approved'
3839,0,' Graduate',' Yes',4500000,12200000,20,311,11200000,5000000,12700000,2400000,' Rejected'
3485,5,' Graduate',' No',7900000,17700000,2,559,19700000,2800000,28900000,5400000,' Approved'
1730,3,' Graduate',' Yes',5800000,16700000,18,633,8100000,8400000,14700000,3700000,' Approved'
3731,5,' Graduate',' No',200000,700000,18,707,-100000,100000,500000,200000,' Approved'
3588,5,' Not Graduate',' Yes',600000,1700000,20,879,1100000,100000,2300000,700000,' Approved'
3317,1,' Not Graduate',' No',2900000,11500000,20,431,3600000,3800000,5900000,3100000,' Rejected'
3995,2,' Not Graduate',' Yes',7000000,22500000,12,632,12500000,4600000,20400000,4900000,' Approved'
3358,2,' Not Graduate',' Yes',3900000,7700000,10,421,9700000,7500000,14100000,2100000,' Rejected'
1534,4,' Not Graduate',' No',2700000,6100000,16,677,100000,3300000,6500000,3800000,' Approved'
864,5,' Graduate',' No',4200000,9200000,12,870,3200000,2400000,12300000,5700000,' Approved'
4175,4,' Not Graduate',' No',4000000,15100000,8,800,8700000,6900000,12200000,4400000,' Approved'
1084,2,' Not Graduate',' No',8600000,21700000,4,429,5500000,10800000,30900000,6000000,' Rejected'
915,2,' Graduate',' No',700000,2000000,8,806,1900000,1100000,2200000,400000,' Approved'
2098,5,' Not Graduate',' No',900000,2800000,16,808,2100000,900000,3100000,800000,' Approved'
4048,3,' Not Graduate',' No',6400000,23000000,8,520,12100000,11400000,16000000,3800000,' Rejected'
1326,5,' Not Graduate',' Yes',7300000,22500000,2,846,9800000,4700000,20300000,5700000,' Approved'
105,5,' Not Graduate',' Yes',6200000,23600000,10,331,18500000,10300000,23800000,8700000,' Rejected'
866,5,' Not Graduate',' Yes',6400000,20300000,16,348,10000000,10900000,20400000,6900000,' Rejected'
25,0,' Not Graduate',' No',4900000,9800000,16,324,3800000,8700000,10000000,3300000,' Rejected'
376,5,' Not Graduate',' Yes',1300000,5000000,10,755,2100000,2200000,4800000,1900000,' Approved'
1325,1,' Not Graduate',' Yes',1300000,5000000,20,423,900000,800000,3900000,1600000,' Rejected'
3071,3,' Graduate',' Yes',9700000,19700000,4,663,16700000,2200000,36200000,5200000,' Approved'
1718,0,' Graduate',' No',9700000,30400000,4,300,17100000,16600000,38100000,9200000,' Approved'
701,0,' Graduate',' Yes',7600000,17900000,16,788,1700000,7800000,27100000,5900000,' Approved'
154,2,' Not Graduate',' No',1300000,4500000,6,415,0,900000,2900000,1200000,' Rejected'
675,0,' Not Graduate',' No',200000,300000,6,472,400000,100000,700000,0,' Rejected'
198,2,' Not Graduate',' No',2800000,6000000,18,816,6300000,4200000,8000000,3400000,' Approved'
672,4,' Graduate',' No',7200000,22900000,18,657,14600000,400000,17400000,8800000,' Approved'
2902,0,' Not Graduate',' Yes',4000000,10300000,4,819,11100000,1200000,15200000,2600000,' Approved'
4211,3,' Not Graduate',' Yes',9200000,35000000,4,716,1100000,10200000,33600000,11400000,' Approved'
139,3,' Not Graduate',' Yes',2900000,8500000,12,564,1000000,3100000,7500000,1800000,' Approved'
1184,4,' Graduate',' No',7100000,19800000,18,530,7100000,3400000,20900000,7100000,' Rejected'
4026,3,' Graduate',' No',1300000,3100000,14,348,1500000,600000,3900000,600000,' Rejected'
408,4,' Not Graduate',' No',900000,3300000,10,649,0,400000,1800000,1200000,' Approved'
2643,3,' Not Graduate',' No',1900000,7400000,18,592,2300000,3000000,6000000,1800000,' Approved'
874,4,' Graduate',' No',9000000,34700000,4,771,4800000,9500000,34100000,7700000,' Approved'
2802,3,' Graduate',' Yes',4400000,10000000,8,875,5900000,5200000,11700000,4100000,' Approved'
1197,3,' Not Graduate',' No',2200000,6400000,20,667,6300000,3900000,8300000,2900000,' Approved'
52,2,' Graduate',' No',8700000,24700000,10,435,6800000,3500000,21800000,11300000,' Rejected'
1427,2,' Graduate',' No',1500000,3300000,18,440,800000,2300000,3000000,1800000,' Rejected'
2970,4,' Graduate',' No',4500000,15800000,14,439,8900000,6900000,15200000,4400000,' Rejected'
3618,0,' Not Graduate',' Yes',2000000,4600000,16,651,2100000,2400000,7200000,1600000,' Approved'
3637,0,' Graduate',' No',6600000,15200000,18,497,1500000,6900000,14500000,9300000,' Rejected'
2635,5,' Graduate',' No',5300000,20500000,16,802,11200000,7100000,21100000,4100000,' Approved'
3930,0,' Not Graduate',' Yes',3900000,14100000,20,811,5700000,3600000,10500000,5300000,' Approved'
1216,5,' Graduate',' Yes',9600000,38000000,10,359,2100000,13600000,38200000,9400000,' Rejected'
3371,5,' Graduate',' Yes',3400000,12800000,10,760,9800000,4300000,11000000,4600000,' Approved'
141,2,' Not Graduate',' Yes',2500000,9400000,10,727,6600000,4100000,9500000,3300000,' Approved'
2122,0,' Not Graduate',' No',6300000,13300000,2,666,8800000,4000000,14200000,4900000,' Approved'
4180,2,' Not Graduate',' No',1900000,4600000,12,587,3000000,1300000,4800000,1100000,' Approved'
1113,1,' Graduate',' No',1600000,6300000,2,721,3000000,600000,5200000,900000,' Approved'
3362,5,' Graduate',' Yes',2600000,5500000,8,676,6700000,800000,7200000,1300000,' Approved'
760,2,' Graduate',' No',9700000,19900000,16,395,2800000,13700000,37000000,10800000,' Rejected'
3632,3,' Graduate',' No',9800000,21000000,12,342,25400000,16600000,26900000,7000000,' Rejected'
2050,5,' Not Graduate',' Yes',9400000,23200000,14,885,16900000,1200000,34900000,4700000,' Approved'
3523,1,' Graduate',' No',2900000,9600000,4,658,8200000,4300000,7000000,2700000,' Approved'
3620,4,' Graduate',' Yes',900000,2800000,2,660,1200000,1400000,2400000,900000,' Approved'
358,2,' Not Graduate',' No',8400000,26300000,4,419,22900000,7900000,29200000,6200000,' Approved'
3427,1,' Graduate',' Yes',8700000,30000000,12,543,21900000,12700000,30600000,12700000,' Rejected'
2489,2,' Graduate',' Yes',2700000,6400000,18,547,5000000,1700000,9200000,1700000,' Rejected'
2081,0,' Graduate',' Yes',1000000,3200000,8,304,500000,600000,3700000,700000,' Rejected'
2979,1,' Not Graduate',' Yes',3600000,13200000,20,546,8900000,3600000,13900000,2900000,' Rejected'
2102,2,' Graduate',' Yes',2900000,7300000,8,394,7700000,2600000,7700000,4000000,' Rejected'
2655,5,' Graduate',' No',5300000,19400000,6,510,14700000,7000000,13600000,3700000,' Rejected'
831,0,' Graduate',' No',7300000,14500000,16,811,1000000,12400000,16100000,9600000,' Approved'
2566,3,' Not Graduate',' Yes',9500000,20100000,2,506,16800000,800000,32700000,11000000,' Rejected'
2138,5,' Not Graduate',' No',1800000,5400000,14,347,3800000,1300000,4900000,1700000,' Rejected'
57,2,' Not Graduate',' No',4300000,10600000,18,431,2100000,1500000,9300000,5200000,' Rejected'
1050,0,' Graduate',' Yes',1000000,3800000,8,553,2500000,1000000,2100000,1300000,' Approved'
1197,3,' Not Graduate',' No',2200000,6400000,20,667,6300000,3900000,8300000,2900000,' Approved'
1915,0,' Not Graduate',' No',500000,1800000,2,651,700000,0,1700000,200000,' Approved'
1836,2,' Not Graduate',' No',4300000,11800000,20,701,11600000,4600000,14200000,3300000,' Approved'
1592,1,' Graduate',' No',9500000,23000000,10,627,28500000,11500000,21700000,9100000,' Approved'
2535,3,' Not Graduate',' No',800000,3000000,14,576,1200000,1300000,2600000,400000,' Approved'
2802,3,' Graduate',' Yes',4400000,10000000,8,875,5900000,5200000,11700000,4100000,' Approved'
2080,3,' Not Graduate',' Yes',8800000,25100000,8,473,17200000,600000,24400000,12400000,' Rejected'
3021,2,' Not Graduate',' Yes',1200000,4500000,10,555,100000,1100000,2700000,1400000,' Approved'
3145,2,' Not Graduate',' Yes',8100000,24700000,6,595,5500000,14300000,27300000,6500000,' Approved'
3755,1,' Graduate',' No',2800000,6900000,14,553,400000,4900000,6800000,4200000,' Approved'
580,1,' Graduate',' No',2900000,10900000,20,445,6600000,2800000,9300000,2600000,' Rejected'
3728,1,' Not Graduate',' Yes',7500000,22500000,14,469,12300000,9600000,16200000,4500000,' Rejected'
3797,2,' Not Graduate',' No',8000000,17800000,20,549,2400000,9700000,27400000,10800000,' Rejected'
2302,4,' Not Graduate',' No',600000,1600000,6,784,300000,100000,1900000,500000,' Approved'
4268,1,' Not Graduate',' No',4100000,12800000,8,780,8200000,700000,14100000,5800000,' Approved'
2888,0,' Graduate',' No',4700000,15200000,10,786,11100000,8000000,9600000,3200000,' Approved'
2424,4,' Graduate',' No',5100000,16100000,14,436,11400000,2700000,13100000,6700000,' Rejected'
3201,3,' Not Graduate',' Yes',8400000,20500000,12,796,22900000,10500000,17600000,11200000,' Approved'
597,3,' Not Graduate',' Yes',6200000,14600000,2,664,18300000,8400000,16800000,6600000,' Approved'
3367,3,' Not Graduate',' Yes',5400000,14300000,4,595,4100000,2800000,19300000,4900000,' Approved'
3291,1,' Graduate',' Yes',5400000,19300000,12,784,5000000,1800000,20300000,6500000,' Approved'
1391,3,' Not Graduate',' Yes',6100000,21300000,2,387,7100000,3100000,16300000,4100000,' Approved'
1472,3,' Not Graduate',' No',6600000,21400000,10,467,15200000,6000000,20300000,5200000,' Rejected'
1232,4,' Graduate',' Yes',1200000,4600000,6,757,1900000,200000,4800000,1500000,' Approved'
1817,5,' Not Graduate',' Yes',8000000,22500000,20,784,7600000,7300000,26000000,10800000,' Approved'
1408,2,' Not Graduate',' Yes',6100000,22300000,10,733,12100000,9700000,17200000,5600000,' Approved'
3493,2,' Not Graduate',' No',9000000,27300000,14,353,22600000,4400000,26900000,7200000,' Rejected'
2782,1,' Graduate',' Yes',3800000,10000000,16,873,5100000,2800000,10300000,4000000,' Approved'
57,2,' Not Graduate',' No',4300000,10600000,18,431,2100000,1500000,9300000,5200000,' Rejected'
1729,3,' Not Graduate',' Yes',700000,1600000,18,303,600000,500000,2000000,600000,' Rejected'
2824,4,' Not Graduate',' Yes',2700000,6800000,10,455,4700000,2600000,7400000,2700000,' Rejected'
279,4,' Not Graduate',' No',2000000,4700000,18,733,3700000,3700000,7000000,2800000,' Approved'
1103,1,' Graduate',' Yes',1600000,4900000,16,487,4300000,1100000,3900000,2000000,' Rejected'
277,4,' Not Graduate',' No',1700000,4000000,6,829,0,1600000,5200000,1700000,' Approved'
1375,4,' Not Graduate',' Yes',5300000,10700000,12,700,15800000,1900000,20500000,2900000,' Approved'
4133,2,' Graduate',' Yes',7800000,25400000,10,513,22100000,600000,23500000,9800000,' Rejected'
1319,3,' Graduate',' No',6400000,24100000,12,571,19000000,11500000,13200000,7500000,' Approved'
250,1,' Not Graduate',' Yes',1900000,5000000,6,560,1000000,1900000,6300000,1400000,' Approved'
1781,5,' Graduate',' Yes',2400000,8200000,10,709,2100000,3700000,8800000,2800000,' Approved'
3984,0,' Graduate',' No',7500000,15900000,2,535,17500000,5700000,23600000,4500000,' Rejected'
2748,1,' Graduate',' Yes',9700000,25500000,18,741,21900000,6200000,34800000,4900000,' Approved'
1225,0,' Graduate',' Yes',9800000,23900000,14,459,1000000,13400000,21100000,7200000,' Rejected'
1415,4,' Not Graduate',' No',1900000,3800000,20,785,1000000,600000,6100000,1500000,' Approved'
1948,2,' Graduate',' Yes',4800000,12900000,8,740,9300000,900000,11000000,3700000,' Approved'
1358,0,' Not Graduate',' No',4700000,15500000,16,311,12800000,200000,17500000,2700000,' Rejected'
1427,2,' Graduate',' No',1500000,3300000,18,440,800000,2300000,3000000,1800000,' Rejected'
1272,5,' Not Graduate',' No',500000,1500000,12,527,100000,600000,1100000,200000,' Rejected'
3161,1,' Graduate',' No',1600000,5400000,4,319,4200000,2200000,4200000,1600000,' Approved'
854,3,' Not Graduate',' No',300000,800000,2,458,500000,0,1100000,200000,' Rejected'
3683,2,' Not Graduate',' No',9300000,32300000,4,586,14300000,6400000,37000000,10400000,' Approved'
2066,4,' Not Graduate',' Yes',9100000,33000000,8,543,15700000,14400000,19500000,11200000,' Rejected'
1238,2,' Not Graduate',' Yes',9500000,37500000,4,456,10200000,16800000,34100000,12900000,' Approved'
2542,3,' Not Graduate',' Yes',8400000,29500000,20,661,14600000,3400000,28900000,10900000,' Approved'
1812,0,' Not Graduate',' No',2500000,6900000,12,471,7100000,4000000,5200000,1500000,' Rejected'
3324,5,' Graduate',' Yes',4400000,11800000,20,634,5900000,7300000,15200000,4300000,' Approved'
2608,4,' Not Graduate',' No',5400000,12600000,18,786,300000,2500000,21000000,6600000,' Approved'
3210,5,' Graduate',' No',700000,1800000,10,650,1300000,100000,1500000,300000,' Approved'
2565,5,' Graduate',' Yes',1100000,3900000,2,538,400000,1300000,4300000,1600000,' Approved'
2523,0,' Not Graduate',' Yes',8200000,28800000,4,619,9000000,1100000,23000000,6300000,' Approved'
1346,1,' Graduate',' No',1200000,3400000,20,717,3100000,1500000,2500000,900000,' Approved'
4113,5,' Graduate',' No',4700000,14400000,16,884,9900000,4400000,9300000,3800000,' Approved'
3728,1,' Not Graduate',' Yes',7500000,22500000,14,469,12300000,9600000,16200000,4500000,' Rejected'
1947,2,' Graduate',' No',8400000,32100000,20,328,16300000,4600000,19500000,8000000,' Rejected'
1197,3,' Not Graduate',' No',2200000,6400000,20,667,6300000,3900000,8300000,2900000,' Approved'
2008,5,' Graduate',' No',7900000,28600000,12,812,12100000,14400000,30000000,11700000,' Approved'
3851,5,' Not Graduate',' Yes',2500000,9400000,16,735,0,2200000,9500000,1700000,' Approved'
2912,3,' Graduate',' No',8900000,21300000,10,467,18700000,2600000,31800000,8800000,' Rejected'
3238,4,' Graduate',' Yes',6900000,20200000,18,438,9600000,6200000,26800000,5700000,' Rejected'
1795,2,' Graduate',' Yes',4100000,13500000,4,846,8900000,7800000,11400000,2400000,' Approved'
2731,2,' Graduate',' Yes',9900000,33400000,14,783,16600000,16100000,21000000,9500000,' Approved'
1138,1,' Graduate',' No',8300000,28900000,12,529,18300000,3900000,32500000,5800000,' Rejected'
2597,0,' Not Graduate',' No',4100000,8800000,18,300,10900000,6400000,8600000,3500000,' Rejected'
1258,3,' Graduate',' No',6200000,21300000,12,655,6500000,11600000,19200000,5000000,' Approved'
1275,1,' Graduate',' No',5000000,18800000,14,325,13100000,5700000,12800000,4300000,' Rejected'
1422,4,' Not Graduate',' No',7100000,14300000,14,537,13700000,10400000,18200000,6100000,' Rejected'
2870,4,' Graduate',' No',9900000,26100000,2,481,14500000,5000000,23600000,9300000,' Rejected'
2657,3,' Not Graduate',' No',3300000,13100000,2,554,6000000,2500000,6700000,3800000,' Approved'
2302,4,' Not Graduate',' No',600000,1600000,6,784,300000,100000,1900000,500000,' Approved'
600,1,' Not Graduate',' Yes',4900000,16800000,12,758,1700000,2700000,11100000,5900000,' Approved'
1845,2,' Graduate',' Yes',8000000,28400000,10,607,11400000,3800000,29000000,11600000,' Approved'
2909,0,' Not Graduate',' No',5700000,21400000,8,340,3200000,1900000,17200000,3800000,' Rejected'
819,2,' Not Graduate',' No',6500000,14100000,2,709,1000000,12700000,20900000,4000000,' Approved'
3147,5,' Graduate',' Yes',4200000,8500000,4,386,8700000,4600000,10500000,6000000,' Rejected'
3216,2,' Graduate',' Yes',4000000,13000000,10,552,3700000,1600000,15600000,3400000,' Approved'
4238,0,' Not Graduate',' No',9100000,30100000,8,322,26200000,9500000,18800000,5900000,' Rejected'
1977,0,' Graduate',' Yes',900000,3500000,6,331,2400000,1400000,3500000,1100000,' Rejected'
2098,5,' Not Graduate',' No',900000,2800000,16,808,2100000,900000,3100000,800000,' Approved'
176,2,' Graduate',' No',1800000,5300000,6,826,4500000,700000,6500000,1300000,' Approved'
712,5,' Graduate',' No',9200000,29200000,16,383,17700000,13300000,30400000,5700000,' Rejected'
584,3,' Not Graduate',' Yes',3600000,13200000,16,557,9800000,4000000,9900000,2100000,' Approved'
1856,2,' Graduate',' No',5600000,19500000,8,429,6100000,2200000,21100000,7200000,' Rejected'
1847,0,' Not Graduate',' No',8500000,17200000,12,624,6500000,8400000,18600000,5100000,' Approved'
2104,5,' Graduate',' Yes',4100000,10100000,4,792,4400000,6100000,8600000,4900000,' Approved'
3201,3,' Not Graduate',' Yes',8400000,20500000,12,796,22900000,10500000,17600000,11200000,' Approved'
3908,3,' Graduate',' Yes',1000000,2600000,6,341,2900000,1700000,3600000,1100000,' Rejected'
1573,3,' Graduate',' No',5000000,16200000,8,591,1900000,3400000,14000000,5000000,' Approved'
2514,0,' Not Graduate',' No',1800000,4200000,6,836,1300000,1900000,6800000,2000000,' Approved'
1027,2,' Not Graduate',' Yes',1900000,7000000,14,818,4800000,3500000,4500000,2100000,' Approved'
1908,2,' Graduate',' No',3200000,6300000,10,339,300000,4900000,7300000,2700000,' Rejected'
3709,3,' Graduate',' No',6100000,20700000,4,816,14900000,5400000,24200000,5900000,' Approved'
1943,4,' Graduate',' No',8700000,19800000,14,715,13500000,13400000,32000000,8500000,' Approved'
7,5,' Graduate',' No',8700000,33000000,4,678,22500000,14800000,29200000,4300000,' Approved'
4056,0,' Graduate',' No',4900000,16300000,14,479,1600000,6400000,18600000,2700000,' Rejected'
2620,3,' Not Graduate',' No',2700000,10800000,6,480,4400000,0,10300000,3500000,' Rejected'
150,5,' Graduate',' No',2000000,6200000,18,402,4000000,2100000,7200000,1100000,' Rejected'
1465,5,' Graduate',' Yes',4400000,17300000,20,840,3600000,5100000,12900000,2300000,' Approved'
956,1,' Not Graduate',' Yes',500000,1400000,10,883,900000,0,1700000,300000,' Approved'
95,2,' Graduate',' No',1000000,2000000,10,366,1200000,400000,3200000,1300000,' Rejected'
3169,5,' Not Graduate',' No',2400000,7500000,12,357,2600000,2900000,6100000,1300000,' Rejected'
1879,1,' Graduate',' No',2600000,9900000,6,594,2900000,4300000,6700000,2500000,' Approved'
3195,0,' Not Graduate',' No',5000000,10700000,16,726,1600000,1100000,15700000,4800000,' Approved'
1036,2,' Not Graduate',' Yes',3800000,12500000,14,842,3700000,6700000,14600000,5300000,' Approved'
3355,0,' Not Graduate',' No',2200000,8800000,4,437,1600000,2300000,8300000,2000000,' Approved'
2827,4,' Graduate',' No',5200000,12900000,16,819,3400000,4100000,16800000,7500000,' Approved'
3043,3,' Not Graduate',' No',6100000,14800000,10,492,6700000,3500000,17900000,6100000,' Rejected'
1599,5,' Not Graduate',' Yes',3000000,6600000,16,462,5500000,3500000,9100000,3600000,' Rejected'
1801,2,' Graduate',' No',9300000,21200000,2,509,2800000,2600000,35800000,6600000,' Rejected'
1084,2,' Not Graduate',' No',8600000,21700000,4,429,5500000,10800000,30900000,6000000,' Rejected'
840,2,' Not Graduate',' Yes',2000000,6700000,14,638,4900000,200000,4900000,2300000,' Approved'
209,1,' Not Graduate',' Yes',7700000,19100000,10,355,11300000,4900000,21900000,6600000,' Rejected'
2319,2,' Not Graduate',' Yes',9600000,29800000,16,499,28500000,6300000,31800000,7400000,' Rejected'
3439,5,' Not Graduate',' Yes',6800000,19000000,8,865,9500000,7200000,25000000,6300000,' Approved'
801,1,' Graduate',' No',3100000,10600000,14,665,6200000,800000,9500000,3900000,' Approved'
1801,2,' Graduate',' No',9300000,21200000,2,509,2800000,2600000,35800000,6600000,' Rejected'
2122,0,' Not Graduate',' No',6300000,13300000,2,666,8800000,4000000,14200000,4900000,' Approved'
243,5,' Graduate',' No',5700000,12900000,18,807,4100000,900000,18600000,5500000,' Approved'
192,0,' Not Graduate',' No',3000000,6500000,2,612,8800000,3400000,6700000,1700000,' Approved'
973,3,' Graduate',' Yes',4400000,15800000,18,779,7200000,5400000,14900000,3600000,' Approved'
4009,1,' Not Graduate',' No',5300000,17800000,12,889,15300000,500000,14900000,6800000,' Approved'
491,3,' Not Graduate',' No',2900000,8500000,14,834,1200000,4500000,8800000,1800000,' Approved'
3112,5,' Graduate',' Yes',7300000,18700000,16,813,6600000,8200000,20000000,5800000,' Approved'
3938,2,' Not Graduate',' No',9700000,30200000,14,769,23700000,13600000,26400000,7500000,' Approved'
2383,3,' Graduate',' Yes',8700000,33600000,14,314,7700000,10000000,21700000,6200000,' Rejected'
1290,2,' Not Graduate',' No',1500000,4500000,18,428,4500000,1200000,5600000,1100000,' Rejected'
2624,4,' Not Graduate',' Yes',300000,1100000,4,315,700000,100000,900000,100000,' Approved'
195,5,' Not Graduate',' No',6400000,18300000,8,697,10000000,3600000,22500000,3600000,' Approved'
2137,2,' Graduate',' No',7100000,21400000,12,699,11400000,13400000,22600000,4800000,' Approved'
67,3,' Not Graduate',' No',8300000,29100000,10,715,6100000,11900000,24100000,11900000,' Approved'
3667,1,' Not Graduate',' Yes',3800000,11100000,6,760,2100000,1800000,8700000,5700000,' Approved'
4061,3,' Not Graduate',' No',5800000,20600000,20,434,8400000,2700000,22600000,7000000,' Rejected'
2703,5,' Not Graduate',' Yes',9700000,29100000,18,732,4700000,7400000,35600000,12400000,' Approved'
4180,2,' Not Graduate',' No',1900000,4600000,12,587,3000000,1300000,4800000,1100000,' Approved'
1197,3,' Not Graduate',' No',2200000,6400000,20,667,6300000,3900000,8300000,2900000,' Approved'
2965,2,' Not Graduate',' No',3100000,9000000,20,892,5000000,5600000,7100000,4000000,' Approved'
1259,1,' Not Graduate',' Yes',4400000,16600000,18,385,800000,5300000,13400000,5100000,' Rejected'
1270,3,' Graduate',' Yes',3500000,13000000,6,391,6100000,3500000,13300000,4300000,' Rejected'
1921,4,' Not Graduate',' No',500000,1300000,6,809,200000,300000,900000,500000,' Approved'
4211,3,' Not Graduate',' Yes',9200000,35000000,4,716,1100000,10200000,33600000,11400000,' Approved'
670,1,' Graduate',' No',6000000,20100000,6,476,13900000,10000000,15200000,5500000,' Rejected'
1834,1,' Graduate',' No',7700000,27300000,8,509,10100000,2200000,20200000,10800000,' Rejected'
3925,5,' Not Graduate',' No',3200000,9300000,6,656,7000000,3200000,12700000,4200000,' Approved'
2625,4,' Graduate',' No',1800000,4100000,8,777,2200000,2500000,3600000,1900000,' Approved'
2731,2,' Graduate',' Yes',9900000,33400000,14,783,16600000,16100000,21000000,9500000,' Approved'
311,3,' Not Graduate',' No',6400000,24400000,4,483,7800000,2400000,19100000,4500000,' Approved'
181,3,' Not Graduate',' Yes',4500000,17900000,6,787,9800000,3600000,14300000,4200000,' Approved'
2261,4,' Not Graduate',' No',8600000,22600000,14,729,300000,16200000,20500000,11900000,' Approved'
2348,4,' Not Graduate',' No',8100000,28000000,8,663,8800000,11300000,26000000,5500000,' Approved'
2878,0,' Not Graduate',' No',6000000,20600000,12,339,3400000,10700000,17200000,8200000,' Rejected'
3842,5,' Graduate',' Yes',1700000,6500000,14,587,1100000,1000000,6400000,1500000,' Approved'
1863,2,' Not Graduate',' Yes',200000,600000,8,552,400000,200000,700000,200000,' Approved'
2873,1,' Not Graduate',' No',8100000,25400000,6,477,4500000,13200000,23200000,4400000,' Rejected'
1263,2,' Graduate',' Yes',2200000,7900000,6,659,3400000,1800000,8600000,2400000,' Approved'
2929,5,' Graduate',' Yes',4100000,15500000,10,836,10500000,1100000,15200000,3600000,' Approved'
4042,2,' Graduate',' No',3000000,6500000,4,476,7900000,300000,9400000,1500000,' Rejected'
3294,3,' Not Graduate',' Yes',9400000,32100000,10,617,22700000,5800000,29400000,11400000,' Approved'
3715,2,' Graduate',' No',2900000,10500000,20,708,4200000,600000,7700000,4300000,' Approved'
3998,4,' Graduate',' No',6900000,16500000,8,426,3900000,5200000,18300000,9000000,' Rejected'
829,4,' Not Graduate',' No',6300000,21900000,10,538,9600000,5400000,19300000,7800000,' Rejected'
1305,2,' Graduate',' Yes',9400000,24800000,14,513,24200000,18200000,37200000,7500000,' Rejected'
3027,0,' Graduate',' Yes',2700000,9700000,20,551,1300000,1300000,7100000,1600000,' Approved'
4154,1,' Graduate',' No',7700000,17100000,14,603,11100000,12100000,30300000,7100000,' Approved'
1275,1,' Graduate',' No',5000000,18800000,14,325,13100000,5700000,12800000,4300000,' Rejected'
322,4,' Not Graduate',' Yes',6400000,23500000,2,485,7300000,2700000,23600000,3900000,' Approved'
1507,1,' Not Graduate',' Yes',400000,1300000,18,801,100000,0,1500000,600000,' Approved'
3043,3,' Not Graduate',' No',6100000,14800000,10,492,6700000,3500000,17900000,6100000,' Rejected'
2007,3,' Graduate',' No',8600000,23600000,4,324,13800000,3800000,28500000,4300000,' Rejected'
3631,4,' Graduate',' Yes',2900000,5900000,18,621,200000,3100000,8500000,3500000,' Approved'
1506,3,' Not Graduate',' Yes',5300000,19600000,2,433,14700000,9900000,10800000,3000000,' Approved'
2469,1,' Graduate',' No',2000000,5000000,6,876,500000,2900000,5800000,1500000,' Approved'
3201,3,' Not Graduate',' Yes',8400000,20500000,12,796,22900000,10500000,17600000,11200000,' Approved'
1908,2,' Graduate',' No',3200000,6300000,10,339,300000,4900000,7300000,2700000,' Rejected'
3384,5,' Graduate',' Yes',2400000,6800000,8,464,1900000,1300000,9500000,1900000,' Rejected'
1866,1,' Not Graduate',' No',4500000,12400000,6,504,12000000,3200000,13100000,2200000,' Rejected'
1672,2,' Not Graduate',' No',3900000,14900000,6,415,2200000,4300000,9500000,4600000,' Rejected'
4178,2,' Not Graduate',' No',6900000,16500000,16,785,19600000,8600000,27100000,3600000,' Approved'
3317,1,' Not Graduate',' No',2900000,11500000,20,431,3600000,3800000,5900000,3100000,' Rejected'
2111,2,' Graduate',' Yes',1100000,3700000,2,806,2700000,800000,2900000,500000,' Approved'
3507,5,' Graduate',' No',700000,2400000,16,447,1300000,700000,2600000,800000,' Rejected'
3274,3,' Graduate',' Yes',4000000,8300000,8,531,3700000,7400000,15200000,5900000,' Rejected'
2079,1,' Graduate',' Yes',1000000,3700000,14,798,2000000,200000,3800000,1400000,' Approved'
1443,1,' Graduate',' Yes',6000000,23300000,12,672,2000000,11300000,19600000,6400000,' Approved'
3969,4,' Not Graduate',' No',7700000,24500000,20,582,9800000,6600000,29100000,6500000,' Approved'
4062,5,' Not Graduate',' No',2000000,6900000,18,516,4600000,3400000,6500000,1600000,' Rejected'
2544,0,' Not Graduate',' Yes',1900000,6300000,16,811,1100000,100000,5100000,1900000,' Approved'
926,5,' Graduate',' No',3000000,8000000,6,333,3200000,400000,8200000,2200000,' Rejected'
2954,5,' Not Graduate',' No',6900000,19200000,12,408,10000000,5000000,24900000,9000000,' Rejected'
144,4,' Not Graduate',' No',6600000,17400000,20,506,2600000,10000000,25900000,7200000,' Rejected'
2654,2,' Not Graduate',' No',4400000,14200000,18,799,6300000,7800000,10800000,2400000,' Approved'
4018,3,' Graduate',' Yes',2200000,4400000,2,861,1300000,2600000,4500000,2300000,' Approved'
4057,2,' Graduate',' Yes',7800000,22100000,6,533,11900000,2500000,19300000,10800000,' Rejected'
538,1,' Graduate',' No',5900000,15200000,2,547,17100000,2000000,14700000,3600000,' Rejected'
4227,5,' Graduate',' Yes',700000,2600000,2,869,1100000,500000,1400000,500000,' Approved'
3105,2,' Not Graduate',' Yes',6400000,19300000,6,414,7200000,1800000,19100000,3900000,' Rejected'
445,1,' Not Graduate',' Yes',3600000,10300000,12,536,6800000,500000,12200000,2700000,' Rejected'
1726,3,' Not Graduate',' Yes',3700000,13800000,10,621,4000000,800000,11900000,5300000,' Approved'
3102,1,' Not Graduate',' Yes',1600000,4400000,4,364,2500000,700000,4300000,2400000,' Rejected'
672,4,' Graduate',' No',7200000,22900000,18,657,14600000,400000,17400000,8800000,' Approved'
1903,2,' Not Graduate',' No',2900000,7300000,2,776,8300000,3000000,8500000,3400000,' Approved'
1191,2,' Graduate',' Yes',8100000,25700000,8,455,22300000,11500000,19800000,9500000,' Rejected'
35,3,' Graduate',' No',4900000,11900000,8,612,9700000,1200000,19000000,5800000,' Approved'
2082,0,' Not Graduate',' Yes',8600000,23000000,14,678,18800000,16400000,22900000,12000000,' Approved'
964,0,' Graduate',' No',5000000,14400000,4,874,3000000,9300000,14100000,3900000,' Approved'
805,2,' Not Graduate',' Yes',800000,2100000,6,726,2000000,0,2600000,600000,' Approved'
103,2,' Not Graduate',' Yes',4300000,12900000,20,618,11400000,3600000,11400000,2400000,' Approved'
2346,3,' Graduate',' No',4100000,15300000,6,440,7500000,5100000,8200000,2000000,' Rejected'
1993,0,' Not Graduate',' Yes',7300000,22600000,12,851,3300000,3400000,24800000,5300000,' Approved'
2753,1,' Graduate',' No',200000,300000,12,697,600000,300000,700000,100000,' Approved'
1803,5,' Not Graduate',' No',6000000,24000000,20,639,300000,7300000,15100000,6600000,' Approved'
3015,4,' Graduate',' Yes',2500000,8000000,8,464,4000000,3000000,9000000,3000000,' Rejected'
1030,2,' Not Graduate',' Yes',9500000,37000000,8,887,21800000,18300000,19200000,11700000,' Approved'
3134,4,' Graduate',' No',700000,2300000,16,688,1500000,300000,1900000,400000,' Approved'
3099,5,' Graduate',' Yes',5300000,18200000,16,546,14600000,7900000,13400000,4000000,' Rejected'
926,5,' Graduate',' No',3000000,8000000,6,333,3200000,400000,8200000,2200000,' Rejected'
3902,5,' Graduate',' No',2300000,4900000,4,529,6200000,3900000,9200000,2000000,' Rejected'
4115,4,' Graduate',' No',400000,1000000,20,692,500000,400000,1600000,200000,' Approved'
3076,3,' Graduate',' Yes',1400000,5400000,20,304,1700000,1300000,2900000,800000,' Rejected'
3495,4,' Not Graduate',' Yes',8800000,22200000,10,512,6800000,4000000,31900000,9900000,' Rejected'
2207,0,' Not Graduate',' Yes',700000,2000000,18,650,400000,1300000,2800000,500000,' Approved'
1483,0,' Not Graduate',' Yes',2300000,6200000,8,712,6800000,1700000,8800000,1500000,' Approved'
1680,4,' Graduate',' No',1600000,5500000,10,577,400000,1200000,4100000,1400000,' Approved'
139,3,' Not Graduate',' Yes',2900000,8500000,12,564,1000000,3100000,7500000,1800000,' Approved'
2676,4,' Graduate',' Yes',5400000,17100000,2,533,13800000,5100000,12200000,4700000,' Approved'
3683,2,' Not Graduate',' No',9300000,32300000,4,586,14300000,6400000,37000000,10400000,' Approved'
31,2,' Not Graduate',' No',9800000,25300000,12,313,20200000,5200000,25500000,9300000,' Rejected'
3523,1,' Graduate',' No',2900000,9600000,4,658,8200000,4300000,7000000,2700000,' Approved'
4123,3,' Graduate',' No',7800000,21800000,8,517,7700000,5100000,19500000,9100000,' Rejected'
3286,0,' Not Graduate',' Yes',9400000,35500000,16,592,9300000,11800000,30500000,5800000,' Approved'
649,0,' Not Graduate',' Yes',6800000,14400000,8,812,15200000,4500000,21100000,6400000,' Approved'
3377,5,' Graduate',' Yes',1600000,4100000,2,748,1400000,1000000,4200000,1000000,' Approved'
430,3,' Graduate',' No',9200000,36400000,18,669,3100000,12700000,30900000,12300000,' Approved'
2505,3,' Graduate',' Yes',9200000,33500000,8,564,20800000,15200000,29800000,11400000,' Approved'
509,2,' Graduate',' Yes',4100000,11200000,6,442,12200000,4100000,10000000,4500000,' Rejected'
859,1,' Not Graduate',' Yes',2400000,6200000,12,337,3400000,2100000,9400000,2300000,' Rejected'
2100,3,' Graduate',' Yes',6100000,18100000,14,538,11800000,4200000,16200000,7500000,' Rejected'
1872,2,' Graduate',' Yes',4900000,12200000,18,353,7000000,200000,14400000,3600000,' Rejected'
502,2,' Graduate',' No',4700000,12500000,14,375,1300000,6300000,10100000,5400000,' Rejected'
950,2,' Graduate',' Yes',300000,700000,4,411,600000,0,1200000,100000,' Rejected'
2637,0,' Not Graduate',' No',1000000,2200000,12,302,2200000,400000,3700000,1400000,' Rejected'
1458,5,' Not Graduate',' No',2700000,8300000,8,833,4600000,1300000,6800000,3300000,' Approved'
2694,3,' Not Graduate',' Yes',8200000,16500000,18,371,19000000,1200000,18500000,8200000,' Rejected'
2583,0,' Graduate',' No',6800000,21700000,20,730,17500000,1300000,18600000,3600000,' Approved'
155,3,' Not Graduate',' No',9400000,35000000,16,548,18200000,4400000,36100000,4800000,' Rejected'
2527,3,' Graduate',' Yes',4700000,13200000,12,440,4000000,3300000,16600000,4300000,' Rejected'
770,5,' Not Graduate',' No',1300000,4800000,4,346,3200000,1600000,3400000,1600000,' Approved'
1458,5,' Not Graduate',' No',2700000,8300000,8,833,4600000,1300000,6800000,3300000,' Approved'
819,2,' Not Graduate',' No',6500000,14100000,2,709,1000000,12700000,20900000,4000000,' Approved'
1847,0,' Not Graduate',' No',8500000,17200000,12,624,6500000,8400000,18600000,5100000,' Approved'
2555,4,' Not Graduate',' Yes',5000000,18000000,14,307,5300000,5600000,12800000,3300000,' Rejected'
498,2,' Not Graduate',' No',8100000,24800000,6,307,200000,4000000,31100000,10500000,' Rejected'
1320,4,' Graduate',' Yes',3800000,7800000,20,891,4600000,7000000,14300000,3300000,' Approved'
1593,2,' Not Graduate',' Yes',7400000,14900000,20,627,15900000,10100000,19000000,10300000,' Approved'
1822,4,' Graduate',' Yes',1500000,3300000,16,382,200000,2400000,3200000,1100000,' Rejected'
4054,1,' Not Graduate',' Yes',7000000,20300000,14,837,7700000,2200000,19700000,5500000,' Approved'
1637,0,' Not Graduate',' Yes',3300000,7700000,12,775,8200000,2100000,7400000,4200000,' Approved'
363,1,' Not Graduate',' Yes',9000000,32200000,16,468,4500000,16400000,28600000,10900000,' Rejected'
3858,4,' Graduate',' Yes',2800000,5500000,8,875,6900000,4000000,6000000,3300000,' Approved'
950,2,' Graduate',' Yes',300000,700000,4,411,600000,0,1200000,100000,' Rejected'
2279,3,' Not Graduate',' Yes',5800000,13600000,12,321,1700000,3300000,22300000,3400000,' Rejected'
2994,0,' Not Graduate',' Yes',3700000,9300000,14,531,8300000,1000000,8900000,1900000,' Rejected'
2620,3,' Not Graduate',' No',2700000,10800000,6,480,4400000,0,10300000,3500000,' Rejected'
3858,4,' Graduate',' Yes',2800000,5500000,8,875,6900000,4000000,6000000,3300000,' Approved'
3923,4,' Graduate',' Yes',1300000,3900000,16,566,700000,200000,3400000,1600000,' Approved'
2539,4,' Not Graduate',' Yes',3900000,12000000,14,893,6000000,4700000,12900000,5200000,' Approved'
1775,3,' Graduate',' Yes',1800000,5100000,8,790,100000,0,3700000,2000000,' Approved'
1275,1,' Graduate',' No',5000000,18800000,14,325,13100000,5700000,12800000,4300000,' Rejected'
56,5,' Not Graduate',' No',6700000,24500000,12,818,1200000,5600000,16300000,6200000,' Approved'
1420,2,' Graduate',' No',9100000,21700000,12,549,25500000,11000000,34700000,12200000,' Rejected'
2059,2,' Not Graduate',' Yes',6600000,17000000,2,457,100000,1800000,23300000,6700000,' Rejected'
2990,5,' Not Graduate',' Yes',6500000,13800000,10,636,13000000,5500000,19400000,8100000,' Approved'
330,4,' Not Graduate',' No',200000,600000,10,404,0,100000,400000,0,' Rejected'
1230,4,' Graduate',' Yes',1800000,5800000,14,305,600000,3300000,3600000,2000000,' Rejected'
1439,1,' Not Graduate',' No',8000000,27800000,6,667,6000000,12600000,22500000,9900000,' Approved'
1360,5,' Graduate',' No',4700000,10200000,16,874,10800000,7700000,11100000,7000000,' Approved'
990,5,' Not Graduate',' No',4400000,14900000,4,865,8200000,6200000,14900000,3500000,' Approved'
3884,4,' Graduate',' No',2300000,5400000,16,490,6200000,3700000,5500000,2100000,' Rejected'
3267,4,' Not Graduate',' Yes',2400000,9400000,2,871,3700000,300000,7100000,3500000,' Approved'
1498,0,' Not Graduate',' Yes',900000,2100000,6,521,100000,1700000,2100000,700000,' Rejected'
4061,3,' Not Graduate',' No',5800000,20600000,20,434,8400000,2700000,22600000,7000000,' Rejected'
3774,3,' Not Graduate',' Yes',8100000,29300000,2,413,8100000,15100000,25500000,6400000,' Approved'
1004,3,' Graduate',' Yes',3300000,9800000,6,360,4500000,600000,11000000,4400000,' Rejected'
1433,2,' Not Graduate',' Yes',2900000,7800000,18,588,400000,100000,11600000,4200000,' Approved'
1660,1,' Not Graduate',' No',500000,1700000,2,680,700000,800000,1400000,700000,' Approved'
293,3,' Graduate',' Yes',3600000,10700000,16,312,2300000,1600000,13100000,5200000,' Rejected'
948,1,' Not Graduate',' No',2300000,6600000,18,513,4600000,900000,9000000,1600000,' Rejected'
2635,5,' Graduate',' No',5300000,20500000,16,802,11200000,7100000,21100000,4100000,' Approved'
3866,0,' Graduate',' No',6400000,14000000,8,486,5100000,12700000,23900000,3700000,' Rejected'
3496,3,' Not Graduate',' Yes',8700000,27200000,18,454,9100000,9300000,30900000,12000000,' Rejected'
1030,2,' Not Graduate',' Yes',9500000,37000000,8,887,21800000,18300000,19200000,11700000,' Approved'
2965,2,' Not Graduate',' No',3100000,9000000,20,892,5000000,5600000,7100000,4000000,' Approved'
3306,0,' Not Graduate',' Yes',6100000,15900000,18,456,12900000,10800000,19100000,8800000,' Rejected'
3034,1,' Graduate',' No',6300000,19000000,20,673,14600000,8100000,16000000,4200000,' Approved'
208,0,' Graduate',' No',7100000,15400000,18,707,10300000,10800000,19600000,5800000,' Approved'
1645,2,' Not Graduate',' Yes',2900000,10200000,10,315,8100000,400000,6500000,1600000,' Rejected'
1604,5,' Not Graduate',' Yes',3500000,11800000,4,642,2300000,2900000,11900000,3600000,' Approved'
709,0,' Graduate',' No',8900000,25800000,18,531,12400000,3400000,22900000,5400000,' Rejected'
1674,1,' Graduate',' Yes',7600000,25400000,10,595,7900000,400000,24900000,11000000,' Approved'
2577,5,' Graduate',' No',600000,1300000,14,408,1000000,300000,1600000,900000,' Rejected'
2718,0,' Not Graduate',' No',9000000,28400000,4,612,0,7200000,26900000,13200000,' Approved'
3153,0,' Not Graduate',' No',6900000,23500000,2,621,7800000,7300000,23100000,9400000,' Approved'
2287,4,' Graduate',' No',7100000,27200000,16,824,2400000,8000000,22400000,3900000,' Approved'
1829,3,' Not Graduate',' Yes',7200000,21600000,2,626,10600000,1600000,26900000,3700000,' Approved'
3407,5,' Not Graduate',' Yes',800000,2200000,14,574,2200000,1200000,1700000,1100000,' Approved'
2088,0,' Graduate',' Yes',5400000,19500000,16,758,2600000,2700000,18300000,6000000,' Approved'
458,5,' Graduate',' Yes',8400000,17500000,12,620,15300000,13600000,26000000,5800000,' Approved'
2096,4,' Not Graduate',' Yes',7900000,31400000,10,654,16500000,15200000,25400000,5000000,' Approved'
1352,4,' Not Graduate',' No',4200000,15500000,18,794,7300000,700000,13400000,2200000,' Approved'
2818,4,' Graduate',' No',8200000,25200000,18,691,5800000,8900000,28500000,10500000,' Approved'
2273,5,' Graduate',' No',8000000,23100000,20,461,5900000,2400000,29300000,7200000,' Rejected'
31,2,' Not Graduate',' No',9800000,25300000,12,313,20200000,5200000,25500000,9300000,' Rejected'
2954,5,' Not Graduate',' No',6900000,19200000,12,408,10000000,5000000,24900000,9000000,' Rejected'
254,0,' Graduate',' No',8800000,30900000,12,729,1700000,700000,25700000,11400000,' Approved'
2150,1,' Graduate',' No',800000,3000000,4,338,900000,1000000,2600000,400000,' Approved'
631,1,' Not Graduate',' Yes',9000000,29900000,2,668,22100000,7200000,24400000,4700000,' Approved'
3315,2,' Graduate',' No',2300000,8800000,18,336,1800000,800000,5200000,1500000,' Rejected'
3257,5,' Graduate',' No',4000000,9100000,10,515,600000,6400000,9900000,5500000,' Rejected'
1149,2,' Graduate',' No',7300000,20000000,6,729,13100000,10700000,17900000,9100000,' Approved'
3714,4,' Not Graduate',' No',8600000,26700000,10,895,2200000,8800000,22600000,6900000,' Approved'
3925,5,' Not Graduate',' No',3200000,9300000,6,656,7000000,3200000,12700000,4200000,' Approved'
1832,0,' Not Graduate',' No',5000000,16300000,12,737,2600000,3400000,11800000,4400000,' Approved'
2031,1,' Graduate',' No',1900000,6000000,20,540,1100000,1400000,4300000,1300000,' Rejected'
2542,3,' Not Graduate',' Yes',8400000,29500000,20,661,14600000,3400000,28900000,10900000,' Approved'
1856,2,' Graduate',' No',5600000,19500000,8,429,6100000,2200000,21100000,7200000,' Rejected'
3921,4,' Graduate',' No',9100000,26600000,2,812,23300000,11900000,33100000,10400000,' Approved'
3023,3,' Not Graduate',' No',5500000,12400000,8,580,800000,900000,19300000,7300000,' Approved'
1779,2,' Graduate',' Yes',1600000,4700000,12,582,1500000,1300000,5200000,1000000,' Approved'
485,3,' Graduate',' Yes',5400000,14400000,8,677,11000000,7900000,20800000,3100000,' Approved'
3662,2,' Not Graduate',' No',2500000,9600000,4,636,900000,1000000,7300000,2000000,' Approved'
1477,2,' Graduate',' Yes',5400000,10900000,14,741,1300000,6000000,20400000,5600000,' Approved'
4098,3,' Graduate',' No',2600000,6300000,10,783,6500000,2400000,6500000,2600000,' Approved'
1908,2,' Graduate',' No',3200000,6300000,10,339,300000,4900000,7300000,2700000,' Rejected'
3130,5,' Graduate',' Yes',1000000,2600000,8,664,900000,1200000,3500000,900000,' Approved'
3306,0,' Not Graduate',' Yes',6100000,15900000,18,456,12900000,10800000,19100000,8800000,' Rejected'
845,2,' Graduate',' Yes',6500000,20900000,14,327,8200000,100000,22800000,4700000,' Rejected'
323,4,' Graduate',' Yes',4900000,17100000,6,612,1300000,7000000,19500000,5000000,' Approved'
2232,4,' Not Graduate',' Yes',9400000,20000000,12,817,3600000,1600000,34400000,8000000,' Approved'
3267,4,' Not Graduate',' Yes',2400000,9400000,2,871,3700000,300000,7100000,3500000,' Approved'
1589,0,' Graduate',' Yes',5600000,19300000,6,407,3400000,3600000,14200000,8400000,' Rejected'
3189,5,' Graduate',' Yes',7100000,20100000,4,700,16900000,2900000,15600000,4500000,' Approved'
3201,3,' Not Graduate',' Yes',8400000,20500000,12,796,22900000,10500000,17600000,11200000,' Approved'
3496,3,' Not Graduate',' Yes',8700000,27200000,18,454,9100000,9300000,30900000,12000000,' Rejected'
655,4,' Graduate',' No',9200000,30300000,10,607,24000000,16600000,29600000,8900000,' Approved'
2802,3,' Graduate',' Yes',4400000,10000000,8,875,5900000,5200000,11700000,4100000,' Approved'
1232,4,' Graduate',' Yes',1200000,4600000,6,757,1900000,200000,4800000,1500000,' Approved'
620,3,' Graduate',' No',8900000,25400000,8,588,19400000,12100000,18800000,4500000,' Approved'
483,4,' Graduate',' No',8300000,24900000,16,506,15400000,5600000,26700000,7000000,' Rejected'
533,5,' Graduate',' Yes',6900000,23900000,6,382,17100000,6900000,21500000,8900000,' Rejected'
2461,5,' Graduate',' No',1100000,4000000,16,498,400000,100000,2300000,700000,' Rejected'
3183,4,' Not Graduate',' No',5000000,11400000,6,336,1600000,4000000,15500000,2500000,' Rejected'
2088,0,' Graduate',' Yes',5400000,19500000,16,758,2600000,2700000,18300000,6000000,' Approved'
1581,0,' Not Graduate',' Yes',7600000,17800000,14,570,15200000,12100000,21500000,9900000,' Approved'
2062,1,' Not Graduate',' No',8300000,29200000,6,877,13700000,9900000,31500000,9500000,' Approved'
3295,0,' Not Graduate',' Yes',800000,2400000,4,518,500000,800000,2800000,500000,' Approved'
888,1,' Graduate',' No',1900000,4200000,12,821,5200000,1500000,5000000,2700000,' Approved'
1923,5,' Not Graduate',' Yes',5300000,13700000,18,708,7600000,900000,19200000,5900000,' Approved'
3319,5,' Graduate',' Yes',9000000,20400000,6,451,5200000,11400000,28200000,9000000,' Rejected'
309,3,' Graduate',' No',9600000,19900000,14,452,4200000,16200000,28500000,6600000,' Rejected'
1430,5,' Not Graduate',' No',6600000,25800000,10,670,4600000,7200000,20600000,8500000,' Approved'
3073,4,' Not Graduate',' Yes',8000000,23200000,14,738,10900000,12100000,19900000,5400000,' Approved'
189,5,' Not Graduate',' Yes',7300000,23300000,6,622,7100000,11600000,26400000,10500000,' Approved'
1553,0,' Not Graduate',' No',7000000,18300000,6,541,6300000,6400000,20800000,8300000,' Rejected'
4037,1,' Graduate',' No',6500000,18500000,16,815,6300000,10000000,13400000,4000000,' Approved'
1830,1,' Not Graduate',' Yes',3000000,6000000,16,518,3800000,1700000,11600000,3900000,' Rejected'
1185,2,' Not Graduate',' No',8800000,19000000,14,637,13700000,13900000,27100000,6100000,' Approved'
3668,4,' Not Graduate',' Yes',6300000,16900000,16,582,16000000,3600000,23700000,6000000,' Approved'
2055,3,' Not Graduate',' Yes',8000000,25600000,6,337,8800000,500000,18900000,9800000,' Rejected'
2655,5,' Graduate',' No',5300000,19400000,6,510,14700000,7000000,13600000,3700000,' Rejected'
2969,2,' Graduate',' No',9700000,34500000,10,649,10600000,7600000,24800000,5900000,' Approved'
2722,1,' Graduate',' No',6100000,19100000,6,341,5700000,5900000,12400000,6300000,' Rejected'
1312,3,' Graduate',' Yes',7000000,24200000,2,354,18200000,7000000,15900000,7900000,' Approved'
665,4,' Not Graduate',' Yes',9400000,35000000,10,517,10700000,15100000,27500000,6700000,' Rejected'
3704,1,' Not Graduate',' Yes',8400000,30900000,8,378,18600000,1000000,25900000,11100000,' Rejected'
151,1,' Not Graduate',' Yes',5200000,19300000,8,481,14300000,9500000,18800000,4200000,' Rejected'
24,0,' Not Graduate',' Yes',500000,1400000,2,551,900000,600000,1100000,300000,' Approved'
3869,5,' Not Graduate',' No',9600000,27100000,8,594,25500000,4600000,26800000,13300000,' Approved'
2219,3,' Not Graduate',' No',4300000,12600000,18,482,9300000,900000,13200000,6100000,' Rejected'
777,5,' Not Graduate',' No',3100000,10800000,10,681,5100000,1700000,7400000,1500000,' Approved'
1744,4,' Graduate',' Yes',2600000,5900000,6,471,3500000,1900000,7300000,3400000,' Rejected'
926,5,' Graduate',' No',3000000,8000000,6,333,3200000,400000,8200000,2200000,' Rejected'
752,5,' Not Graduate',' No',6800000,20000000,4,459,14500000,3000000,25000000,4900000,' Rejected'
1516,3,' Graduate',' No',9700000,37800000,12,700,13400000,6100000,25800000,11900000,' Approved'
156,5,' Not Graduate',' No',5000000,11200000,8,701,9100000,500000,14000000,4600000,' Approved'
2849,4,' Graduate',' No',7400000,19400000,16,835,16400000,14200000,23500000,6500000,' Approved'
1765,2,' Not Graduate',' Yes',600000,1100000,8,885,700000,0,1200000,300000,' Approved'
3369,4,' Graduate',' No',7100000,28300000,6,850,5600000,7100000,26000000,9700000,' Approved'
358,2,' Not Graduate',' No',8400000,26300000,4,419,22900000,7900000,29200000,6200000,' Approved'
3439,5,' Not Graduate',' Yes',6800000,19000000,8,865,9500000,7200000,25000000,6300000,' Approved'
512,2,' Graduate',' No',5500000,19000000,4,597,1100000,4000000,18700000,5300000,' Approved'
2461,5,' Graduate',' No',1100000,4000000,16,498,400000,100000,2300000,700000,' Rejected'
95,2,' Graduate',' No',1000000,2000000,10,366,1200000,400000,3200000,1300000,' Rejected'
442,5,' Graduate',' Yes',9600000,32400000,2,897,3500000,15400000,26800000,6200000,' Approved'
4042,2,' Graduate',' No',3000000,6500000,4,476,7900000,300000,9400000,1500000,' Rejected'
1009,0,' Not Graduate',' No',7900000,30800000,4,726,5000000,14600000,23800000,5500000,' Approved'
1586,3,' Graduate',' No',8300000,30500000,10,473,13300000,9400000,23300000,11800000,' Rejected'
3201,3,' Not Graduate',' Yes',8400000,20500000,12,796,22900000,10500000,17600000,11200000,' Approved'
1829,3,' Not Graduate',' Yes',7200000,21600000,2,626,10600000,1600000,26900000,3700000,' Approved'
1775,3,' Graduate',' Yes',1800000,5100000,8,790,100000,0,3700000,2000000,' Approved'
2794,4,' Graduate',' No',8400000,23400000,12,350,18700000,9100000,27500000,6700000,' Rejected'
1784,1,' Graduate',' Yes',8000000,24600000,12,649,10800000,1600000,21800000,9200000,' Approved'
3580,2,' Not Graduate',' No',8900000,23100000,4,519,22800000,500000,25200000,4700000,' Rejected'
524,4,' Not Graduate',' Yes',7100000,27900000,10,328,9000000,13400000,26500000,7700000,' Rejected'
2957,3,' Not Graduate',' No',3600000,9800000,12,654,600000,1300000,7500000,2200000,' Approved'
1994,4,' Not Graduate',' Yes',9200000,28100000,12,760,23200000,9700000,22300000,12900000,' Approved'
3740,0,' Graduate',' Yes',7200000,21900000,4,446,17700000,10900000,24500000,7600000,' Approved'
4224,0,' Not Graduate',' No',2700000,8400000,14,610,900000,1900000,6100000,2800000,' Approved'
1192,0,' Not Graduate',' No',2600000,9400000,18,879,2800000,1400000,5100000,2300000,' Approved'
288,5,' Not Graduate',' No',4000000,13900000,6,530,6000000,5600000,12500000,6000000,' Rejected'
1629,5,' Not Graduate',' No',4200000,13400000,16,545,9800000,8200000,12500000,3500000,' Rejected'
1174,2,' Graduate',' No',5900000,14000000,8,599,4700000,9500000,17800000,6700000,' Approved'
2112,4,' Not Graduate',' No',1700000,4500000,12,821,3200000,1900000,4900000,1500000,' Approved'
917,1,' Not Graduate',' No',6900000,26200000,4,534,14500000,11900000,14900000,9400000,' Approved'
2608,4,' Not Graduate',' No',5400000,12600000,18,786,300000,2500000,21000000,6600000,' Approved'
2694,3,' Not Graduate',' Yes',8200000,16500000,18,371,19000000,1200000,18500000,8200000,' Rejected'
1524,2,' Graduate',' No',6100000,23600000,2,476,4600000,2900000,22500000,3800000,' Approved'
3358,2,' Not Graduate',' Yes',3900000,7700000,10,421,9700000,7500000,14100000,2100000,' Rejected'
3266,4,' Not Graduate',' Yes',6100000,21200000,6,808,700000,7200000,22300000,6100000,' Approved'
764,0,' Graduate',' Yes',1000000,3200000,10,854,2600000,800000,2900000,1200000,' Approved'
4211,3,' Not Graduate',' Yes',9200000,35000000,4,716,1100000,10200000,33600000,11400000,' Approved'
945,2,' Graduate',' No',7900000,18500000,18,727,20200000,12400000,19600000,7100000,' Approved'
3429,1,' Graduate',' Yes',1600000,5300000,4,713,1400000,1400000,4900000,1300000,' Approved'
56,5,' Not Graduate',' No',6700000,24500000,12,818,1200000,5600000,16300000,6200000,' Approved'
2015,4,' Graduate',' Yes',8800000,34200000,16,844,18700000,11000000,20700000,10700000,' Approved'
1847,0,' Not Graduate',' No',8500000,17200000,12,624,6500000,8400000,18600000,5100000,' Approved'
3257,5,' Graduate',' No',4000000,9100000,10,515,600000,6400000,9900000,5500000,' Rejected'
2486,2,' Not Graduate',' No',5700000,20400000,2,630,3000000,3100000,22600000,2900000,' Approved'
3490,5,' Graduate',' Yes',9000000,31400000,2,677,12000000,10800000,20700000,8700000,' Approved'
3,3,' Graduate',' No',9100000,29700000,20,506,7100000,4500000,33300000,12800000,' Rejected'
837,1,' Graduate',' Yes',600000,2000000,10,326,400000,1000000,2400000,700000,' Rejected'
2233,2,' Not Graduate',' No',6100000,15300000,2,799,7100000,5500000,17800000,5300000,' Approved'
190,1,' Not Graduate',' No',7400000,19800000,18,458,12600000,6200000,27700000,4000000,' Rejected'
307,5,' Not Graduate',' No',9000000,29300000,4,531,10400000,9500000,35500000,5800000,' Approved'
736,0,' Graduate',' No',4700000,14400000,14,881,11000000,6100000,17600000,2400000,' Approved'
1352,4,' Not Graduate',' No',4200000,15500000,18,794,7300000,700000,13400000,2200000,' Approved'
299,5,' Graduate',' No',800000,2600000,6,560,100000,200000,3000000,1000000,' Approved'
455,2,' Graduate',' No',1800000,4700000,8,792,4500000,1200000,4100000,2200000,' Approved'
3428,0,' Not Graduate',' Yes',3500000,12600000,10,448,1200000,2500000,10400000,3600000,' Rejected'
887,5,' Not Graduate',' Yes',4400000,8900000,4,761,8100000,1000000,14200000,3000000,' Approved'
747,0,' Not Graduate',' No',2600000,8400000,18,861,0,3500000,6200000,3800000,' Approved'
2774,2,' Graduate',' Yes',2700000,9600000,14,554,5800000,200000,10200000,1900000,' Approved'
994,2,' Graduate',' No',7600000,28300000,12,800,19700000,14800000,15600000,7800000,' Approved'
2379,2,' Not Graduate',' Yes',5100000,13300000,14,313,5900000,7900000,18000000,3900000,' Rejected'
1564,3,' Not Graduate',' Yes',500000,1700000,2,811,500000,500000,1400000,200000,' Approved'
4215,5,' Not Graduate',' No',7800000,27000000,6,728,4400000,13100000,18500000,7400000,' Approved'
2124,0,' Graduate',' No',4100000,15400000,16,304,3000000,5200000,16200000,3100000,' Rejected'
401,4,' Graduate',' No',5400000,15700000,18,452,13700000,2600000,16500000,6600000,' Rejected'
3000,3,' Graduate',' Yes',6800000,23900000,12,565,18800000,2800000,18800000,6700000,' Approved'
2672,0,' Not Graduate',' Yes',3800000,14900000,6,899,7800000,600000,12400000,2800000,' Approved'
1281,1,' Graduate',' No',3100000,7400000,18,487,8400000,1200000,9200000,4500000,' Rejected'
2889,0,' Graduate',' No',6800000,21200000,14,300,0,8700000,16500000,10000000,' Rejected'
2982,1,' Graduate',' No',7200000,15100000,8,379,2600000,8300000,21700000,8200000,' Rejected'
1954,1,' Not Graduate',' No',4600000,15200000,4,593,13800000,3800000,11700000,3900000,' Approved'
582,1,' Not Graduate',' No',8800000,22200000,18,794,8400000,11900000,21000000,10500000,' Approved'
1415,4,' Not Graduate',' No',1900000,3800000,20,785,1000000,600000,6100000,1500000,' Approved'
23,4,' Graduate',' Yes',6500000,25700000,18,311,13100000,1700000,19500000,8500000,' Rejected'
3247,2,' Not Graduate',' Yes',5400000,14800000,6,724,1000000,400000,13100000,5400000,' Approved'
3030,0,' Not Graduate',' Yes',2000000,5200000,18,400,1900000,1500000,5000000,1500000,' Rejected'
2166,4,' Graduate',' Yes',900000,2500000,4,583,1300000,800000,1800000,1100000,' Approved'
1006,2,' Graduate',' No',7800000,22200000,10,735,9700000,4600000,23000000,6900000,' Approved'
3257,5,' Graduate',' No',4000000,9100000,10,515,600000,6400000,9900000,5500000,' Rejected'
2559,5,' Not Graduate',' No',5800000,17500000,10,719,5800000,1900000,12400000,3100000,' Approved'
535,2,' Graduate',' Yes',4400000,10000000,20,516,7400000,7600000,12200000,5100000,' Rejected'
1947,2,' Graduate',' No',8400000,32100000,20,328,16300000,4600000,19500000,8000000,' Rejected'
2525,1,' Graduate',' Yes',7000000,25600000,6,420,15100000,11500000,15300000,8700000,' Rejected'
3310,1,' Not Graduate',' No',5800000,18700000,20,586,14100000,3000000,15600000,6000000,' Approved'
1786,4,' Not Graduate',' No',7200000,18900000,16,371,6600000,14100000,18900000,4900000,' Rejected'
1979,0,' Not Graduate',' Yes',3900000,9600000,10,783,9900000,2100000,10900000,3900000,' Approved'
2190,2,' Graduate',' No',5800000,21700000,8,354,12500000,2300000,12200000,6800000,' Rejected'
1478,4,' Not Graduate',' No',1200000,3300000,12,876,400000,100000,3800000,1000000,' Approved'
1762,2,' Not Graduate',' Yes',9800000,32700000,2,304,4700000,19000000,24500000,8600000,' Approved'
1531,0,' Graduate',' Yes',8800000,23600000,8,712,400000,11300000,19300000,11100000,' Approved'
1458,5,' Not Graduate',' No',2700000,8300000,8,833,4600000,1300000,6800000,3300000,' Approved'
1495,1,' Graduate',' Yes',2200000,8700000,20,539,1000000,4000000,8200000,2600000,' Rejected'
3613,0,' Not Graduate',' Yes',200000,700000,20,724,600000,0,500000,300000,' Approved'
541,3,' Not Graduate',' Yes',1000000,3200000,14,790,1900000,100000,3600000,1100000,' Approved'
3249,0,' Graduate',' No',5400000,18400000,8,625,12100000,3000000,13000000,4800000,' Approved'
1338,0,' Not Graduate',' Yes',6600000,23300000,12,338,2400000,800000,18900000,9300000,' Rejected'
2301,1,' Graduate',' No',9800000,26900000,18,792,15900000,14100000,25200000,11900000,' Approved'
2372,5,' Not Graduate',' No',4100000,12300000,6,582,10900000,6100000,14100000,3500000,' Approved'
592,5,' Not Graduate',' Yes',1500000,4000000,12,350,2900000,1900000,4400000,1200000,' Rejected'
3878,2,' Graduate',' Yes',3100000,10700000,4,398,3100000,3000000,7400000,2000000,' Approved'
4269,1,' Graduate',' No',9200000,29700000,10,607,17800000,11800000,35700000,12000000,' Approved'
2362,2,' Not Graduate',' Yes',8300000,20600000,10,504,100000,900000,33200000,6700000,' Rejected'
41,1,' Graduate',' No',7800000,18100000,2,712,8600000,11200000,21700000,9000000,' Approved'
1871,3,' Not Graduate',' Yes',8300000,20900000,4,615,4400000,200000,19000000,9600000,' Approved'
915,2,' Graduate',' No',700000,2000000,8,806,1900000,1100000,2200000,400000,' Approved'
2918,2,' Graduate',' No',1700000,5700000,10,602,4900000,2700000,4500000,1800000,' Approved'
1358,0,' Not Graduate',' No',4700000,15500000,16,311,12800000,200000,17500000,2700000,' Rejected'
2228,5,' Not Graduate',' No',5200000,13700000,16,531,8800000,4500000,15700000,2900000,' Rejected'
3758,3,' Graduate',' No',2800000,8500000,20,431,6200000,1700000,7800000,2200000,' Rejected'
2502,4,' Graduate',' Yes',7200000,26000000,6,571,4700000,0,22600000,4200000,' Approved'
2798,2,' Not Graduate',' Yes',4600000,16000000,4,720,0,4000000,12300000,4200000,' Approved'
513,0,' Graduate',' Yes',7800000,29100000,20,435,21100000,13000000,17300000,9700000,' Rejected'
3945,0,' Graduate',' No',8900000,21600000,10,552,2300000,9900000,20700000,11900000,' Approved'
1146,1,' Graduate',' Yes',6100000,17800000,20,706,16000000,10900000,16900000,4300000,' Approved'
3982,0,' Graduate',' No',2700000,7500000,6,832,7700000,1200000,10000000,2500000,' Approved'
1113,1,' Graduate',' No',1600000,6300000,2,721,3000000,600000,5200000,900000,' Approved'
671,1,' Graduate',' Yes',2000000,5600000,18,320,2400000,2300000,4600000,2100000,' Rejected'
1540,4,' Not Graduate',' Yes',1500000,4600000,6,524,3700000,2000000,5000000,1400000,' Rejected'
922,3,' Not Graduate',' Yes',2100000,6100000,8,346,5500000,600000,4500000,2900000,' Rejected'
3556,4,' Graduate',' No',3200000,11600000,6,635,3300000,4600000,6500000,3900000,' Approved'
405,3,' Graduate',' No',500000,1000000,20,501,800000,800000,900000,200000,' Rejected'
4158,0,' Graduate',' No',2400000,5300000,16,482,5500000,4200000,8400000,2600000,' Rejected'
2480,2,' Graduate',' No',2700000,9300000,16,656,7700000,2500000,6400000,3600000,' Approved'
929,1,' Not Graduate',' Yes',4000000,15600000,12,436,10400000,2800000,14800000,3200000,' Rejected'
4020,0,' Graduate',' Yes',5500000,18200000,4,332,8100000,4000000,16400000,5600000,' Approved'
4039,3,' Not Graduate',' Yes',5200000,15000000,20,432,6900000,5000000,15600000,5100000,' Rejected'
46,4,' Graduate',' No',8000000,27800000,16,331,13000000,6300000,21400000,10900000,' Rejected'
594,4,' Graduate',' No',600000,1800000,6,851,100000,1100000,2100000,800000,' Approved'
1322,2,' Graduate',' No',2100000,6600000,20,580,3800000,4100000,6200000,2100000,' Approved'
3401,4,' Graduate',' No',3400000,12700000,2,741,3300000,6100000,7700000,3700000,' Approved'
2708,2,' Not Graduate',' Yes',7800000,29600000,14,568,-100000,8600000,27000000,7200000,' Approved'
2489,2,' Graduate',' Yes',2700000,6400000,18,547,5000000,1700000,9200000,1700000,' Rejected'
4103,2,' Not Graduate',' Yes',3300000,10700000,8,806,5700000,600000,11500000,4900000,' Approved'
769,4,' Graduate',' No',5300000,15400000,8,584,5100000,1700000,14000000,5000000,' Approved'
3703,4,' Graduate',' No',2200000,7800000,20,633,0,3900000,8400000,1900000,' Approved'
2741,2,' Graduate',' Yes',9400000,37300000,14,383,7800000,15900000,27100000,7700000,' Rejected'
1372,0,' Not Graduate',' No',6000000,15300000,8,709,8900000,1700000,16400000,3500000,' Approved'
3759,2,' Not Graduate',' Yes',6100000,12300000,18,697,14100000,9100000,12600000,3500000,' Approved'
95,2,' Graduate',' No',1000000,2000000,10,366,1200000,400000,3200000,1300000,' Rejected'
481,4,' Not Graduate',' No',8300000,30700000,6,381,21700000,2300000,26700000,4600000,' Rejected'
4174,0,' Not Graduate',' Yes',8800000,29800000,8,343,20000000,4900000,33300000,12200000,' Rejected'
1965,3,' Graduate',' No',3800000,11800000,4,694,0,500000,8300000,5100000,' Approved'
3241,2,' Graduate',' No',1400000,4700000,20,563,400000,2300000,2800000,1400000,' Approved'
3318,5,' Not Graduate',' No',900000,2200000,2,415,600000,1700000,2900000,700000,' Rejected'
481,4,' Not Graduate',' No',8300000,30700000,6,381,21700000,2300000,26700000,4600000,' Rejected'
4183,1,' Not Graduate',' No',400000,1600000,16,784,800000,700000,700000,100000,' Approved'
2337,4,' Graduate',' No',5500000,21700000,14,867,5000000,8700000,15200000,3100000,' Approved'
3253,4,' Graduate',' Yes',6300000,14500000,10,349,3800000,12300000,16500000,5700000,' Rejected'
2995,4,' Not Graduate',' Yes',8600000,21400000,14,476,6200000,2700000,28000000,12800000,' Rejected'
73,5,' Not Graduate',' No',7000000,18300000,4,418,18400000,11700000,21500000,7600000,' Rejected'
261,4,' Not Graduate',' No',2700000,8100000,4,325,5000000,800000,9900000,3400000,' Approved'
2590,4,' Graduate',' No',6700000,16000000,4,791,0,13000000,20700000,5200000,' Approved'
3453,5,' Not Graduate',' Yes',2300000,5000000,10,431,300000,3700000,8700000,2900000,' Rejected'
2992,3,' Not Graduate',' No',2300000,8500000,12,557,3600000,1400000,6200000,1300000,' Approved'
3452,0,' Not Graduate',' No',7400000,25500000,6,463,2300000,5600000,26800000,8400000,' Rejected'
396,2,' Graduate',' Yes',800000,3200000,10,584,0,200000,2100000,700000,' Rejected'
2213,4,' Not Graduate',' No',600000,1700000,12,436,400000,0,1700000,700000,' Rejected'
2000,3,' Not Graduate',' Yes',3100000,6300000,18,895,2300000,3400000,10500000,4200000,' Approved'
3703,4,' Graduate',' No',2200000,7800000,20,633,0,3900000,8400000,1900000,' Approved'
2384,1,' Not Graduate',' Yes',2800000,5900000,20,728,1000000,3200000,10300000,1400000,' Approved'
3688,2,' Not Graduate',' Yes',2100000,4500000,18,591,2500000,500000,5500000,1500000,' Approved'
2244,3,' Graduate',' No',8200000,28300000,2,530,15000000,10500000,20200000,12100000,' Approved'
3157,1,' Not Graduate',' No',3200000,6600000,16,534,8800000,2600000,6500000,1800000,' Rejected'
777,5,' Not Graduate',' No',3100000,10800000,10,681,5100000,1700000,7400000,1500000,' Approved'
1319,3,' Graduate',' No',6400000,24100000,12,571,19000000,11500000,13200000,7500000,' Approved'
3114,1,' Not Graduate',' No',6200000,18200000,18,324,3100000,12000000,19200000,3400000,' Rejected'
2448,2,' Graduate',' Yes',4800000,17500000,20,381,400000,6900000,13400000,7000000,' Rejected'
581,4,' Graduate',' Yes',8900000,26300000,10,369,23900000,7000000,27400000,12100000,' Rejected'
3883,1,' Graduate',' Yes',9700000,34300000,20,756,15700000,18500000,26800000,14100000,' Approved'
1265,2,' Not Graduate',' No',2200000,8700000,18,729,3900000,3300000,7600000,1300000,' Approved'
3487,0,' Graduate',' Yes',2700000,8400000,6,744,1200000,4100000,7500000,2000000,' Approved'
3708,3,' Graduate',' Yes',1700000,5800000,10,524,4100000,2900000,6600000,800000,' Rejected'
1143,0,' Graduate',' No',6500000,24100000,20,488,3300000,6000000,22900000,9700000,' Rejected'
1715,4,' Not Graduate',' No',600000,1200000,14,338,500000,500000,2300000,500000,' Rejected'
3447,3,' Not Graduate',' Yes',1800000,5700000,14,670,5300000,3100000,3500000,2700000,' Approved'
4245,3,' Not Graduate',' No',1800000,5600000,20,860,1900000,1700000,4300000,900000,' Approved'
1894,2,' Graduate',' No',5600000,17200000,16,586,13700000,2100000,14300000,4300000,' Approved'
2625,4,' Graduate',' No',1800000,4100000,8,777,2200000,2500000,3600000,1900000,' Approved'
2066,4,' Not Graduate',' Yes',9100000,33000000,8,543,15700000,14400000,19500000,11200000,' Rejected'
1566,2,' Not Graduate',' Yes',3500000,13300000,4,420,6400000,1700000,8000000,2300000,' Approved'
780,1,' Graduate',' No',5400000,17900000,14,727,13100000,0,12300000,4700000,' Approved'
1109,4,' Graduate',' No',8100000,19000000,6,375,4100000,14500000,19100000,11900000,' Rejected'
498,2,' Not Graduate',' No',8100000,24800000,6,307,200000,4000000,31100000,10500000,' Rejected'
3395,1,' Not Graduate',' No',4200000,10700000,6,466,7400000,7000000,14000000,4700000,' Rejected'
1239,3,' Graduate',' Yes',1900000,5900000,8,651,700000,2100000,6200000,1500000,' Approved'
3565,5,' Not Graduate',' No',5600000,13600000,4,449,5900000,5700000,18800000,4300000,' Rejected'
3953,3,' Not Graduate',' No',1300000,3300000,8,795,1400000,800000,4600000,1600000,' Approved'
2370,1,' Not Graduate',' Yes',9500000,28700000,16,526,24600000,4900000,31800000,6600000,' Rejected'
1030,2,' Not Graduate',' Yes',9500000,37000000,8,887,21800000,18300000,19200000,11700000,' Approved'
3376,3,' Graduate',' Yes',8000000,31200000,20,392,7300000,8400000,16000000,6000000,' Rejected'
1308,5,' Graduate',' Yes',8000000,29800000,18,867,17700000,14100000,22800000,9200000,' Approved'
3528,0,' Graduate',' No',1800000,6900000,10,853,900000,400000,3700000,1700000,' Rejected'
1440,3,' Not Graduate',' No',3900000,10500000,20,821,1600000,6300000,11000000,3900000,' Approved'
3832,3,' Graduate',' No',1400000,3500000,16,365,2600000,2200000,2900000,1600000,' Rejected'
2624,4,' Not Graduate',' Yes',300000,1100000,4,315,700000,100000,900000,100000,' Approved'
670,1,' Graduate',' No',6000000,20100000,6,476,13900000,10000000,15200000,5500000,' Rejected'
4262,3,' Graduate',' Yes',3000000,7500000,6,881,1400000,4500000,6100000,2300000,' Approved'
2724,3,' Graduate',' Yes',7700000,18100000,20,736,7800000,14500000,29100000,10000000,' Approved'
3292,5,' Not Graduate',' Yes',8400000,31900000,10,605,18900000,10300000,22000000,9100000,' Approved'
3358,2,' Not Graduate',' Yes',3900000,7700000,10,421,9700000,7500000,14100000,2100000,' Rejected'
2002,4,' Not Graduate',' No',3900000,8800000,14,527,4600000,4900000,14900000,3100000,' Rejected'
793,4,' Graduate',' No',6300000,13400000,2,504,10500000,10900000,14500000,9400000,' Rejected'
2544,0,' Not Graduate',' Yes',1900000,6300000,16,811,1100000,100000,5100000,1900000,' Approved'
3076,3,' Graduate',' Yes',1400000,5400000,20,304,1700000,1300000,2900000,800000,' Rejected'
3797,2,' Not Graduate',' No',8000000,17800000,20,549,2400000,9700000,27400000,10800000,' Rejected'
3927,3,' Graduate',' No',4900000,12800000,14,653,7300000,1000000,13000000,7200000,' Approved'
3155,3,' Not Graduate',' Yes',3800000,9400000,12,301,7800000,2800000,14900000,5000000,' Rejected'
1647,0,' Not Graduate',' No',5900000,20300000,4,806,300000,3700000,16400000,4800000,' Approved'
670,1,' Graduate',' No',6000000,20100000,6,476,13900000,10000000,15200000,5500000,' Rejected'
3606,3,' Graduate',' Yes',5800000,23000000,16,361,6000000,10100000,23000000,2800000,' Rejected'
216,3,' Graduate',' Yes',6900000,16400000,4,787,11100000,6100000,26400000,3800000,' Approved'
2273,5,' Graduate',' No',8000000,23100000,20,461,5900000,2400000,29300000,7200000,' Rejected'
32,2,' Graduate',' No',5700000,12000000,6,363,3600000,7400000,21700000,4300000,' Rejected'
348,1,' Not Graduate',' No',7100000,23500000,12,768,6400000,12100000,22400000,7300000,' Approved'
2608,4,' Not Graduate',' No',5400000,12600000,18,786,300000,2500000,21000000,6600000,' Approved'
1006,2,' Graduate',' No',7800000,22200000,10,735,9700000,4600000,23000000,6900000,' Approved'
956,1,' Not Graduate',' Yes',500000,1400000,10,883,900000,0,1700000,300000,' Approved'
2337,4,' Graduate',' No',5500000,21700000,14,867,5000000,8700000,15200000,3100000,' Approved'
732,2,' Graduate',' No',3400000,12900000,14,857,3400000,2500000,8700000,1900000,' Approved'
1300,4,' Not Graduate',' No',7600000,30300000,12,339,20400000,8000000,22200000,5800000,' Rejected'
730,0,' Graduate',' No',7100000,15900000,14,746,9500000,3900000,23500000,8000000,' Approved'
3086,1,' Not Graduate',' Yes',8300000,26300000,20,530,22800000,11000000,33200000,8000000,' Rejected'
4002,5,' Not Graduate',' No',9200000,28000000,8,527,18700000,7700000,24400000,6400000,' Rejected'
252,5,' Graduate',' No',2600000,9100000,8,852,3700000,700000,10300000,3300000,' Approved'
2537,0,' Graduate',' Yes',9800000,34100000,20,760,21500000,9400000,33400000,13600000,' Approved'
2311,1,' Graduate',' Yes',7100000,20800000,20,437,9600000,7300000,24700000,8800000,' Rejected'
531,5,' Graduate',' Yes',9900000,31800000,18,817,23400000,700000,32600000,11500000,' Approved'
2780,4,' Graduate',' Yes',3900000,9200000,12,737,2800000,2300000,12300000,5200000,' Approved'
1066,2,' Not Graduate',' Yes',1800000,3600000,4,343,3400000,1100000,6200000,1500000,' Rejected'
732,2,' Graduate',' No',3400000,12900000,14,857,3400000,2500000,8700000,1900000,' Approved'
1827,1,' Graduate',' No',6300000,22000000,20,646,9500000,7900000,13500000,5500000,' Approved'
3728,1,' Not Graduate',' Yes',7500000,22500000,14,469,12300000,9600000,16200000,4500000,' Rejected'
3463,0,' Graduate',' No',6500000,20200000,16,842,8300000,12200000,14300000,9600000,' Approved'
2116,3,' Graduate',' No',2200000,6400000,2,318,1400000,2100000,4300000,1500000,' Rejected'
2602,0,' Graduate',' Yes',7000000,21700000,20,498,6600000,5500000,14700000,3900000,' Rejected'
3625,1,' Not Graduate',' Yes',800000,2600000,2,439,600000,0,1800000,400000,' Approved'
3565,5,' Not Graduate',' No',5600000,13600000,4,449,5900000,5700000,18800000,4300000,' Rejected'
112,3,' Graduate',' Yes',7400000,18200000,14,302,5600000,3100000,17900000,5000000,' Rejected'
2496,3,' Graduate',' No',4700000,10800000,8,527,13300000,3100000,13600000,4800000,' Rejected'
2127,4,' Graduate',' No',5600000,20300000,20,596,5100000,10900000,12700000,7900000,' Approved'
3150,3,' Not Graduate',' No',7500000,25200000,8,316,1000000,800000,18300000,9000000,' Rejected'
2010,4,' Graduate',' No',700000,1800000,8,874,1600000,1000000,1300000,300000,' Approved'
23,4,' Graduate',' Yes',6500000,25700000,18,311,13100000,1700000,19500000,8500000,' Rejected'
2247,3,' Graduate',' Yes',3300000,10400000,12,816,7100000,6300000,11800000,4900000,' Approved'
1599,5,' Not Graduate',' Yes',3000000,6600000,16,462,5500000,3500000,9100000,3600000,' Rejected'
1045,3,' Graduate',' Yes',2400000,4800000,12,895,6800000,300000,7300000,3300000,' Approved'
923,1,' Graduate',' Yes',9200000,29200000,6,669,9900000,12900000,23400000,11700000,' Approved'
4245,3,' Not Graduate',' No',1800000,5600000,20,860,1900000,1700000,4300000,900000,' Approved'
284,3,' Graduate',' Yes',6800000,19900000,10,516,16000000,6000000,26000000,8500000,' Rejected'
1954,1,' Not Graduate',' No',4600000,15200000,4,593,13800000,3800000,11700000,3900000,' Approved'
1680,4,' Graduate',' No',1600000,5500000,10,577,400000,1200000,4100000,1400000,' Approved'
1120,0,' Not Graduate',' Yes',8100000,23800000,10,794,5400000,15500000,20700000,8800000,' Approved'
3119,2,' Not Graduate',' No',5800000,18600000,18,532,10900000,900000,12300000,6700000,' Rejected'
2402,5,' Not Graduate',' Yes',4100000,9600000,2,307,8800000,7800000,8500000,3100000,' Rejected'
1546,2,' Not Graduate',' Yes',8200000,27800000,16,827,11500000,8700000,26000000,10700000,' Approved'
361,1,' Not Graduate',' Yes',9900000,38400000,12,596,10000000,9300000,36500000,6800000,' Approved'
712,5,' Graduate',' No',9200000,29200000,16,383,17700000,13300000,30400000,5700000,' Rejected'
2353,3,' Graduate',' Yes',3000000,8300000,4,685,2900000,5400000,11300000,3800000,' Approved'
1936,0,' Not Graduate',' No',4500000,17100000,8,303,7400000,8200000,17400000,4200000,' Rejected'
3984,0,' Graduate',' No',7500000,15900000,2,535,17500000,5700000,23600000,4500000,' Rejected'
2829,4,' Graduate',' Yes',9200000,18600000,2,889,26900000,4200000,33300000,9700000,' Approved'
1073,1,' Not Graduate',' No',6200000,19500000,20,448,3300000,7100000,22400000,8000000,' Rejected'
569,4,' Not Graduate',' No',4500000,9800000,16,895,9800000,8200000,13900000,5500000,' Approved'
3386,4,' Graduate',' No',700000,2200000,6,680,300000,200000,2500000,300000,' Approved'
3642,3,' Graduate',' Yes',7200000,16500000,18,515,7800000,6300000,17300000,10600000,' Rejected'
1540,4,' Not Graduate',' Yes',1500000,4600000,6,524,3700000,2000000,5000000,1400000,' Rejected'
2361,5,' Not Graduate',' No',2200000,8100000,4,409,300000,0,4900000,2400000,' Rejected'
3147,5,' Graduate',' Yes',4200000,8500000,4,386,8700000,4600000,10500000,6000000,' Rejected'
2675,1,' Not Graduate',' Yes',2800000,6600000,18,801,4000000,4900000,7100000,3700000,' Approved'
439,5,' Not Graduate',' No',6500000,18500000,4,891,13600000,3300000,23600000,7100000,' Approved'
1774,2,' Graduate',' Yes',5500000,12400000,14,842,-100000,6800000,15800000,5800000,' Approved'
3543,1,' Graduate',' No',6500000,23400000,2,672,5000000,10400000,16700000,7600000,' Approved'
1979,0,' Not Graduate',' Yes',3900000,9600000,10,783,9900000,2100000,10900000,3900000,' Approved'
2608,4,' Not Graduate',' No',5400000,12600000,18,786,300000,2500000,21000000,6600000,' Approved'
3117,5,' Graduate',' Yes',3400000,9800000,8,559,3500000,2900000,8300000,2200000,' Approved'
2663,3,' Graduate',' No',4200000,12500000,20,375,1300000,5100000,10900000,2400000,' Rejected'
165,2,' Graduate',' Yes',8100000,22300000,18,737,22300000,12600000,27000000,7300000,' Approved'
157,2,' Graduate',' No',3000000,7700000,12,890,4700000,4300000,8400000,2100000,' Approved'
2020,0,' Not Graduate',' Yes',3300000,9600000,8,465,6100000,700000,9700000,2000000,' Rejected'
1076,2,' Not Graduate',' No',6300000,24500000,18,848,10200000,3500000,18200000,8200000,' Approved'
2795,3,' Graduate',' Yes',5800000,17600000,6,720,4900000,4200000,18800000,6600000,' Approved'
2009,5,' Graduate',' Yes',6800000,22600000,2,804,3500000,12500000,18200000,9900000,' Approved'
3310,1,' Not Graduate',' No',5800000,18700000,20,586,14100000,3000000,15600000,6000000,' Approved'
4074,3,' Graduate',' No',900000,2800000,10,560,2700000,300000,1900000,1300000,' Approved'
3883,1,' Graduate',' Yes',9700000,34300000,20,756,15700000,18500000,26800000,14100000,' Approved'
192,0,' Not Graduate',' No',3000000,6500000,2,612,8800000,3400000,6700000,1700000,' Approved'
767,3,' Graduate',' Yes',6100000,24200000,12,672,300000,11100000,23500000,5000000,' Approved'
3419,5,' Not Graduate',' No',3100000,12300000,18,805,4900000,1900000,6100000,2800000,' Approved'
1489,2,' Graduate',' No',2800000,11000000,16,525,8200000,1800000,5800000,2400000,' Rejected'
967,1,' Graduate',' No',4400000,10700000,18,324,2200000,3300000,12700000,5400000,' Rejected'
2938,1,' Not Graduate',' Yes',2200000,5400000,16,641,5900000,0,4800000,1200000,' Approved'
3152,3,' Graduate',' No',1400000,3200000,8,753,2200000,2000000,3600000,2000000,' Approved'
1452,4,' Not Graduate',' No',6600000,17300000,14,793,16700000,1400000,17500000,3900000,' Approved'
1932,3,' Graduate',' No',6300000,17000000,16,388,11700000,2100000,16100000,3200000,' Rejected'
2800,4,' Graduate',' No',7500000,28700000,20,520,4600000,3500000,15200000,5700000,' Rejected'
2421,1,' Not Graduate',' No',7800000,21300000,10,326,22800000,10700000,18500000,4500000,' Rejected'
3923,4,' Graduate',' Yes',1300000,3900000,16,566,700000,200000,3400000,1600000,' Approved'
3068,1,' Not Graduate',' No',2200000,5000000,2,755,1100000,2500000,6700000,3200000,' Approved'
2745,1,' Graduate',' No',9100000,34000000,12,672,8600000,1600000,32700000,8800000,' Approved'
2421,1,' Not Graduate',' No',7800000,21300000,10,326,22800000,10700000,18500000,4500000,' Rejected'
2815,5,' Graduate',' No',4100000,10200000,12,431,6200000,2200000,13700000,4300000,' Rejected'
3262,0,' Not Graduate',' Yes',2800000,6300000,12,647,4100000,0,8700000,2300000,' Approved'
2004,0,' Graduate',' No',6600000,13700000,20,747,3600000,2400000,23900000,6000000,' Approved'
2678,3,' Graduate',' Yes',3900000,14300000,18,785,10900000,7600000,13900000,4900000,' Approved'
408,4,' Not Graduate',' No',900000,3300000,10,649,0,400000,1800000,1200000,' Approved'
2461,5,' Graduate',' No',1100000,4000000,16,498,400000,100000,2300000,700000,' Rejected'
509,2,' Graduate',' Yes',4100000,11200000,6,442,12200000,4100000,10000000,4500000,' Rejected'
38,5,' Graduate',' Yes',8000000,27200000,6,348,6400000,300000,16700000,7100000,' Rejected'
166,0,' Not Graduate',' No',5700000,15900000,16,638,100000,9500000,16300000,4500000,' Approved'
4002,5,' Not Graduate',' No',9200000,28000000,8,527,18700000,7700000,24400000,6400000,' Rejected'
4269,1,' Graduate',' No',9200000,29700000,10,607,17800000,11800000,35700000,12000000,' Approved'
4183,1,' Not Graduate',' No',400000,1600000,16,784,800000,700000,700000,100000,' Approved'
2285,3,' Not Graduate',' No',9100000,19700000,20,437,6300000,13700000,23700000,12900000,' Rejected'
93,4,' Graduate',' No',3800000,8900000,4,844,9100000,3500000,13100000,4700000,' Approved'
1676,5,' Not Graduate',' No',7900000,29900000,6,568,5800000,13900000,15900000,8700000,' Approved'
3274,3,' Graduate',' Yes',4000000,8300000,8,531,3700000,7400000,15200000,5900000,' Rejected'
3099,5,' Graduate',' Yes',5300000,18200000,16,546,14600000,7900000,13400000,4000000,' Rejected'
1713,2,' Not Graduate',' Yes',3000000,7400000,10,712,5100000,1000000,11600000,3800000,' Approved'
3790,2,' Graduate',' No',9000000,35700000,12,339,15200000,8400000,19500000,9000000,' Rejected'
563,1,' Graduate',' Yes',7100000,15200000,8,389,5900000,900000,24300000,5900000,' Rejected'
3537,1,' Not Graduate',' No',6600000,19700000,12,758,16000000,4400000,18800000,9500000,' Approved'
3995,2,' Not Graduate',' Yes',7000000,22500000,12,632,12500000,4600000,20400000,4900000,' Approved'
2054,1,' Not Graduate',' Yes',2600000,6600000,20,765,2100000,200000,5200000,1300000,' Approved'
1948,2,' Graduate',' Yes',4800000,12900000,8,740,9300000,900000,11000000,3700000,' Approved'
2031,1,' Graduate',' No',1900000,6000000,20,540,1100000,1400000,4300000,1300000,' Rejected'
1083,1,' Graduate',' No',7500000,28300000,16,707,9700000,1100000,16300000,6700000,' Approved'
135,3,' Not Graduate',' No',1500000,5500000,16,717,2100000,800000,4400000,1300000,' Approved'
3537,1,' Not Graduate',' No',6600000,19700000,12,758,16000000,4400000,18800000,9500000,' Approved'
1495,1,' Graduate',' Yes',2200000,8700000,20,539,1000000,4000000,8200000,2600000,' Rejected'
672,4,' Graduate',' No',7200000,22900000,18,657,14600000,400000,17400000,8800000,' Approved'
2352,1,' Graduate',' No',9100000,26200000,8,727,20800000,7100000,27800000,8900000,' Approved'
2179,5,' Not Graduate',' No',7600000,27800000,2,753,18400000,12200000,16900000,8000000,' Approved'
862,1,' Not Graduate',' No',7600000,24600000,12,810,1300000,10500000,30300000,5200000,' Approved'
1561,5,' Not Graduate',' Yes',2500000,9600000,6,345,1900000,1900000,6800000,2600000,' Rejected'
427,2,' Graduate',' No',5500000,14800000,8,364,13000000,4500000,12600000,4500000,' Rejected'
1446,1,' Graduate',' Yes',1800000,4400000,8,689,3200000,2500000,3800000,1600000,' Approved'
2744,4,' Not Graduate',' Yes',2900000,8900000,18,827,400000,3400000,11200000,1600000,' Approved'
3913,1,' Graduate',' No',7100000,14300000,12,720,4600000,500000,27300000,8400000,' Approved'
3300,5,' Not Graduate',' No',5200000,11700000,6,658,8100000,5100000,11400000,5600000,' Approved'
1199,1,' Graduate',' Yes',8300000,16800000,2,366,22000000,6600000,27300000,4500000,' Rejected'
1648,4,' Not Graduate',' Yes',3200000,12800000,8,638,4300000,2600000,8000000,3800000,' Approved'
3144,1,' Graduate',' Yes',200000,400000,20,882,400000,100000,300000,0,' Approved'
2895,4,' Graduate',' Yes',4000000,8400000,8,717,7400000,4900000,11900000,4000000,' Approved'
4074,3,' Graduate',' No',900000,2800000,10,560,2700000,300000,1900000,1300000,' Approved'
994,2,' Graduate',' No',7600000,28300000,12,800,19700000,14800000,15600000,7800000,' Approved'
3245,3,' Not Graduate',' Yes',7100000,25400000,10,725,20600000,5300000,16000000,8600000,' Approved'
1259,1,' Not Graduate',' Yes',4400000,16600000,18,385,800000,5300000,13400000,5100000,' Rejected'
3594,2,' Graduate',' No',2200000,6800000,20,546,4600000,200000,4500000,2200000,' Rejected'
1275,1,' Graduate',' No',5000000,18800000,14,325,13100000,5700000,12800000,4300000,' Rejected'
792,4,' Graduate',' Yes',9300000,35500000,6,547,2800000,17800000,27000000,13900000,' Rejected'
3488,5,' Not Graduate',' No',6800000,18000000,12,690,17800000,11800000,25000000,9300000,' Approved'
1994,4,' Not Graduate',' Yes',9200000,28100000,12,760,23200000,9700000,22300000,12900000,' Approved'
426,0,' Graduate',' Yes',1100000,2800000,18,431,500000,300000,4300000,1400000,' Rejected'
1067,0,' Graduate',' No',6800000,20800000,20,819,16500000,11900000,26700000,8000000,' Approved'
1474,3,' Graduate',' Yes',400000,1100000,6,711,100000,300000,1400000,100000,' Approved'
1430,5,' Not Graduate',' No',6600000,25800000,10,670,4600000,7200000,20600000,8500000,' Approved'
2279,3,' Not Graduate',' Yes',5800000,13600000,12,321,1700000,3300000,22300000,3400000,' Rejected'
138,5,' Not Graduate',' Yes',2200000,6700000,6,382,4400000,1300000,8600000,1100000,' Rejected'
116,0,' Not Graduate',' Yes',3300000,10800000,12,797,600000,6000000,7700000,3300000,' Approved'
2367,4,' Graduate',' Yes',3900000,13300000,20,453,9800000,500000,12300000,4700000,' Rejected'
2555,4,' Not Graduate',' Yes',5000000,18000000,14,307,5300000,5600000,12800000,3300000,' Rejected'
1645,2,' Not Graduate',' Yes',2900000,10200000,10,315,8100000,400000,6500000,1600000,' Rejected'
607,4,' Graduate',' Yes',5400000,12700000,4,622,11000000,3300000,15100000,6500000,' Approved'
2220,3,' Graduate',' Yes',7800000,19600000,4,767,18100000,10500000,20500000,7700000,' Approved'
1923,5,' Not Graduate',' Yes',5300000,13700000,18,708,7600000,900000,19200000,5900000,' Approved'
177,4,' Not Graduate',' No',9200000,27200000,12,873,4500000,1800000,33800000,11400000,' Approved'
2995,4,' Not Graduate',' Yes',8600000,21400000,14,476,6200000,2700000,28000000,12800000,' Rejected'
4139,2,' Not Graduate',' No',5200000,16800000,18,369,5400000,8600000,17000000,6800000,' Rejected'
2441,4,' Graduate',' No',7600000,29800000,20,361,13800000,5800000,15300000,5900000,' Rejected'
3267,4,' Not Graduate',' Yes',2400000,9400000,2,871,3700000,300000,7100000,3500000,' Approved'
82,0,' Not Graduate',' No',8800000,31200000,4,826,2900000,500000,33300000,8600000,' Approved'
1673,5,' Graduate',' Yes',2000000,6300000,4,366,5300000,2200000,5400000,2800000,' Approved'
3638,0,' Graduate',' No',5700000,17200000,8,386,4200000,7100000,14400000,2900000,' Rejected'
204,2,' Graduate',' Yes',6900000,15600000,6,352,13000000,5300000,22600000,10000000,' Rejected'
3798,4,' Graduate',' Yes',9800000,29700000,4,373,11100000,5500000,37800000,10000000,' Approved'
3286,0,' Not Graduate',' Yes',9400000,35500000,16,592,9300000,11800000,30500000,5800000,' Approved'
3641,3,' Not Graduate',' Yes',7800000,17700000,6,876,15600000,15200000,25100000,10800000,' Approved'
3437,1,' Graduate',' No',3000000,9400000,4,622,600000,3500000,9600000,2000000,' Approved'
3483,2,' Not Graduate',' No',7000000,24200000,6,892,20600000,500000,21400000,9200000,' Approved'
3021,2,' Not Graduate',' Yes',1200000,4500000,10,555,100000,1100000,2700000,1400000,' Approved'
3000,3,' Graduate',' Yes',6800000,23900000,12,565,18800000,2800000,18800000,6700000,' Approved'
363,1,' Not Graduate',' Yes',9000000,32200000,16,468,4500000,16400000,28600000,10900000,' Rejected'
1965,3,' Graduate',' No',3800000,11800000,4,694,0,500000,8300000,5100000,' Approved'
202,2,' Not Graduate',' Yes',3800000,8900000,16,389,200000,5600000,12200000,2200000,' Rejected'
1559,4,' Not Graduate',' No',300000,1000000,10,819,700000,300000,900000,200000,' Approved'
1197,3,' Not Graduate',' No',2200000,6400000,20,667,6300000,3900000,8300000,2900000,' Approved'
61,2,' Not Graduate',' No',8500000,18900000,18,478,23800000,16300000,25900000,11400000,' Rejected'
125,3,' Graduate',' No',7000000,19500000,14,719,12200000,10300000,18200000,10200000,' Approved'
1849,2,' Graduate',' No',4600000,16100000,18,709,7100000,9000000,13800000,5400000,' Approved'
682,3,' Graduate',' No',600000,1100000,8,538,500000,800000,1400000,300000,' Rejected'
7,5,' Graduate',' No',8700000,33000000,4,678,22500000,14800000,29200000,4300000,' Approved'
3690,2,' Graduate',' No',3700000,13400000,16,393,6400000,600000,14200000,3500000,' Rejected'
125,3,' Graduate',' No',7000000,19500000,14,719,12200000,10300000,18200000,10200000,' Approved'
3454,1,' Graduate',' Yes',600000,1900000,8,445,1200000,100000,1600000,300000,' Rejected'
2067,5,' Not Graduate',' Yes',7600000,15400000,14,576,2300000,2800000,24500000,4700000,' Approved'
159,5,' Graduate',' Yes',700000,1300000,20,704,1600000,0,2200000,600000,' Approved'
674,1,' Not Graduate',' Yes',5800000,13900000,6,345,4000000,9300000,20900000,5500000,' Rejected'
3675,3,' Graduate',' Yes',5600000,12700000,12,395,8200000,9300000,22000000,6400000,' Rejected'
3419,5,' Not Graduate',' No',3100000,12300000,18,805,4900000,1900000,6100000,2800000,' Approved'
3647,0,' Graduate',' Yes',9000000,27800000,8,712,900000,6700000,24400000,5800000,' Approved'
890,2,' Not Graduate',' Yes',4800000,16500000,10,350,2000000,6500000,11400000,2900000,' Rejected'
2797,1,' Graduate',' No',3900000,8000000,6,448,100000,1900000,9800000,4000000,' Rejected'
1669,0,' Graduate',' No',2200000,6400000,4,854,900000,1600000,6500000,1300000,' Approved'
236,1,' Graduate',' Yes',6900000,23400000,4,481,18700000,1100000,23400000,10200000,' Approved'
3615,5,' Graduate',' No',2500000,6400000,16,590,3200000,3900000,5800000,3500000,' Approved'
624,3,' Not Graduate',' Yes',8500000,27700000,4,457,3600000,400000,18900000,5200000,' Approved'
4052,1,' Graduate',' Yes',6200000,19700000,18,820,11200000,3400000,15600000,4700000,' Approved'
2159,2,' Graduate',' No',2500000,8700000,4,684,0,600000,9700000,2600000,' Approved'
822,0,' Not Graduate',' Yes',2000000,5900000,12,900,3800000,2400000,7100000,3000000,' Approved'
2718,0,' Not Graduate',' No',9000000,28400000,4,612,0,7200000,26900000,13200000,' Approved'
3261,5,' Not Graduate',' Yes',1400000,5100000,4,348,2100000,900000,4000000,1300000,' Approved'
1795,2,' Graduate',' Yes',4100000,13500000,4,846,8900000,7800000,11400000,2400000,' Approved'
4089,4,' Graduate',' Yes',2100000,8200000,20,432,6000000,900000,5600000,1000000,' Rejected'
3423,1,' Not Graduate',' No',8100000,21900000,6,884,15100000,5400000,27500000,6600000,' Approved'
2886,0,' Not Graduate',' No',8000000,31000000,8,847,4900000,9500000,29600000,5700000,' Approved'
2312,5,' Graduate',' Yes',300000,700000,10,586,0,400000,1000000,100000,' Approved'
2435,0,' Not Graduate',' No',3900000,11300000,12,305,5000000,5900000,8800000,2100000,' Rejected'
3350,2,' Not Graduate',' No',4700000,14600000,20,597,8200000,6000000,14100000,6800000,' Approved'
2587,1,' Not Graduate',' Yes',9800000,36000000,12,629,28000000,4100000,29800000,11200000,' Approved'
1294,1,' Graduate',' Yes',3300000,10600000,14,742,300000,600000,8400000,4500000,' Approved'
1043,1,' Not Graduate',' Yes',3300000,10800000,2,550,6000000,3800000,11000000,4700000,' Approved'
835,5,' Graduate',' Yes',1400000,5000000,2,465,0,2600000,5300000,1500000,' Approved'
1363,2,' Not Graduate',' No',600000,1100000,10,800,1200000,200000,2300000,900000,' Approved'
2909,0,' Not Graduate',' No',5700000,21400000,8,340,3200000,1900000,17200000,3800000,' Rejected'
2083,5,' Graduate',' Yes',2400000,8900000,2,745,1700000,2000000,9200000,2100000,' Approved'
2051,4,' Not Graduate',' Yes',8100000,19400000,6,346,7800000,9300000,29300000,4500000,' Rejected'
3439,5,' Not Graduate',' Yes',6800000,19000000,8,865,9500000,7200000,25000000,6300000,' Approved'
717,3,' Graduate',' No',6800000,21200000,2,433,10700000,1900000,23200000,6300000,' Approved'
2179,5,' Not Graduate',' No',7600000,27800000,2,753,18400000,12200000,16900000,8000000,' Approved'
1057,5,' Not Graduate',' Yes',6500000,15800000,16,301,9200000,9900000,17400000,7100000,' Rejected'
3389,3,' Not Graduate',' No',6000000,18700000,10,387,6600000,6200000,23300000,6700000,' Rejected'
682,3,' Graduate',' No',600000,1100000,8,538,500000,800000,1400000,300000,' Rejected'
1682,1,' Not Graduate',' No',7800000,24900000,6,500,15300000,10000000,16500000,4500000,' Rejected'
243,5,' Graduate',' No',5700000,12900000,18,807,4100000,900000,18600000,5500000,' Approved'
898,4,' Graduate',' No',3700000,9000000,18,668,7800000,1600000,13400000,3100000,' Approved'
1786,4,' Not Graduate',' No',7200000,18900000,16,371,6600000,14100000,18900000,4900000,' Rejected'
730,0,' Graduate',' No',7100000,15900000,14,746,9500000,3900000,23500000,8000000,' Approved'
2784,5,' Graduate',' Yes',3400000,11300000,20,871,6500000,3900000,9700000,2400000,' Approved'
1551,2,' Not Graduate',' No',3200000,10500000,12,502,4300000,1500000,10000000,4500000,' Rejected'
2703,5,' Not Graduate',' Yes',9700000,29100000,18,732,4700000,7400000,35600000,12400000,' Approved'
2730,4,' Not Graduate',' No',8500000,24900000,2,405,1900000,400000,21700000,11400000,' Rejected'
2654,2,' Not Graduate',' No',4400000,14200000,18,799,6300000,7800000,10800000,2400000,' Approved'
4180,2,' Not Graduate',' No',1900000,4600000,12,587,3000000,1300000,4800000,1100000,' Approved'
4197,2,' Graduate',' Yes',7800000,28900000,14,646,1800000,1800000,17700000,11000000,' Approved'
2077,2,' Not Graduate',' No',1500000,4200000,16,771,2500000,800000,5700000,1100000,' Approved'
2247,3,' Graduate',' Yes',3300000,10400000,12,816,7100000,6300000,11800000,4900000,' Approved'
479,3,' Not Graduate',' Yes',3600000,8600000,8,790,5400000,5900000,9800000,5200000,' Approved'
831,0,' Graduate',' No',7300000,14500000,16,811,1000000,12400000,16100000,9600000,' Approved'
2145,5,' Not Graduate',' Yes',6600000,16000000,12,811,13100000,5000000,14700000,5000000,' Approved'
336,4,' Not Graduate',' Yes',5500000,20000000,14,593,15100000,2700000,19900000,4900000,' Approved'
3172,0,' Graduate',' No',8400000,19800000,16,674,500000,12200000,27400000,10700000,' Approved'
620,3,' Graduate',' No',8900000,25400000,8,588,19400000,12100000,18800000,4500000,' Approved'
2328,4,' Graduate',' Yes',6100000,21700000,6,860,13900000,900000,14100000,5600000,' Approved'
2269,2,' Graduate',' Yes',8800000,30800000,20,820,700000,4800000,25900000,12700000,' Approved'
48,1,' Graduate',' Yes',4900000,19100000,14,677,5400000,9100000,17700000,6500000,' Approved'
1033,4,' Graduate',' Yes',700000,2600000,18,478,600000,600000,2100000,300000,' Rejected'
4077,2,' Graduate',' No',1500000,4900000,16,387,-100000,2400000,3700000,1300000,' Rejected'
2744,4,' Not Graduate',' Yes',2900000,8900000,18,827,400000,3400000,11200000,1600000,' Approved'
1448,1,' Graduate',' Yes',9000000,22800000,10,412,0,15600000,32000000,4700000,' Rejected'
2945,0,' Not Graduate',' No',2100000,8200000,4,554,3900000,3800000,5900000,1700000,' Approved'
1016,2,' Graduate',' Yes',8600000,21600000,16,804,15400000,300000,26800000,7100000,' Approved'
299,5,' Graduate',' No',800000,2600000,6,560,100000,200000,3000000,1000000,' Approved'
157,2,' Graduate',' No',3000000,7700000,12,890,4700000,4300000,8400000,2100000,' Approved'
3832,3,' Graduate',' No',1400000,3500000,16,365,2600000,2200000,2900000,1600000,' Rejected'
1266,1,' Graduate',' No',8100000,28400000,6,744,20300000,10500000,21800000,7700000,' Approved'
112,3,' Graduate',' Yes',7400000,18200000,14,302,5600000,3100000,17900000,5000000,' Rejected'
1476,5,' Not Graduate',' No',9700000,28400000,4,494,5300000,12000000,24400000,10000000,' Rejected'
2313,2,' Graduate',' No',2200000,7000000,6,777,6100000,400000,4400000,3300000,' Approved'
929,1,' Not Graduate',' Yes',4000000,15600000,12,436,10400000,2800000,14800000,3200000,' Rejected'
3210,5,' Graduate',' No',700000,1800000,10,650,1300000,100000,1500000,300000,' Approved'
2125,5,' Graduate',' Yes',7100000,15500000,4,474,7600000,9000000,22400000,9400000,' Rejected'
1520,4,' Graduate',' Yes',7900000,21500000,16,497,2200000,5200000,23100000,7700000,' Rejected'
3035,0,' Graduate',' Yes',3100000,7100000,10,498,3800000,1100000,12200000,4300000,' Rejected'
3882,0,' Graduate',' Yes',5500000,17100000,8,353,400000,200000,17100000,5200000,' Rejected'
3708,3,' Graduate',' Yes',1700000,5800000,10,524,4100000,2900000,6600000,800000,' Rejected'
3065,5,' Graduate',' No',4400000,15800000,4,701,4100000,6300000,17100000,4100000,' Approved'
3292,5,' Not Graduate',' Yes',8400000,31900000,10,605,18900000,10300000,22000000,9100000,' Approved'
3875,2,' Graduate',' No',2900000,6600000,10,326,8600000,2200000,7400000,3400000,' Rejected'
2007,3,' Graduate',' No',8600000,23600000,4,324,13800000,3800000,28500000,4300000,' Rejected'
3882,0,' Graduate',' Yes',5500000,17100000,8,353,400000,200000,17100000,5200000,' Rejected'
2034,5,' Not Graduate',' Yes',3200000,11800000,16,565,8100000,2700000,9200000,1800000,' Approved'
2812,2,' Not Graduate',' No',4000000,8100000,16,312,3500000,2100000,15100000,3100000,' Rejected'
2907,2,' Graduate',' No',7500000,29800000,4,392,5500000,2200000,20800000,4000000,' Approved'
3620,4,' Graduate',' Yes',900000,2800000,2,660,1200000,1400000,2400000,900000,' Approved'
3127,5,' Graduate',' No',900000,2300000,16,590,1200000,1500000,2100000,900000,' Approved'
1423,3,' Graduate',' No',800000,2500000,12,828,1700000,0,1500000,700000,' Approved'
3894,3,' Graduate',' Yes',500000,900000,12,538,0,700000,1500000,300000,' Rejected'
1922,1,' Graduate',' Yes',7800000,16200000,2,335,4900000,7900000,28700000,6400000,' Rejected'
3580,2,' Not Graduate',' No',8900000,23100000,4,519,22800000,500000,25200000,4700000,' Rejected'
2309,0,' Graduate',' No',2700000,7400000,10,778,6800000,800000,5600000,2800000,' Approved'
216,3,' Graduate',' Yes',6900000,16400000,4,787,11100000,6100000,26400000,3800000,' Approved'
2047,1,' Graduate',' No',9700000,33900000,10,833,24600000,16200000,28300000,6600000,' Approved'
1113,1,' Graduate',' No',1600000,6300000,2,721,3000000,600000,5200000,900000,' Approved'
3575,2,' Not Graduate',' Yes',8700000,19900000,10,829,7500000,10500000,20200000,8400000,' Approved'
2502,4,' Graduate',' Yes',7200000,26000000,6,571,4700000,0,22600000,4200000,' Approved'
2644,4,' Graduate',' No',600000,1400000,4,507,200000,300000,1700000,400000,' Rejected'
2843,1,' Not Graduate',' No',3500000,10900000,4,524,8800000,6200000,13600000,2800000,' Approved'
3249,0,' Graduate',' No',5400000,18400000,8,625,12100000,3000000,13000000,4800000,' Approved'
1122,0,' Not Graduate',' No',200000,500000,20,615,500000,200000,600000,200000,' Approved'
2800,4,' Graduate',' No',7500000,28700000,20,520,4600000,3500000,15200000,5700000,' Rejected'
3201,3,' Not Graduate',' Yes',8400000,20500000,12,796,22900000,10500000,17600000,11200000,' Approved'
2470,3,' Not Graduate',' No',2000000,4700000,14,673,800000,3400000,5900000,1500000,' Approved'
1606,3,' Not Graduate',' Yes',8800000,26200000,20,865,19300000,9800000,27700000,12500000,' Approved'
2948,1,' Not Graduate',' Yes',3400000,9700000,20,830,3500000,6400000,10300000,4800000,' Approved'
2724,3,' Graduate',' Yes',7700000,18100000,20,736,7800000,14500000,29100000,10000000,' Approved'
449,4,' Graduate',' No',4700000,15700000,4,868,3300000,2500000,13800000,4800000,' Approved'
361,1,' Not Graduate',' Yes',9900000,38400000,12,596,10000000,9300000,36500000,6800000,' Approved'
711,0,' Graduate',' Yes',6900000,18600000,10,330,19600000,9400000,16400000,4500000,' Rejected'
831,0,' Graduate',' No',7300000,14500000,16,811,1000000,12400000,16100000,9600000,' Approved'
1434,3,' Not Graduate',' No',6500000,16500000,4,551,5300000,800000,18500000,7600000,' Approved'
1753,5,' Not Graduate',' Yes',5400000,18800000,20,326,9700000,10100000,14800000,3200000,' Rejected'
3735,5,' Graduate',' No',2100000,7300000,18,358,3700000,3200000,7200000,2200000,' Rejected'
3189,5,' Graduate',' Yes',7100000,20100000,4,700,16900000,2900000,15600000,4500000,' Approved'
2908,5,' Not Graduate',' No',7700000,20300000,12,806,21300000,13300000,18900000,9600000,' Approved'
1305,2,' Graduate',' Yes',9400000,24800000,14,513,24200000,18200000,37200000,7500000,' Rejected'
2655,5,' Graduate',' No',5300000,19400000,6,510,14700000,7000000,13600000,3700000,' Rejected'
2059,2,' Not Graduate',' Yes',6600000,17000000,2,457,100000,1800000,23300000,6700000,' Rejected'
3951,4,' Not Graduate',' No',4400000,17200000,4,563,4100000,3700000,12700000,2900000,' Approved'
1864,3,' Not Graduate',' Yes',6000000,16000000,12,606,2600000,11600000,19300000,7800000,' Approved'
1654,3,' Not Graduate',' Yes',6400000,23500000,12,684,17200000,10300000,25300000,7400000,' Approved'
1491,0,' Not Graduate',' No',7000000,25300000,14,697,15100000,10400000,14300000,6700000,' Approved'
3439,5,' Not Graduate',' Yes',6800000,19000000,8,865,9500000,7200000,25000000,6300000,' Approved'
30,3,' Not Graduate',' Yes',9000000,31500000,10,850,21800000,12400000,33700000,8000000,' Approved'
2591,0,' Not Graduate',' Yes',3700000,11300000,6,538,6200000,400000,10400000,5400000,' Rejected'
1109,4,' Graduate',' No',8100000,19000000,6,375,4100000,14500000,19100000,11900000,' Rejected'
217,2,' Graduate',' No',2600000,7800000,4,819,3100000,4300000,5700000,1500000,' Approved'
1363,2,' Not Graduate',' No',600000,1100000,10,800,1200000,200000,2300000,900000,' Approved'
659,5,' Not Graduate',' No',5600000,17600000,14,448,6700000,3500000,18900000,6800000,' Rejected'
2387,0,' Not Graduate',' Yes',5000000,17000000,6,624,6700000,6200000,15400000,5900000,' Approved'
3722,5,' Graduate',' Yes',500000,1500000,4,476,200000,200000,1100000,700000,' Approved'
3244,1,' Not Graduate',' No',8800000,30200000,18,897,17100000,7900000,28700000,11100000,' Approved'
2660,0,' Not Graduate',' Yes',8400000,27200000,10,514,2500000,6400000,20100000,7200000,' Rejected'
981,3,' Graduate',' No',3200000,6900000,20,735,1500000,3700000,9200000,3100000,' Approved'
2448,2,' Graduate',' Yes',4800000,17500000,20,381,400000,6900000,13400000,7000000,' Rejected'
2338,1,' Graduate',' No',5700000,15500000,8,544,10500000,8700000,20900000,7000000,' Rejected'
2229,3,' Graduate',' No',3300000,11100000,2,660,6500000,3700000,12300000,4500000,' Approved'
3277,0,' Graduate',' No',4600000,18100000,14,442,2800000,200000,15600000,3300000,' Rejected'
2863,4,' Graduate',' No',9900000,30000000,18,496,10400000,8000000,29300000,13800000,' Rejected'
1278,3,' Not Graduate',' Yes',9400000,21400000,10,323,5100000,15500000,29600000,11300000,' Rejected'
2059,2,' Not Graduate',' Yes',6600000,17000000,2,457,100000,1800000,23300000,6700000,' Rejected'
846,1,' Graduate',' Yes',600000,1800000,8,799,1000000,700000,2200000,800000,' Approved'
1917,4,' Not Graduate',' No',1600000,6200000,18,554,3200000,800000,5500000,1100000,' Approved'
1135,2,' Not Graduate',' No',1600000,5200000,16,525,300000,2900000,5600000,1600000,' Rejected'
3337,2,' Graduate',' Yes',9400000,22700000,14,505,4000000,16900000,24700000,11500000,' Rejected'
3538,2,' Graduate',' Yes',8300000,30100000,16,636,5200000,5100000,33100000,7200000,' Approved'
481,4,' Not Graduate',' No',8300000,30700000,6,381,21700000,2300000,26700000,4600000,' Rejected'
317,2,' Not Graduate',' Yes',2400000,4900000,4,888,6400000,4300000,5100000,3400000,' Approved'
119,0,' Not Graduate',' No',7200000,15800000,12,379,12700000,12200000,21500000,3600000,' Rejected'
1361,4,' Not Graduate',' Yes',8700000,30000000,4,370,17600000,15600000,34600000,12100000,' Approved'
604,4,' Not Graduate',' Yes',5600000,17500000,10,528,14200000,2300000,12100000,7200000,' Rejected'
1439,1,' Not Graduate',' No',8000000,27800000,6,667,6000000,12600000,22500000,9900000,' Approved'
3897,0,' Graduate',' Yes',4000000,14500000,2,713,6200000,4900000,12200000,4700000,' Approved'
946,5,' Not Graduate',' Yes',7600000,18700000,14,509,8500000,8500000,22200000,3700000,' Rejected'
21,2,' Graduate',' No',5000000,19400000,12,315,9500000,1600000,18000000,6100000,' Rejected'
341,2,' Not Graduate',' No',6800000,23500000,12,341,19300000,11800000,14300000,8500000,' Rejected'
4154,1,' Graduate',' No',7700000,17100000,14,603,11100000,12100000,30300000,7100000,' Approved'
2301,1,' Graduate',' No',9800000,26900000,18,792,15900000,14100000,25200000,11900000,' Approved'
2432,4,' Graduate',' No',7800000,28600000,2,703,500000,12400000,29500000,10500000,' Approved'
192,0,' Not Graduate',' No',3000000,6500000,2,612,8800000,3400000,6700000,1700000,' Approved'
1781,5,' Graduate',' Yes',2400000,8200000,10,709,2100000,3700000,8800000,2800000,' Approved'
794,2,' Not Graduate',' No',5900000,20800000,14,530,7100000,5800000,13100000,8800000,' Rejected'
3361,5,' Not Graduate',' No',8300000,20700000,2,537,8400000,14300000,19700000,7800000,' Rejected'
3198,5,' Not Graduate',' Yes',9400000,23100000,6,762,12400000,10200000,22300000,6600000,' Approved'
1048,2,' Graduate',' No',3300000,11800000,4,393,5700000,3700000,6800000,2600000,' Approved'
3102,1,' Not Graduate',' Yes',1600000,4400000,4,364,2500000,700000,4300000,2400000,' Rejected'
144,4,' Not Graduate',' No',6600000,17400000,20,506,2600000,10000000,25900000,7200000,' Rejected'
434,0,' Graduate',' Yes',6300000,21500000,8,629,600000,3400000,22000000,5200000,' Approved'
635,1,' Not Graduate',' No',8400000,29900000,16,476,16100000,2400000,32700000,7500000,' Rejected'
2469,1,' Graduate',' No',2000000,5000000,6,876,500000,2900000,5800000,1500000,' Approved'
2523,0,' Not Graduate',' Yes',8200000,28800000,4,619,9000000,1100000,23000000,6300000,' Approved'
882,2,' Graduate',' No',2500000,8200000,10,429,1500000,4100000,5900000,2200000,' Rejected'
3625,1,' Not Graduate',' Yes',800000,2600000,2,439,600000,0,1800000,400000,' Approved'
863,2,' Not Graduate',' No',4800000,10600000,8,588,3700000,5200000,15000000,4500000,' Approved'
3228,0,' Not Graduate',' No',2500000,7100000,10,590,4000000,800000,6100000,2600000,' Approved'
2854,2,' Graduate',' No',4900000,16000000,12,710,8700000,7100000,10000000,5700000,' Approved'
2207,0,' Not Graduate',' Yes',700000,2000000,18,650,400000,1300000,2800000,500000,' Approved'
1635,0,' Graduate',' Yes',9800000,38700000,2,611,6600000,10400000,33000000,6000000,' Approved'
2309,0,' Graduate',' No',2700000,7400000,10,778,6800000,800000,5600000,2800000,' Approved'
3556,4,' Graduate',' No',3200000,11600000,6,635,3300000,4600000,6500000,3900000,' Approved'
2773,3,' Graduate',' Yes',6600000,16000000,10,510,1200000,4800000,13300000,6300000,' Rejected'
2522,1,' Graduate',' Yes',3500000,8100000,10,626,7100000,5500000,7200000,2900000,' Approved'
2764,3,' Not Graduate',' Yes',4600000,13600000,20,729,1300000,8900000,17200000,5900000,' Approved'
1916,0,' Graduate',' Yes',9400000,30700000,10,477,17400000,900000,27500000,6200000,' Rejected'
3245,3,' Not Graduate',' Yes',7100000,25400000,10,725,20600000,5300000,16000000,8600000,' Approved'
657,0,' Graduate',' Yes',3700000,8500000,8,424,1900000,5600000,14800000,4100000,' Rejected'
3504,5,' Graduate',' Yes',1000000,3500000,18,882,900000,500000,2900000,600000,' Approved'
4183,1,' Not Graduate',' No',400000,1600000,16,784,800000,700000,700000,100000,' Approved'
1049,3,' Graduate',' No',9800000,30300000,2,612,10700000,4600000,32100000,5600000,' Approved'
1921,4,' Not Graduate',' No',500000,1300000,6,809,200000,300000,900000,500000,' Approved'
1477,2,' Graduate',' Yes',5400000,10900000,14,741,1300000,6000000,20400000,5600000,' Approved'
2912,3,' Graduate',' No',8900000,21300000,10,467,18700000,2600000,31800000,8800000,' Rejected'
3878,2,' Graduate',' Yes',3100000,10700000,4,398,3100000,3000000,7400000,2000000,' Approved'
1337,4,' Graduate',' No',5500000,21200000,20,359,4200000,5300000,18600000,6400000,' Rejected'
377,5,' Graduate',' Yes',7700000,16800000,20,584,8600000,4800000,23400000,8000000,' Approved'
833,3,' Graduate',' No',6200000,16700000,10,880,15800000,8200000,20100000,9100000,' Approved'
481,4,' Not Graduate',' No',8300000,30700000,6,381,21700000,2300000,26700000,4600000,' Rejected'
60,4,' Not Graduate',' Yes',5500000,18200000,16,797,-100000,4900000,18600000,4800000,' Approved'
3842,5,' Graduate',' Yes',1700000,6500000,14,587,1100000,1000000,6400000,1500000,' Approved'
41,1,' Graduate',' No',7800000,18100000,2,712,8600000,11200000,21700000,9000000,' Approved'
593,5,' Graduate',' No',800000,2200000,6,493,900000,500000,2800000,1000000,' Rejected'
1145,1,' Not Graduate',' No',8400000,24600000,14,817,1800000,13100000,31300000,8200000,' Approved'
1185,2,' Not Graduate',' No',8800000,19000000,14,637,13700000,13900000,27100000,6100000,' Approved'
3599,3,' Graduate',' Yes',1500000,5800000,18,420,800000,1900000,4100000,1400000,' Rejected'
3711,5,' Not Graduate',' Yes',4500000,12700000,8,307,11000000,3800000,12600000,2700000,' Rejected'
319,4,' Graduate',' No',3700000,13200000,4,802,9800000,2400000,12500000,4300000,' Approved'
4131,0,' Not Graduate',' Yes',6200000,14900000,8,855,-100000,7200000,14200000,8200000,' Approved'
1106,4,' Not Graduate',' Yes',8000000,19200000,18,682,2500000,8900000,19000000,5300000,' Approved'
117,4,' Not Graduate',' Yes',5800000,23200000,18,456,16100000,4200000,22600000,7500000,' Rejected'
4018,3,' Graduate',' Yes',2200000,4400000,2,861,1300000,2600000,4500000,2300000,' Approved'
2312,5,' Graduate',' Yes',300000,700000,10,586,0,400000,1000000,100000,' Approved'
36,2,' Graduate',' Yes',1700000,3400000,8,691,2700000,2800000,6000000,900000,' Approved'
1881,3,' Not Graduate',' No',3700000,10900000,16,301,7800000,2300000,9600000,3400000,' Rejected'
4137,4,' Graduate',' Yes',7100000,18200000,4,790,2500000,2200000,25500000,9600000,' Approved'
1857,4,' Not Graduate',' No',3200000,10600000,16,693,7800000,4900000,10400000,1800000,' Approved'
3905,1,' Graduate',' No',2600000,7200000,8,349,5900000,1400000,9400000,3000000,' Rejected'
4015,0,' Not Graduate',' No',4600000,14400000,14,642,10100000,8700000,11100000,4800000,' Approved'
107,4,' Not Graduate',' Yes',9000000,18100000,12,764,600000,16500000,20800000,11600000,' Approved'
529,2,' Graduate',' Yes',7200000,23900000,4,559,4200000,12200000,17800000,10800000,' Approved'
4131,0,' Not Graduate',' Yes',6200000,14900000,8,855,-100000,7200000,14200000,8200000,' Approved'
2050,5,' Not Graduate',' Yes',9400000,23200000,14,885,16900000,1200000,34900000,4700000,' Approved'
4123,3,' Graduate',' No',7800000,21800000,8,517,7700000,5100000,19500000,9100000,' Rejected'
744,5,' Graduate',' Yes',5800000,16600000,18,376,2500000,7500000,21100000,2800000,' Rejected'
2313,2,' Graduate',' No',2200000,7000000,6,777,6100000,400000,4400000,3300000,' Approved'
444,2,' Graduate',' No',7700000,16700000,6,555,12900000,2900000,18100000,8500000,' Approved'
3905,1,' Graduate',' No',2600000,7200000,8,349,5900000,1400000,9400000,3000000,' Rejected'
3878,2,' Graduate',' Yes',3100000,10700000,4,398,3100000,3000000,7400000,2000000,' Approved'
1875,4,' Not Graduate',' No',7500000,21900000,2,585,6800000,12200000,27500000,8100000,' Approved'
1516,3,' Graduate',' No',9700000,37800000,12,700,13400000,6100000,25800000,11900000,' Approved'
3250,2,' Graduate',' No',4200000,16800000,4,771,6500000,4500000,10500000,5800000,' Approved'
3809,5,' Graduate',' No',9200000,34800000,12,802,22000000,11000000,19800000,12500000,' Approved'
3922,3,' Graduate',' Yes',9000000,33100000,16,456,23800000,7000000,26000000,7100000,' Rejected'
2234,1,' Graduate',' Yes',7500000,21400000,20,655,13000000,10300000,28100000,8100000,' Approved'
835,5,' Graduate',' Yes',1400000,5000000,2,465,0,2600000,5300000,1500000,' Approved'
3152,3,' Graduate',' No',1400000,3200000,8,753,2200000,2000000,3600000,2000000,' Approved'
2545,0,' Not Graduate',' No',3900000,14600000,2,730,9200000,4000000,14600000,5400000,' Approved'
306,0,' Not Graduate',' No',7500000,18200000,6,782,7400000,12000000,19800000,4100000,' Approved'
2121,3,' Not Graduate',' Yes',3200000,7200000,6,728,4800000,2000000,8000000,4600000,' Approved'
24,0,' Not Graduate',' Yes',500000,1400000,2,551,900000,600000,1100000,300000,' Approved'
44,2,' Graduate',' Yes',800000,2300000,12,342,2200000,1300000,1800000,800000,' Rejected'
620,3,' Graduate',' No',8900000,25400000,8,588,19400000,12100000,18800000,4500000,' Approved'
883,4,' Graduate',' No',500000,1300000,8,471,500000,300000,1500000,700000,' Rejected'
3462,1,' Graduate',' Yes',4200000,11300000,4,704,4700000,2800000,14900000,4000000,' Approved'
1521,0,' Graduate',' No',1400000,2700000,2,649,2600000,1000000,5500000,1100000,' Approved'
3498,0,' Not Graduate',' Yes',6000000,22700000,10,480,200000,11900000,13700000,8700000,' Rejected'
3272,3,' Not Graduate',' Yes',5800000,14100000,12,738,11700000,4400000,15400000,8400000,' Approved'
2666,0,' Not Graduate',' Yes',9300000,32000000,8,438,24800000,6400000,34900000,12400000,' Rejected'
3433,0,' Not Graduate',' No',4800000,15700000,10,398,4900000,7400000,17100000,6400000,' Rejected'
3535,2,' Not Graduate',' Yes',1300000,4900000,8,582,2100000,1800000,3400000,1700000,' Approved'
3210,5,' Graduate',' No',700000,1800000,10,650,1300000,100000,1500000,300000,' Approved'
898,4,' Graduate',' No',3700000,9000000,18,668,7800000,1600000,13400000,3100000,' Approved'
1948,2,' Graduate',' Yes',4800000,12900000,8,740,9300000,900000,11000000,3700000,' Approved'
898,4,' Graduate',' No',3700000,9000000,18,668,7800000,1600000,13400000,3100000,' Approved'
3407,5,' Not Graduate',' Yes',800000,2200000,14,574,2200000,1200000,1700000,1100000,' Approved'
2113,5,' Graduate',' Yes',9200000,28800000,20,618,14300000,10800000,33900000,10600000,' Approved'
4137,4,' Graduate',' Yes',7100000,18200000,4,790,2500000,2200000,25500000,9600000,' Approved'
707,3,' Graduate',' No',7000000,18900000,2,691,6300000,7400000,15200000,3900000,' Approved'
3859,5,' Graduate',' Yes',2800000,10900000,6,359,5000000,3300000,7600000,3000000,' Rejected'
1174,2,' Graduate',' No',5900000,14000000,8,599,4700000,9500000,17800000,6700000,' Approved'
3647,0,' Graduate',' Yes',9000000,27800000,8,712,900000,6700000,24400000,5800000,' Approved'
4128,2,' Graduate',' No',5300000,13200000,10,500,4700000,9800000,20400000,2900000,' Rejected'
2011,2,' Not Graduate',' Yes',3800000,10000000,12,516,2400000,4200000,14200000,5100000,' Rejected'
1566,2,' Not Graduate',' Yes',3500000,13300000,4,420,6400000,1700000,8000000,2300000,' Approved'
672,4,' Graduate',' No',7200000,22900000,18,657,14600000,400000,17400000,8800000,' Approved'
1388,5,' Not Graduate',' Yes',9400000,26600000,20,771,10200000,12600000,36900000,11700000,' Approved'
1687,5,' Graduate',' No',3200000,8700000,16,558,2600000,2500000,9100000,1800000,' Approved'
2271,3,' Graduate',' No',7200000,27900000,12,473,21100000,8800000,27800000,8700000,' Rejected'
3929,2,' Graduate',' No',6400000,16500000,8,544,12100000,6300000,15200000,5400000,' Rejected'
2829,4,' Graduate',' Yes',9200000,18600000,2,889,26900000,4200000,33300000,9700000,' Approved'
231,1,' Graduate',' Yes',4000000,10900000,14,598,3600000,6600000,13600000,4400000,' Approved'
3395,1,' Not Graduate',' No',4200000,10700000,6,466,7400000,7000000,14000000,4700000,' Rejected'
2333,3,' Graduate',' Yes',7700000,23100000,8,807,2900000,9800000,20400000,7000000,' Approved'
1183,0,' Graduate',' Yes',6400000,21900000,12,727,15400000,10100000,24000000,5300000,' Approved'
565,5,' Graduate',' No',2000000,6100000,2,407,1900000,1900000,4600000,2000000,' Approved'
202,2,' Not Graduate',' Yes',3800000,8900000,16,389,200000,5600000,12200000,2200000,' Rejected'
1606,3,' Not Graduate',' Yes',8800000,26200000,20,865,19300000,9800000,27700000,12500000,' Approved'
1556,3,' Graduate',' No',200000,800000,18,752,200000,200000,300000,200000,' Approved'
2461,5,' Graduate',' No',1100000,4000000,16,498,400000,100000,2300000,700000,' Rejected'
512,2,' Graduate',' No',5500000,19000000,4,597,1100000,4000000,18700000,5300000,' Approved'
3575,2,' Not Graduate',' Yes',8700000,19900000,10,829,7500000,10500000,20200000,8400000,' Approved'
2228,5,' Not Graduate',' No',5200000,13700000,16,531,8800000,4500000,15700000,2900000,' Rejected'
890,2,' Not Graduate',' Yes',4800000,16500000,10,350,2000000,6500000,11400000,2900000,' Rejected'
2917,3,' Not Graduate',' Yes',500000,1700000,4,824,500000,600000,1400000,400000,' Approved'
3576,4,' Not Graduate',' No',7400000,15400000,6,677,22000000,13500000,28900000,7400000,' Approved'
1765,2,' Not Graduate',' Yes',600000,1100000,8,885,700000,0,1200000,300000,' Approved'
4229,1,' Graduate',' Yes',3200000,9300000,6,483,6700000,1900000,7800000,3600000,' Rejected'
180,5,' Graduate',' No',3800000,13900000,12,534,4700000,2900000,8200000,2800000,' Rejected'
527,0,' Not Graduate',' No',2400000,5000000,14,580,5900000,4400000,5500000,3200000,' Approved'
3809,5,' Graduate',' No',9200000,34800000,12,802,22000000,11000000,19800000,12500000,' Approved'
896,0,' Graduate',' No',9400000,27900000,6,456,21400000,18500000,35600000,7800000,' Rejected'
1855,5,' Not Graduate',' No',900000,3100000,20,834,1000000,900000,2100000,1300000,' Approved'
2815,5,' Graduate',' No',4100000,10200000,12,431,6200000,2200000,13700000,4300000,' Rejected'
355,4,' Not Graduate',' No',7900000,17200000,14,318,14200000,9500000,23200000,9000000,' Rejected'
1079,5,' Not Graduate',' Yes',9800000,37900000,18,301,6700000,4900000,34300000,6200000,' Rejected'
3359,5,' Graduate',' No',200000,400000,6,722,300000,300000,400000,100000,' Approved'
1133,2,' Not Graduate',' No',3500000,14000000,2,355,8700000,1600000,11800000,2900000,' Approved'
1941,0,' Graduate',' No',8600000,29000000,18,481,21200000,2600000,27700000,5400000,' Rejected'
3485,5,' Graduate',' No',7900000,17700000,2,559,19700000,2800000,28900000,5400000,' Approved'
3940,5,' Graduate',' No',4200000,12500000,18,723,1200000,300000,12900000,6100000,' Approved'
2445,5,' Not Graduate',' Yes',5800000,12400000,6,847,5100000,9000000,14100000,7600000,' Approved'
3389,3,' Not Graduate',' No',6000000,18700000,10,387,6600000,6200000,23300000,6700000,' Rejected'
1176,3,' Graduate',' Yes',7700000,16200000,6,380,11500000,15100000,22500000,6400000,' Rejected'
1650,2,' Not Graduate',' Yes',1300000,3200000,4,810,3800000,2100000,4300000,800000,' Approved'
2492,3,' Graduate',' No',3900000,10700000,6,790,10600000,1900000,12500000,2700000,' Approved'
2018,1,' Graduate',' Yes',7400000,29500000,16,323,10000000,4400000,29400000,8100000,' Rejected'
3281,1,' Graduate',' No',7400000,26600000,18,505,2200000,2400000,22400000,3900000,' Rejected'
2458,1,' Graduate',' Yes',2100000,4300000,20,896,100000,2300000,7500000,2300000,' Approved'
2071,5,' Graduate',' No',8900000,35500000,16,480,17200000,11300000,25200000,4900000,' Rejected'
1167,1,' Not Graduate',' Yes',7800000,27200000,16,454,16100000,3400000,17100000,11400000,' Rejected'
474,5,' Graduate',' Yes',8200000,23500000,12,402,15100000,1500000,24300000,5800000,' Rejected'
2635,5,' Graduate',' No',5300000,20500000,16,802,11200000,7100000,21100000,4100000,' Approved'
3320,1,' Not Graduate',' No',4800000,14300000,4,489,12400000,7900000,17700000,3600000,' Rejected'
3370,1,' Graduate',' Yes',800000,2500000,4,409,1300000,1000000,3100000,900000,' Approved'
3688,2,' Not Graduate',' Yes',2100000,4500000,18,591,2500000,500000,5500000,1500000,' Approved'
157,2,' Graduate',' No',3000000,7700000,12,890,4700000,4300000,8400000,2100000,' Approved'
761,3,' Not Graduate',' Yes',8900000,21000000,14,815,200000,10800000,21600000,6400000,' Approved'
3189,5,' Graduate',' Yes',7100000,20100000,4,700,16900000,2900000,15600000,4500000,' Approved'
659,5,' Not Graduate',' No',5600000,17600000,14,448,6700000,3500000,18900000,6800000,' Rejected'
524,4,' Not Graduate',' Yes',7100000,27900000,10,328,9000000,13400000,26500000,7700000,' Rejected'
3126,0,' Graduate',' Yes',3300000,9700000,14,356,9800000,4800000,9400000,1900000,' Rejected'
454,0,' Graduate',' No',6800000,27000000,4,429,17100000,7600000,21400000,9400000,' Approved'
1795,2,' Graduate',' Yes',4100000,13500000,4,846,8900000,7800000,11400000,2400000,' Approved'
1838,5,' Not Graduate',' Yes',4400000,12500000,6,740,8200000,2300000,9900000,5400000,' Approved'
862,1,' Not Graduate',' No',7600000,24600000,12,810,1300000,10500000,30300000,5200000,' Approved'
1283,2,' Graduate',' No',9800000,25400000,2,655,19900000,4600000,21300000,7900000,' Approved'
3637,0,' Graduate',' No',6600000,15200000,18,497,1500000,6900000,14500000,9300000,' Rejected'
526,0,' Graduate',' Yes',6900000,17000000,20,599,18100000,9400000,26600000,4300000,' Approved'
1060,0,' Graduate',' No',4300000,16900000,18,469,200000,5800000,12000000,6200000,' Rejected'
3463,0,' Graduate',' No',6500000,20200000,16,842,8300000,12200000,14300000,9600000,' Approved'
2813,1,' Not Graduate',' Yes',8100000,30900000,12,464,13600000,9800000,17900000,7500000,' Rejected'
4123,3,' Graduate',' No',7800000,21800000,8,517,7700000,5100000,19500000,9100000,' Rejected'
2147,3,' Not Graduate',' No',7400000,23400000,16,700,19300000,3000000,20700000,8900000,' Approved'
522,3,' Not Graduate',' No',8300000,24100000,14,823,5900000,700000,24000000,7700000,' Approved'
2312,5,' Graduate',' Yes',300000,700000,10,586,0,400000,1000000,100000,' Approved'
3042,3,' Not Graduate',' No',8900000,35200000,10,894,17100000,5600000,27700000,9800000,' Approved'
2759,2,' Graduate',' Yes',2300000,5500000,16,629,4600000,2900000,7000000,1900000,' Approved'
672,4,' Graduate',' No',7200000,22900000,18,657,14600000,400000,17400000,8800000,' Approved'
481,4,' Not Graduate',' No',8300000,30700000,6,381,21700000,2300000,26700000,4600000,' Rejected'
1065,0,' Not Graduate',' Yes',5600000,19100000,14,875,16700000,4700000,15100000,7700000,' Approved'
1433,2,' Not Graduate',' Yes',2900000,7800000,18,588,400000,100000,11600000,4200000,' Approved'
3047,2,' Not Graduate',' Yes',5000000,14600000,10,808,4400000,3500000,17300000,3100000,' Approved'
806,2,' Graduate',' No',8400000,23100000,6,689,5700000,2500000,18900000,11900000,' Approved'
819,2,' Not Graduate',' No',6500000,14100000,2,709,1000000,12700000,20900000,4000000,' Approved'
580,1,' Graduate',' No',2900000,10900000,20,445,6600000,2800000,9300000,2600000,' Rejected'
1792,3,' Not Graduate',' Yes',1800000,5300000,14,440,2000000,100000,3700000,1000000,' Rejected'
2464,2,' Not Graduate',' No',5000000,12400000,8,709,11300000,6800000,13300000,4200000,' Approved'
3121,5,' Not Graduate',' No',8300000,23100000,4,459,5500000,14300000,28400000,5500000,' Rejected'
921,4,' Graduate',' Yes',8900000,20700000,6,684,1100000,9200000,20400000,6700000,' Approved'
195,5,' Not Graduate',' No',6400000,18300000,8,697,10000000,3600000,22500000,3600000,' Approved'
3811,4,' Graduate',' No',5100000,18800000,10,694,6400000,5300000,13500000,4100000,' Approved'
3463,0,' Graduate',' No',6500000,20200000,16,842,8300000,12200000,14300000,9600000,' Approved'
1889,3,' Graduate',' Yes',4200000,15400000,8,362,9900000,5300000,15500000,5600000,' Rejected'
3832,3,' Graduate',' No',1400000,3500000,16,365,2600000,2200000,2900000,1600000,' Rejected'
2556,2,' Graduate',' No',1800000,5700000,14,502,1400000,1100000,4400000,1300000,' Rejected'
1980,0,' Graduate',' No',8300000,31400000,18,558,13300000,2900000,25900000,6300000,' Approved'
1555,3,' Not Graduate',' Yes',4500000,13100000,12,570,10500000,2000000,10100000,5800000,' Approved'
548,5,' Graduate',' No',9800000,37600000,18,319,19200000,5100000,19900000,5100000,' Rejected'
2617,2,' Not Graduate',' No',7600000,16700000,20,692,9900000,9600000,25100000,7400000,' Approved'
541,3,' Not Graduate',' Yes',1000000,3200000,14,790,1900000,100000,3600000,1100000,' Approved'
3208,4,' Graduate',' Yes',3200000,11500000,20,864,8700000,5000000,12100000,4100000,' Approved'
3050,2,' Graduate',' Yes',7000000,14900000,20,495,9900000,8800000,14000000,10200000,' Rejected'
2929,5,' Graduate',' Yes',4100000,15500000,10,836,10500000,1100000,15200000,3600000,' Approved'
3032,1,' Not Graduate',' Yes',7600000,18800000,14,403,20900000,4700000,24700000,10000000,' Rejected'
154,2,' Not Graduate',' No',1300000,4500000,6,415,0,900000,2900000,1200000,' Rejected'
3636,3,' Not Graduate',' Yes',5400000,16300000,4,512,1600000,3400000,13100000,6000000,' Approved'
4201,0,' Graduate',' Yes',6600000,21200000,18,377,1000000,9600000,14800000,9500000,' Rejected'
3433,0,' Not Graduate',' No',4800000,15700000,10,398,4900000,7400000,17100000,6400000,' Rejected'
2193,1,' Graduate',' Yes',7700000,16900000,6,621,22600000,7900000,27400000,10200000,' Approved'
3020,4,' Not Graduate',' No',300000,600000,6,365,-100000,400000,600000,200000,' Rejected'
2013,1,' Graduate',' Yes',3700000,12400000,12,330,3400000,1000000,10400000,2800000,' Rejected'
475,1,' Not Graduate',' Yes',9200000,31500000,18,698,5300000,6100000,20400000,8300000,' Approved'
3395,1,' Not Graduate',' No',4200000,10700000,6,466,7400000,7000000,14000000,4700000,' Rejected'
2795,3,' Graduate',' Yes',5800000,17600000,6,720,4900000,4200000,18800000,6600000,' Approved'
15,1,' Not Graduate',' No',1900000,7400000,6,469,1900000,1200000,5900000,1900000,' Rejected'
1561,5,' Not Graduate',' Yes',2500000,9600000,6,345,1900000,1900000,6800000,2600000,' Rejected'
1440,3,' Not Graduate',' No',3900000,10500000,20,821,1600000,6300000,11000000,3900000,' Approved'
458,5,' Graduate',' Yes',8400000,17500000,12,620,15300000,13600000,26000000,5800000,' Approved'
1640,3,' Graduate',' Yes',3200000,9900000,10,316,9100000,5500000,8800000,3600000,' Rejected'
23,4,' Graduate',' Yes',6500000,25700000,18,311,13100000,1700000,19500000,8500000,' Rejected'
2589,0,' Not Graduate',' No',4700000,11500000,18,559,7500000,0,18700000,2600000,' Approved'
3084,5,' Not Graduate',' Yes',8400000,17600000,12,397,13400000,14500000,24500000,7900000,' Rejected'
1199,1,' Graduate',' Yes',8300000,16800000,2,366,22000000,6600000,27300000,4500000,' Rejected'
2428,2,' Graduate',' No',9300000,22000000,14,393,4300000,3800000,28400000,13900000,' Rejected'
819,2,' Not Graduate',' No',6500000,14100000,2,709,1000000,12700000,20900000,4000000,' Approved'
4147,2,' Graduate',' Yes',9700000,35100000,20,612,13400000,13500000,38200000,6500000,' Approved'
4207,0,' Not Graduate',' Yes',2100000,8300000,20,765,-100000,3600000,7700000,2100000,' Approved'
1056,2,' Not Graduate',' Yes',5900000,15800000,2,444,14300000,4300000,20300000,5500000,' Rejected'
2458,1,' Graduate',' Yes',2100000,4300000,20,896,100000,2300000,7500000,2300000,' Approved'
2449,5,' Graduate',' Yes',6100000,14400000,16,400,9200000,2800000,23800000,5600000,' Rejected'
572,0,' Graduate',' No',4700000,17500000,2,701,5400000,2300000,11700000,7000000,' Approved'
1128,4,' Graduate',' No',9600000,25500000,20,544,4000000,11400000,23800000,11100000,' Rejected'
330,4,' Not Graduate',' No',200000,600000,10,404,0,100000,400000,0,' Rejected'
664,5,' Not Graduate',' No',9100000,19900000,20,519,9300000,16400000,28900000,10500000,' Rejected'
568,5,' Graduate',' Yes',3000000,11100000,12,441,8500000,2500000,7300000,2000000,' Rejected'
1326,5,' Not Graduate',' Yes',7300000,22500000,2,846,9800000,4700000,20300000,5700000,' Approved'
1729,3,' Not Graduate',' Yes',700000,1600000,18,303,600000,500000,2000000,600000,' Rejected'
2923,0,' Not Graduate',' Yes',9600000,23800000,12,389,25200000,15800000,27000000,8300000,' Rejected'
3528,0,' Graduate',' No',1800000,6900000,10,853,900000,400000,3700000,1700000,' Rejected'
2808,2,' Not Graduate',' Yes',1600000,6400000,4,787,1000000,300000,5500000,1100000,' Approved'
2378,1,' Not Graduate',' Yes',4900000,12600000,4,718,11800000,7300000,11800000,3800000,' Approved'
2164,4,' Not Graduate',' No',6700000,18800000,2,749,15600000,7900000,19900000,8600000,' Approved'
829,4,' Not Graduate',' No',6300000,21900000,10,538,9600000,5400000,19300000,7800000,' Rejected'
2936,2,' Not Graduate',' Yes',2300000,8100000,2,504,1800000,3100000,4600000,3100000,' Approved'
3295,0,' Not Graduate',' Yes',800000,2400000,4,518,500000,800000,2800000,500000,' Approved'
2370,1,' Not Graduate',' Yes',9500000,28700000,16,526,24600000,4900000,31800000,6600000,' Rejected'
2933,1,' Not Graduate',' Yes',2800000,9100000,14,510,2400000,4200000,10400000,3000000,' Rejected'
2496,3,' Graduate',' No',4700000,10800000,8,527,13300000,3100000,13600000,4800000,' Rejected'
2389,5,' Not Graduate',' Yes',8400000,18600000,20,703,2500000,7100000,28800000,9500000,' Approved'
1159,4,' Graduate',' Yes',5700000,16900000,4,656,13000000,7400000,22000000,8400000,' Approved'
273,3,' Graduate',' No',8800000,20400000,8,483,3200000,11400000,28200000,11800000,' Rejected'
4154,1,' Graduate',' No',7700000,17100000,14,603,11100000,12100000,30300000,7100000,' Approved'
670,1,' Graduate',' No',6000000,20100000,6,476,13900000,10000000,15200000,5500000,' Rejected'
805,2,' Not Graduate',' Yes',800000,2100000,6,726,2000000,0,2600000,600000,' Approved'
1753,5,' Not Graduate',' Yes',5400000,18800000,20,326,9700000,10100000,14800000,3200000,' Rejected'
3728,1,' Not Graduate',' Yes',7500000,22500000,14,469,12300000,9600000,16200000,4500000,' Rejected'
3030,0,' Not Graduate',' Yes',2000000,5200000,18,400,1900000,1500000,5000000,1500000,' Rejected'
3320,1,' Not Graduate',' No',4800000,14300000,4,489,12400000,7900000,17700000,3600000,' Rejected'
3177,4,' Not Graduate',' Yes',3100000,8200000,18,408,2900000,3800000,10800000,3100000,' Rejected'
4240,0,' Not Graduate',' Yes',8400000,23000000,14,455,400000,13400000,29800000,9400000,' Rejected'
1149,2,' Graduate',' No',7300000,20000000,6,729,13100000,10700000,17900000,9100000,' Approved'
3594,2,' Graduate',' No',2200000,6800000,20,546,4600000,200000,4500000,2200000,' Rejected'
664,5,' Not Graduate',' No',9100000,19900000,20,519,9300000,16400000,28900000,10500000,' Rejected'
3416,3,' Graduate',' No',500000,2000000,12,890,800000,700000,1800000,400000,' Approved'
1780,5,' Graduate',' No',1300000,2700000,6,607,800000,1500000,4700000,1600000,' Approved'
750,4,' Not Graduate',' No',5700000,19600000,8,691,8800000,2200000,12100000,3000000,' Approved'
2596,1,' Graduate',' Yes',8000000,30600000,14,302,12700000,13100000,23900000,6800000,' Rejected'
2932,4,' Graduate',' Yes',4900000,12800000,2,691,200000,4900000,14700000,7000000,' Approved'
317,2,' Not Graduate',' Yes',2400000,4900000,4,888,6400000,4300000,5100000,3400000,' Approved'
1597,1,' Not Graduate',' Yes',8100000,26900000,6,522,23000000,2100000,18700000,4200000,' Rejected'
136,3,' Graduate',' No',1600000,5500000,12,425,600000,800000,5400000,900000,' Rejected'
312,4,' Graduate',' No',5900000,16800000,8,481,6900000,11400000,19500000,3300000,' Rejected'
2854,2,' Graduate',' No',4900000,16000000,12,710,8700000,7100000,10000000,5700000,' Approved'
1965,3,' Graduate',' No',3800000,11800000,4,694,0,500000,8300000,5100000,' Approved'
4238,0,' Not Graduate',' No',9100000,30100000,8,322,26200000,9500000,18800000,5900000,' Rejected'
1898,5,' Graduate',' No',1600000,4000000,18,529,300000,1200000,5300000,2000000,' Rejected'
3827,1,' Graduate',' Yes',3400000,12300000,8,523,6100000,4700000,8300000,2600000,' Rejected'
2896,1,' Graduate',' No',2500000,5900000,12,668,7400000,600000,6300000,3700000,' Approved'
159,5,' Graduate',' Yes',700000,1300000,20,704,1600000,0,2200000,600000,' Approved'
2502,4,' Graduate',' Yes',7200000,26000000,6,571,4700000,0,22600000,4200000,' Approved'
4185,2,' Graduate',' No',1500000,3300000,4,763,300000,1200000,5400000,700000,' Approved'
866,5,' Not Graduate',' Yes',6400000,20300000,16,348,10000000,10900000,20400000,6900000,' Rejected'
264,5,' Not Graduate',' No',9500000,22200000,20,352,24500000,0,30800000,7000000,' Rejected'
2383,3,' Graduate',' Yes',8700000,33600000,14,314,7700000,10000000,21700000,6200000,' Rejected'
4022,1,' Not Graduate',' Yes',7900000,19100000,2,593,20800000,12200000,26100000,7800000,' Approved'
1169,2,' Graduate',' No',8900000,28500000,6,367,22200000,16600000,21500000,9300000,' Rejected'
981,3,' Graduate',' No',3200000,6900000,20,735,1500000,3700000,9200000,3100000,' Approved'
3444,0,' Not Graduate',' Yes',9100000,23300000,18,414,17700000,2500000,33800000,6400000,' Rejected'
3092,1,' Graduate',' Yes',5000000,12500000,20,604,4100000,100000,12200000,7400000,' Approved'
935,3,' Graduate',' Yes',7900000,29200000,4,399,23200000,5500000,30200000,6900000,' Approved'
734,0,' Graduate',' No',500000,1200000,14,556,900000,0,1800000,500000,' Approved'
3910,1,' Not Graduate',' Yes',9100000,31400000,4,304,14100000,16700000,30200000,9600000,' Approved'
2673,3,' Graduate',' Yes',1400000,3500000,12,610,1200000,600000,3800000,1400000,' Approved'
3295,0,' Not Graduate',' Yes',800000,2400000,4,518,500000,800000,2800000,500000,' Approved'
2954,5,' Not Graduate',' No',6900000,19200000,12,408,10000000,5000000,24900000,9000000,' Rejected'
3302,5,' Graduate',' Yes',3600000,8500000,20,594,4400000,6400000,7400000,4500000,' Approved'
2703,5,' Not Graduate',' Yes',9700000,29100000,18,732,4700000,7400000,35600000,12400000,' Approved'
3706,2,' Not Graduate',' Yes',2800000,7000000,2,834,500000,2900000,8100000,1300000,' Approved'
1941,0,' Graduate',' No',8600000,29000000,18,481,21200000,2600000,27700000,5400000,' Rejected'
3326,4,' Not Graduate',' Yes',800000,2100000,6,353,700000,300000,2900000,1200000,' Rejected'
979,2,' Not Graduate',' No',2400000,8800000,18,421,3200000,1500000,6700000,1400000,' Rejected'
453,2,' Not Graduate',' Yes',700000,1700000,10,539,1400000,1000000,1900000,900000,' Rejected'
1552,0,' Graduate',' No',2900000,7800000,8,367,700000,3700000,7700000,3600000,' Rejected'
3130,5,' Graduate',' Yes',1000000,2600000,8,664,900000,1200000,3500000,900000,' Approved'
1361,4,' Not Graduate',' Yes',8700000,30000000,4,370,17600000,15600000,34600000,12100000,' Approved'
3463,0,' Graduate',' No',6500000,20200000,16,842,8300000,12200000,14300000,9600000,' Approved'
1245,2,' Graduate',' Yes',8800000,34400000,2,712,10500000,12500000,29300000,5900000,' Approved'
278,0,' Not Graduate',' No',1500000,4900000,12,651,1600000,2800000,4600000,800000,' Approved'
1471,3,' Not Graduate',' No',4300000,11100000,6,312,4800000,3800000,10100000,3300000,' Rejected'
4102,4,' Graduate',' No',400000,800000,16,685,500000,300000,1300000,600000,' Approved'
3428,0,' Not Graduate',' Yes',3500000,12600000,10,448,1200000,2500000,10400000,3600000,' Rejected'
956,1,' Not Graduate',' Yes',500000,1400000,10,883,900000,0,1700000,300000,' Approved'
1871,3,' Not Graduate',' Yes',8300000,20900000,4,615,4400000,200000,19000000,9600000,' Approved'
329,0,' Graduate',' No',1100000,3200000,20,716,1800000,1400000,3600000,1500000,' Approved'
2985,4,' Graduate',' Yes',6400000,21700000,10,384,16500000,8200000,15100000,5700000,' Rejected'
2469,1,' Graduate',' No',2000000,5000000,6,876,500000,2900000,5800000,1500000,' Approved'
3423,1,' Not Graduate',' No',8100000,21900000,6,884,15100000,5400000,27500000,6600000,' Approved'
1654,3,' Not Graduate',' Yes',6400000,23500000,12,684,17200000,10300000,25300000,7400000,' Approved'
953,4,' Not Graduate',' No',8600000,25100000,6,820,14400000,5000000,26000000,8300000,' Approved'
918,1,' Not Graduate',' Yes',1500000,5900000,16,400,4200000,2400000,4800000,1500000,' Rejected'
3084,5,' Not Graduate',' Yes',8400000,17600000,12,397,13400000,14500000,24500000,7900000,' Rejected'
1022,2,' Not Graduate',' Yes',7600000,23600000,6,358,20200000,2900000,22100000,10900000,' Rejected'
3459,3,' Not Graduate',' Yes',7500000,26000000,2,342,13900000,1900000,26900000,11200000,' Approved'
2971,5,' Not Graduate',' No',6800000,24800000,8,621,13000000,13500000,23300000,4800000,' Approved'
1546,2,' Not Graduate',' Yes',8200000,27800000,16,827,11500000,8700000,26000000,10700000,' Approved'
2544,0,' Not Graduate',' Yes',1900000,6300000,16,811,1100000,100000,5100000,1900000,' Approved'
192,0,' Not Graduate',' No',3000000,6500000,2,612,8800000,3400000,6700000,1700000,' Approved'
330,4,' Not Graduate',' No',200000,600000,10,404,0,100000,400000,0,' Rejected'
3250,2,' Graduate',' No',4200000,16800000,4,771,6500000,4500000,10500000,5800000,' Approved'
1390,5,' Not Graduate',' No',4600000,11500000,16,668,6500000,3100000,10200000,5500000,' Approved'
1623,3,' Graduate',' Yes',9000000,32900000,6,657,9900000,600000,29200000,12000000,' Approved'
733,2,' Not Graduate',' No',7700000,18300000,20,504,14600000,500000,18300000,4600000,' Rejected'
4067,4,' Graduate',' No',3700000,12300000,6,364,5900000,4200000,13700000,4400000,' Rejected'
1647,0,' Not Graduate',' No',5900000,20300000,4,806,300000,3700000,16400000,4800000,' Approved'
2938,1,' Not Graduate',' Yes',2200000,5400000,16,641,5900000,0,4800000,1200000,' Approved'
3537,1,' Not Graduate',' No',6600000,19700000,12,758,16000000,4400000,18800000,9500000,' Approved'
330,4,' Not Graduate',' No',200000,600000,10,404,0,100000,400000,0,' Rejected'
2258,4,' Graduate',' Yes',7900000,26900000,14,446,17900000,7300000,16500000,8200000,' Rejected'
2154,3,' Graduate',' Yes',9700000,36000000,6,631,3500000,5500000,28500000,7500000,' Approved'
2582,4,' Graduate',' No',7800000,25400000,18,425,3000000,14000000,30500000,7200000,' Rejected'
58,5,' Graduate',' Yes',9300000,30500000,18,841,19300000,10300000,34600000,8700000,' Approved'
893,4,' Graduate',' No',9300000,24900000,14,455,27600000,4700000,35100000,13900000,' Rejected'
717,3,' Graduate',' No',6800000,21200000,2,433,10700000,1900000,23200000,6300000,' Approved'
2619,2,' Not Graduate',' Yes',3800000,15000000,14,730,10800000,2900000,10700000,3600000,' Approved'
1574,2,' Not Graduate',' Yes',2700000,9400000,14,701,400000,3400000,9900000,1900000,' Approved'
3159,3,' Not Graduate',' Yes',3800000,13700000,16,662,4800000,400000,12400000,5300000,' Approved'
1785,3,' Not Graduate',' No',7900000,28000000,4,394,22800000,13200000,18200000,3900000,' Approved'
194,2,' Graduate',' No',4800000,13200000,2,583,13700000,5800000,9500000,5200000,' Approved'
213,2,' Not Graduate',' No',8500000,32700000,18,471,12600000,9400000,33900000,12500000,' Rejected'
3996,5,' Not Graduate',' No',9300000,28300000,12,741,7600000,12900000,32400000,5200000,' Approved'
1004,3,' Graduate',' Yes',3300000,9800000,6,360,4500000,600000,11000000,4400000,' Rejected'
3134,4,' Graduate',' No',700000,2300000,16,688,1500000,300000,1900000,400000,' Approved'
309,3,' Graduate',' No',9600000,19900000,14,452,4200000,16200000,28500000,6600000,' Rejected'
670,1,' Graduate',' No',6000000,20100000,6,476,13900000,10000000,15200000,5500000,' Rejected'
213,2,' Not Graduate',' No',8500000,32700000,18,471,12600000,9400000,33900000,12500000,' Rejected'
3249,0,' Graduate',' No',5400000,18400000,8,625,12100000,3000000,13000000,4800000,' Approved'
2549,2,' Graduate',' Yes',1800000,5500000,6,448,2900000,300000,5600000,1300000,' Rejected'
2361,5,' Not Graduate',' No',2200000,8100000,4,409,300000,0,4900000,2400000,' Rejected'
197,4,' Not Graduate',' Yes',400000,1500000,2,669,-100000,600000,900000,500000,' Approved'
3575,2,' Not Graduate',' Yes',8700000,19900000,10,829,7500000,10500000,20200000,8400000,' Approved'
254,0,' Graduate',' No',8800000,30900000,12,729,1700000,700000,25700000,11400000,' Approved'
4057,2,' Graduate',' Yes',7800000,22100000,6,533,11900000,2500000,19300000,10800000,' Rejected'
1376,1,' Graduate',' Yes',1400000,4200000,4,881,2800000,1200000,5100000,1300000,' Approved'
1091,4,' Graduate',' No',9400000,32600000,4,898,18200000,4000000,22000000,10200000,' Approved'
3662,2,' Not Graduate',' No',2500000,9600000,4,636,900000,1000000,7300000,2000000,' Approved'
4032,5,' Graduate',' Yes',9700000,24700000,18,648,15100000,600000,25200000,6800000,' Approved'
3391,4,' Graduate',' No',5800000,13500000,14,816,13800000,9300000,20400000,7900000,' Approved'
3955,5,' Graduate',' Yes',5300000,14000000,6,633,11800000,4500000,12800000,6100000,' Approved'
4146,0,' Graduate',' No',3100000,6500000,2,391,100000,3800000,9900000,2400000,' Rejected'
1386,1,' Not Graduate',' No',1600000,5100000,12,548,2200000,2700000,3600000,800000,' Rejected'
1618,5,' Graduate',' Yes',5400000,11200000,10,447,300000,7900000,21400000,6000000,' Rejected'
1131,1,' Not Graduate',' No',300000,1200000,4,342,800000,100000,1100000,200000,' Approved'
3946,4,' Not Graduate',' Yes',7900000,27300000,10,560,23100000,14400000,28500000,10900000,' Approved'
241,2,' Graduate',' No',9600000,22500000,18,851,7400000,16200000,24300000,12700000,' Approved'
3711,5,' Not Graduate',' Yes',4500000,12700000,8,307,11000000,3800000,12600000,2700000,' Rejected'
307,5,' Not Graduate',' No',9000000,29300000,4,531,10400000,9500000,35500000,5800000,' Approved'
1904,5,' Graduate',' Yes',2300000,9100000,16,644,4000000,2600000,6600000,3100000,' Approved'
2433,2,' Graduate',' Yes',4500000,12600000,2,568,6900000,3900000,17800000,2900000,' Approved'
2718,0,' Not Graduate',' No',9000000,28400000,4,612,0,7200000,26900000,13200000,' Approved'
3470,3,' Graduate',' Yes',4800000,11500000,12,535,3600000,8000000,15600000,5400000,' Rejected'
979,2,' Not Graduate',' No',2400000,8800000,18,421,3200000,1500000,6700000,1400000,' Rejected'
1433,2,' Not Graduate',' Yes',2900000,7800000,18,588,400000,100000,11600000,4200000,' Approved'
642,0,' Graduate',' Yes',7100000,20100000,16,756,8000000,5000000,17600000,5400000,' Approved'
3648,3,' Not Graduate',' No',3900000,11900000,6,607,6600000,6000000,8800000,2000000,' Approved'
117,4,' Not Graduate',' Yes',5800000,23200000,18,456,16100000,4200000,22600000,7500000,' Rejected'
1602,0,' Not Graduate',' Yes',2100000,4900000,10,359,1000000,800000,6100000,1000000,' Rejected'
572,0,' Graduate',' No',4700000,17500000,2,701,5400000,2300000,11700000,7000000,' Approved'
636,0,' Not Graduate',' No',5300000,20000000,6,881,15900000,3700000,19500000,4000000,' Approved'
815,1,' Graduate',' Yes',200000,800000,14,624,600000,0,600000,0,' Approved'
241,2,' Graduate',' No',9600000,22500000,18,851,7400000,16200000,24300000,12700000,' Approved'
3200,0,' Graduate',' No',3100000,11100000,8,504,3500000,4600000,11400000,1800000,' Rejected'
3174,2,' Graduate',' Yes',4600000,12600000,2,355,6300000,6900000,14800000,6500000,' Rejected'
1105,3,' Graduate',' No',1400000,3800000,8,840,1700000,200000,5300000,1500000,' Approved'
449,4,' Graduate',' No',4700000,15700000,4,868,3300000,2500000,13800000,4800000,' Approved'
3761,1,' Not Graduate',' No',1600000,5600000,6,846,600000,2800000,4600000,1200000,' Approved'
2288,2,' Not Graduate',' No',200000,800000,6,338,100000,0,400000,100000,' Rejected'
2578,1,' Graduate',' Yes',4900000,16500000,12,439,7500000,1400000,10300000,7200000,' Rejected'
2819,1,' Not Graduate',' Yes',9500000,24400000,14,696,25500000,6700000,29500000,6300000,' Approved'
1109,4,' Graduate',' No',8100000,19000000,6,375,4100000,14500000,19100000,11900000,' Rejected'
2308,5,' Not Graduate',' Yes',6700000,17600000,14,843,12700000,200000,19500000,5600000,' Approved'
2595,4,' Graduate',' Yes',4600000,11900000,6,810,11200000,8200000,17500000,5200000,' Approved'
1936,0,' Not Graduate',' No',4500000,17100000,8,303,7400000,8200000,17400000,4200000,' Rejected'
150,5,' Graduate',' No',2000000,6200000,18,402,4000000,2100000,7200000,1100000,' Rejected'
3196,5,' Not Graduate',' Yes',6000000,12300000,12,680,11400000,5300000,13800000,7300000,' Approved'
390,0,' Graduate',' Yes',6200000,22400000,18,873,15700000,6600000,15800000,8200000,' Approved'
407,5,' Graduate',' Yes',9200000,29400000,8,318,18000000,5900000,33800000,5400000,' Rejected'
455,2,' Graduate',' No',1800000,4700000,8,792,4500000,1200000,4100000,2200000,' Approved'
2718,0,' Not Graduate',' No',9000000,28400000,4,612,0,7200000,26900000,13200000,' Approved'
3396,2,' Not Graduate',' Yes',600000,2300000,12,335,400000,900000,1200000,400000,' Rejected'
2684,4,' Graduate',' Yes',7800000,25600000,4,665,1000000,2300000,27300000,8200000,' Approved'
857,1,' Not Graduate',' No',2200000,7000000,18,417,2000000,3900000,6500000,1900000,' Rejected'
1884,2,' Not Graduate',' No',7500000,15400000,8,332,8300000,3100000,23700000,5400000,' Rejected'
1655,5,' Not Graduate',' Yes',7700000,25800000,18,578,5000000,7700000,27200000,10600000,' Approved'
1449,1,' Graduate',' No',6400000,16900000,2,703,6300000,7300000,15900000,7400000,' Approved'
2059,2,' Not Graduate',' Yes',6600000,17000000,2,457,100000,1800000,23300000,6700000,' Rejected'
915,2,' Graduate',' No',700000,2000000,8,806,1900000,1100000,2200000,400000,' Approved'
2573,4,' Graduate',' Yes',7000000,19600000,8,708,17600000,2600000,24300000,4500000,' Approved'
1448,1,' Graduate',' Yes',9000000,22800000,10,412,0,15600000,32000000,4700000,' Rejected'
3261,5,' Not Graduate',' Yes',1400000,5100000,4,348,2100000,900000,4000000,1300000,' Approved'
1718,0,' Graduate',' No',9700000,30400000,4,300,17100000,16600000,38100000,9200000,' Approved'
4259,5,' Graduate',' Yes',9700000,22600000,16,346,23500000,12900000,26800000,13000000,' Rejected'
1922,1,' Graduate',' Yes',7800000,16200000,2,335,4900000,7900000,28700000,6400000,' Rejected'
1023,5,' Graduate',' No',8800000,18800000,14,836,17300000,10100000,32700000,5400000,' Approved'
1051,0,' Not Graduate',' Yes',2500000,8800000,14,389,7300000,1400000,8500000,3600000,' Rejected'
1033,4,' Graduate',' Yes',700000,2600000,18,478,600000,600000,2100000,300000,' Rejected'
2194,0,' Graduate',' Yes',7800000,23300000,10,587,12500000,9300000,27500000,9700000,' Approved'
1585,0,' Not Graduate',' No',9500000,35300000,6,605,10000000,12700000,31100000,7000000,' Approved'
229,1,' Not Graduate',' Yes',8700000,27000000,10,717,25500000,8600000,17500000,9100000,' Approved'
1903,2,' Not Graduate',' No',2900000,7300000,2,776,8300000,3000000,8500000,3400000,' Approved'
670,1,' Graduate',' No',6000000,20100000,6,476,13900000,10000000,15200000,5500000,' Rejected'
1914,5,' Graduate',' No',5800000,13700000,6,369,10500000,2700000,12100000,3000000,' Rejected'
2573,4,' Graduate',' Yes',7000000,19600000,8,708,17600000,2600000,24300000,4500000,' Approved'
2496,3,' Graduate',' No',4700000,10800000,8,527,13300000,3100000,13600000,4800000,' Rejected'
3758,3,' Graduate',' No',2800000,8500000,20,431,6200000,1700000,7800000,2200000,' Rejected'
2855,3,' Not Graduate',' Yes',700000,2500000,8,321,1900000,1200000,1700000,400000,' Rejected'
1470,2,' Graduate',' Yes',6900000,13900000,8,829,14300000,8100000,22400000,4600000,' Approved'
1553,0,' Not Graduate',' No',7000000,18300000,6,541,6300000,6400000,20800000,8300000,' Rejected'
257,3,' Graduate',' Yes',9800000,35400000,6,869,14400000,16400000,22800000,10300000,' Approved'
358,2,' Not Graduate',' No',8400000,26300000,4,419,22900000,7900000,29200000,6200000,' Approved'
33,1,' Not Graduate',' Yes',800000,1600000,10,436,700000,200000,2200000,1000000,' Rejected'
2070,4,' Graduate',' Yes',6500000,20200000,12,653,18600000,1400000,23800000,6400000,' Approved'
1036,2,' Not Graduate',' Yes',3800000,12500000,14,842,3700000,6700000,14600000,5300000,' Approved'
1935,2,' Graduate',' Yes',5000000,15900000,16,699,8800000,5900000,18100000,7200000,' Approved'
1995,0,' Not Graduate',' No',800000,2400000,2,716,700000,1200000,3100000,400000,' Approved'
3212,4,' Graduate',' No',1200000,2600000,8,872,1600000,2100000,2700000,900000,' Approved'
3716,2,' Not Graduate',' Yes',8300000,17600000,2,355,1000000,700000,28400000,6800000,' Rejected'
4097,4,' Not Graduate',' No',5500000,20200000,14,611,13700000,5700000,15100000,7200000,' Approved'
3897,0,' Graduate',' Yes',4000000,14500000,2,713,6200000,4900000,12200000,4700000,' Approved'
3518,0,' Not Graduate',' No',6900000,22900000,10,313,5600000,9300000,26200000,8000000,' Rejected'
1426,3,' Not Graduate',' Yes',2500000,9800000,16,424,4700000,3200000,5800000,1300000,' Rejected'
2691,0,' Not Graduate',' Yes',8300000,16800000,18,422,8000000,10600000,23300000,11400000,' Rejected'
2587,1,' Not Graduate',' Yes',9800000,36000000,12,629,28000000,4100000,29800000,11200000,' Approved'
3809,5,' Graduate',' No',9200000,34800000,12,802,22000000,11000000,19800000,12500000,' Approved'
2098,5,' Not Graduate',' No',900000,2800000,16,808,2100000,900000,3100000,800000,' Approved'
1520,4,' Graduate',' Yes',7900000,21500000,16,497,2200000,5200000,23100000,7700000,' Rejected'
1298,3,' Graduate',' Yes',8000000,26300000,12,476,21700000,6600000,16400000,9000000,' Rejected'
4171,1,' Not Graduate',' No',7200000,28100000,14,767,10000000,10400000,27500000,4000000,' Approved'
4265,5,' Graduate',' Yes',1000000,2300000,12,317,2800000,500000,3300000,800000,' Rejected'
864,5,' Graduate',' No',4200000,9200000,12,870,3200000,2400000,12300000,5700000,' Approved'
482,0,' Graduate',' Yes',5300000,15000000,2,900,1700000,2100000,21000000,5800000,' Approved'
1522,0,' Graduate',' Yes',3500000,10000000,14,709,5300000,1800000,9200000,5000000,' Approved'
323,4,' Graduate',' Yes',4900000,17100000,6,612,1300000,7000000,19500000,5000000,' Approved'
4090,0,' Not Graduate',' No',8200000,20900000,14,766,4400000,12300000,18400000,12100000,' Approved'
3538,2,' Graduate',' Yes',8300000,30100000,16,636,5200000,5100000,33100000,7200000,' Approved'
2935,3,' Graduate',' Yes',6900000,19000000,14,348,4200000,3700000,19400000,4900000,' Rejected'
3627,3,' Not Graduate',' No',6900000,18500000,6,360,14000000,0,18800000,9600000,' Rejected'
3761,1,' Not Graduate',' No',1600000,5600000,6,846,600000,2800000,4600000,1200000,' Approved'
3606,3,' Graduate',' Yes',5800000,23000000,16,361,6000000,10100000,23000000,2800000,' Rejected'
3318,5,' Not Graduate',' No',900000,2200000,2,415,600000,1700000,2900000,700000,' Rejected'
1567,5,' Not Graduate',' No',3700000,11700000,4,413,8400000,5500000,12000000,2700000,' Approved'
3754,0,' Not Graduate',' Yes',8200000,19100000,2,764,22900000,8900000,20500000,4000000,' Approved'
3151,3,' Graduate',' No',2100000,7700000,6,703,700000,4000000,8200000,1300000,' Approved'
1109,4,' Graduate',' No',8100000,19000000,6,375,4100000,14500000,19100000,11900000,' Rejected'
4158,0,' Graduate',' No',2400000,5300000,16,482,5500000,4200000,8400000,2600000,' Rejected'
1416,0,' Graduate',' Yes',2300000,6000000,8,690,5500000,2900000,6000000,2000000,' Approved'
2528,5,' Not Graduate',' Yes',1700000,5200000,16,820,1700000,1200000,4000000,1000000,' Approved'
2054,1,' Not Graduate',' Yes',2600000,6600000,20,765,2100000,200000,5200000,1300000,' Approved'
876,1,' Not Graduate',' Yes',1700000,4500000,20,480,200000,600000,5400000,1900000,' Rejected'
2593,2,' Not Graduate',' No',3300000,11700000,14,439,4000000,6300000,8300000,1700000,' Rejected'
1605,5,' Not Graduate',' Yes',1500000,5500000,4,414,800000,1400000,2900000,1200000,' Approved'
2960,5,' Graduate',' No',9000000,24200000,4,646,12400000,5500000,18100000,11900000,' Approved'
3429,1,' Graduate',' Yes',1600000,5300000,4,713,1400000,1400000,4900000,1300000,' Approved'
3995,2,' Not Graduate',' Yes',7000000,22500000,12,632,12500000,4600000,20400000,4900000,' Approved'
311,3,' Not Graduate',' No',6400000,24400000,4,483,7800000,2400000,19100000,4500000,' Approved'
3677,2,' Not Graduate',' Yes',7900000,16100000,18,318,17300000,2900000,29900000,9300000,' Rejected'
1979,0,' Not Graduate',' Yes',3900000,9600000,10,783,9900000,2100000,10900000,3900000,' Approved'
1030,2,' Not Graduate',' Yes',9500000,37000000,8,887,21800000,18300000,19200000,11700000,' Approved'
401,4,' Graduate',' No',5400000,15700000,18,452,13700000,2600000,16500000,6600000,' Rejected'
3963,3,' Graduate',' Yes',500000,1900000,18,618,-100000,600000,1000000,400000,' Approved'
474,5,' Graduate',' Yes',8200000,23500000,12,402,15100000,1500000,24300000,5800000,' Rejected'
717,3,' Graduate',' No',6800000,21200000,2,433,10700000,1900000,23200000,6300000,' Approved'
2617,2,' Not Graduate',' No',7600000,16700000,20,692,9900000,9600000,25100000,7400000,' Approved'
1073,1,' Not Graduate',' No',6200000,19500000,20,448,3300000,7100000,22400000,8000000,' Rejected'
1597,1,' Not Graduate',' Yes',8100000,26900000,6,522,23000000,2100000,18700000,4200000,' Rejected'
3990,3,' Not Graduate',' No',2400000,8200000,10,531,6800000,1900000,5700000,2000000,' Rejected'
2407,5,' Graduate',' No',2900000,9800000,12,588,5900000,2300000,6800000,2900000,' Approved'
1430,5,' Not Graduate',' No',6600000,25800000,10,670,4600000,7200000,20600000,8500000,' Approved'
7,5,' Graduate',' No',8700000,33000000,4,678,22500000,14800000,29200000,4300000,' Approved'
1196,3,' Not Graduate',' Yes',7000000,19200000,4,768,8600000,13700000,19200000,7700000,' Approved'
3462,1,' Graduate',' Yes',4200000,11300000,4,704,4700000,2800000,14900000,4000000,' Approved'
2310,0,' Not Graduate',' No',6600000,25600000,8,718,12600000,12200000,21700000,9000000,' Approved'
3518,0,' Not Graduate',' No',6900000,22900000,10,313,5600000,9300000,26200000,8000000,' Rejected'
3098,1,' Graduate',' Yes',7100000,19300000,16,738,7200000,0,24300000,3600000,' Approved'
3210,5,' Graduate',' No',700000,1800000,10,650,1300000,100000,1500000,300000,' Approved'
2904,5,' Graduate',' Yes',8100000,22500000,2,808,4800000,6100000,16900000,6000000,' Approved'
2960,5,' Graduate',' No',9000000,24200000,4,646,12400000,5500000,18100000,11900000,' Approved'
61,2,' Not Graduate',' No',8500000,18900000,18,478,23800000,16300000,25900000,11400000,' Rejected'
1515,3,' Graduate',' No',4700000,17400000,10,393,12400000,5300000,18700000,5300000,' Rejected'
1845,2,' Graduate',' Yes',8000000,28400000,10,607,11400000,3800000,29000000,11600000,' Approved'
3990,3,' Not Graduate',' No',2400000,8200000,10,531,6800000,1900000,5700000,2000000,' Rejected'
458,5,' Graduate',' Yes',8400000,17500000,12,620,15300000,13600000,26000000,5800000,' Approved'
1749,2,' Graduate',' No',4200000,10200000,14,407,5900000,4500000,12000000,2500000,' Rejected'
2406,3,' Not Graduate',' No',2600000,8100000,2,421,4200000,3100000,6200000,2500000,' Approved'
572,0,' Graduate',' No',4700000,17500000,2,701,5400000,2300000,11700000,7000000,' Approved'
2890,0,' Not Graduate',' Yes',1800000,6500000,12,728,3500000,0,6100000,1900000,' Approved'
1472,3,' Not Graduate',' No',6600000,21400000,10,467,15200000,6000000,20300000,5200000,' Rejected'
979,2,' Not Graduate',' No',2400000,8800000,18,421,3200000,1500000,6700000,1400000,' Rejected'
1058,0,' Graduate',' Yes',3800000,11200000,20,479,1100000,6400000,12000000,5400000,' Rejected'
3750,0,' Not Graduate',' No',7900000,26200000,18,845,14200000,14700000,27400000,6300000,' Approved'
2157,4,' Graduate',' No',3800000,10400000,10,833,7500000,2500000,14100000,4200000,' Approved'
1305,2,' Graduate',' Yes',9400000,24800000,14,513,24200000,18200000,37200000,7500000,' Rejected'
202,2,' Not Graduate',' Yes',3800000,8900000,16,389,200000,5600000,12200000,2200000,' Rejected'
808,3,' Not Graduate',' Yes',3300000,12700000,16,608,3600000,6200000,12600000,4500000,' Approved'
940,3,' Not Graduate',' Yes',4700000,12800000,16,740,2200000,8600000,11700000,6100000,' Approved'
4123,3,' Graduate',' No',7800000,21800000,8,517,7700000,5100000,19500000,9100000,' Rejected'
2193,1,' Graduate',' Yes',7700000,16900000,6,621,22600000,7900000,27400000,10200000,' Approved'
856,4,' Graduate',' No',7000000,18900000,6,475,1300000,6100000,14700000,5200000,' Rejected'
2118,5,' Not Graduate',' Yes',4100000,9000000,6,581,6600000,1500000,11300000,3400000,' Approved'
143,0,' Graduate',' Yes',5500000,16700000,18,829,5500000,1300000,12800000,5900000,' Approved'
292,1,' Graduate',' Yes',5800000,19500000,20,431,13800000,5000000,15600000,3300000,' Rejected'
365,2,' Not Graduate',' No',8700000,28000000,12,543,16900000,6000000,22900000,6700000,' Rejected'
1801,2,' Graduate',' No',9300000,21200000,2,509,2800000,2600000,35800000,6600000,' Rejected'
377,5,' Graduate',' Yes',7700000,16800000,20,584,8600000,4800000,23400000,8000000,' Approved'
3653,4,' Not Graduate',' Yes',8400000,19700000,14,889,22400000,5800000,22000000,12100000,' Approved'
2312,5,' Graduate',' Yes',300000,700000,10,586,0,400000,1000000,100000,' Approved'
3146,1,' Not Graduate',' Yes',8900000,22900000,4,757,8200000,11600000,17800000,7800000,' Approved'
2213,4,' Not Graduate',' No',600000,1700000,12,436,400000,0,1700000,700000,' Rejected'
2379,2,' Not Graduate',' Yes',5100000,13300000,14,313,5900000,7900000,18000000,3900000,' Rejected'
237,3,' Graduate',' Yes',900000,3500000,4,770,700000,0,2000000,600000,' Rejected'
481,4,' Not Graduate',' No',8300000,30700000,6,381,21700000,2300000,26700000,4600000,' Rejected'
4264,3,' Graduate',' No',5000000,12700000,14,865,4700000,8100000,19500000,6300000,' Approved'
1922,1,' Graduate',' Yes',7800000,16200000,2,335,4900000,7900000,28700000,6400000,' Rejected'
3722,5,' Graduate',' Yes',500000,1500000,4,476,200000,200000,1100000,700000,' Approved'
319,4,' Graduate',' No',3700000,13200000,4,802,9800000,2400000,12500000,4300000,' Approved'
1827,1,' Graduate',' No',6300000,22000000,20,646,9500000,7900000,13500000,5500000,' Approved'
2318,2,' Graduate',' Yes',2300000,5400000,8,364,4500000,500000,7000000,2000000,' Rejected'
1675,1,' Not Graduate',' No',9800000,21300000,2,356,23000000,12300000,25700000,14600000,' Rejected'
3001,1,' Not Graduate',' Yes',9900000,25700000,2,340,15600000,18800000,29500000,11800000,' Rejected'
3516,1,' Graduate',' No',7900000,25700000,20,681,14900000,3000000,18100000,8800000,' Approved'
3954,4,' Graduate',' No',8400000,28700000,14,878,23400000,8300000,23900000,8600000,' Approved'
72,5,' Graduate',' Yes',5300000,18600000,4,386,2700000,9700000,11900000,4200000,' Approved'
3274,3,' Graduate',' Yes',4000000,8300000,8,531,3700000,7400000,15200000,5900000,' Rejected'
887,5,' Not Graduate',' Yes',4400000,8900000,4,761,8100000,1000000,14200000,3000000,' Approved'
2506,3,' Not Graduate',' No',9000000,19000000,8,693,18300000,4500000,29600000,7200000,' Approved'
3788,3,' Graduate',' Yes',8300000,22700000,2,650,3600000,16000000,18000000,5800000,' Approved'
3636,3,' Not Graduate',' Yes',5400000,16300000,4,512,1600000,3400000,13100000,6000000,' Approved'
3889,1,' Not Graduate',' No',9100000,23300000,18,792,800000,12600000,32100000,12400000,' Approved'
2185,4,' Not Graduate',' No',3300000,7000000,20,504,8200000,3200000,7300000,2500000,' Rejected'
2120,1,' Not Graduate',' No',6600000,20700000,4,415,12800000,11900000,17700000,3900000,' Approved'
1083,1,' Graduate',' No',7500000,28300000,16,707,9700000,1100000,16300000,6700000,' Approved'
663,2,' Not Graduate',' No',5300000,20200000,10,348,9200000,9500000,17300000,6100000,' Rejected'
3610,0,' Not Graduate',' No',1100000,4100000,18,887,400000,1300000,2600000,1300000,' Approved'
14,2,' Graduate',' Yes',9100000,31500000,14,679,10800000,16600000,20900000,5000000,' Approved'
1673,5,' Graduate',' Yes',2000000,6300000,4,366,5300000,2200000,5400000,2800000,' Approved'
2608,4,' Not Graduate',' No',5400000,12600000,18,786,300000,2500000,21000000,6600000,' Approved'
1965,3,' Graduate',' No',3800000,11800000,4,694,0,500000,8300000,5100000,' Approved'
2283,0,' Graduate',' Yes',7500000,16600000,14,440,17200000,14500000,24100000,10300000,' Rejected'
204,2,' Graduate',' Yes',6900000,15600000,6,352,13000000,5300000,22600000,10000000,' Rejected'
1932,3,' Graduate',' No',6300000,17000000,16,388,11700000,2100000,16100000,3200000,' Rejected'
2619,2,' Not Graduate',' Yes',3800000,15000000,14,730,10800000,2900000,10700000,3600000,' Approved'
19,2,' Graduate',' No',2700000,10300000,10,736,1000000,0,6200000,3300000,' Approved'
921,4,' Graduate',' Yes',8900000,20700000,6,684,1100000,9200000,20400000,6700000,' Approved'
3083,4,' Graduate',' No',3900000,11400000,20,867,3800000,1100000,13600000,3200000,' Approved'
3493,2,' Not Graduate',' No',9000000,27300000,14,353,22600000,4400000,26900000,7200000,' Rejected'
2417,2,' Not Graduate',' Yes',1200000,2900000,12,330,400000,1600000,3800000,600000,' Rejected'
3420,3,' Not Graduate',' No',5100000,11000000,16,826,11800000,2900000,12900000,2700000,' Approved'
3016,4,' Graduate',' No',7500000,16200000,4,310,10800000,14300000,14900000,5800000,' Rejected'
2740,5,' Graduate',' No',4900000,13000000,10,865,13300000,3700000,14700000,6500000,' Approved'
3365,1,' Graduate',' Yes',5200000,16300000,6,524,11000000,3400000,20700000,4600000,' Rejected'
3084,5,' Not Graduate',' Yes',8400000,17600000,12,397,13400000,14500000,24500000,7900000,' Rejected'
1048,2,' Graduate',' No',3300000,11800000,4,393,5700000,3700000,6800000,2600000,' Approved'
2073,0,' Graduate',' No',300000,500000,2,885,200000,400000,700000,200000,' Approved'
1221,0,' Graduate',' Yes',9000000,34000000,4,549,2000000,8900000,20000000,12400000,' Approved'
3365,1,' Graduate',' Yes',5200000,16300000,6,524,11000000,3400000,20700000,4600000,' Rejected'
1980,0,' Graduate',' No',8300000,31400000,18,558,13300000,2900000,25900000,6300000,' Approved'
1878,4,' Graduate',' No',4800000,14300000,6,795,5900000,0,11100000,2600000,' Approved'
672,4,' Graduate',' No',7200000,22900000,18,657,14600000,400000,17400000,8800000,' Approved'
3969,4,' Not Graduate',' No',7700000,24500000,20,582,9800000,6600000,29100000,6500000,' Approved'
28,4,' Not Graduate',' Yes',2400000,5600000,4,662,4500000,4200000,5400000,2500000,' Approved'
2912,3,' Graduate',' No',8900000,21300000,10,467,18700000,2600000,31800000,8800000,' Rejected'
349,0,' Not Graduate',' No',2000000,7000000,6,666,0,1200000,4300000,1400000,' Rejected'
598,5,' Graduate',' Yes',700000,1300000,16,362,2100000,1300000,2000000,1000000,' Rejected'
2280,3,' Graduate',' Yes',1000000,2300000,10,303,1000000,400000,2500000,1000000,' Rejected'
1559,4,' Not Graduate',' No',300000,1000000,10,819,700000,300000,900000,200000,' Approved'
1067,0,' Graduate',' No',6800000,20800000,20,819,16500000,11900000,26700000,8000000,' Approved'
1597,1,' Not Graduate',' Yes',8100000,26900000,6,522,23000000,2100000,18700000,4200000,' Rejected'
1017,3,' Not Graduate',' No',1600000,3900000,20,804,900000,2500000,3200000,800000,' Approved'
2367,4,' Graduate',' Yes',3900000,13300000,20,453,9800000,500000,12300000,4700000,' Rejected'
4104,1,' Not Graduate',' No',6300000,17800000,12,770,6000000,3000000,17000000,3200000,' Approved'
2561,4,' Not Graduate',' No',6000000,15800000,18,593,6800000,4800000,13200000,6400000,' Approved'
445,1,' Not Graduate',' Yes',3600000,10300000,12,536,6800000,500000,12200000,2700000,' Rejected'
405,3,' Graduate',' No',500000,1000000,20,501,800000,800000,900000,200000,' Rejected'
2098,5,' Not Graduate',' No',900000,2800000,16,808,2100000,900000,3100000,800000,' Approved'
3210,5,' Graduate',' No',700000,1800000,10,650,1300000,100000,1500000,300000,' Approved'
1894,2,' Graduate',' No',5600000,17200000,16,586,13700000,2100000,14300000,4300000,' Approved'
1653,3,' Graduate',' No',4300000,11200000,6,556,11000000,4300000,14500000,5100000,' Approved'
1449,1,' Graduate',' No',6400000,16900000,2,703,6300000,7300000,15900000,7400000,' Approved'
2583,0,' Graduate',' No',6800000,21700000,20,730,17500000,1300000,18600000,3600000,' Approved'
3668,4,' Not Graduate',' Yes',6300000,16900000,16,582,16000000,3600000,23700000,6000000,' Approved'
4011,3,' Graduate',' Yes',9000000,18600000,16,518,18400000,17600000,28900000,10300000,' Rejected'
1021,0,' Not Graduate',' No',5100000,13600000,18,351,1700000,3700000,14400000,7600000,' Rejected'
1638,3,' Graduate',' No',4500000,12500000,12,469,4100000,7600000,14200000,3400000,' Rejected'
2636,1,' Not Graduate',' Yes',3500000,7400000,16,867,500000,6600000,9500000,2100000,' Approved'
1563,1,' Graduate',' Yes',7600000,19300000,20,835,5800000,2300000,22000000,8200000,' Approved'
1592,1,' Graduate',' No',9500000,23000000,10,627,28500000,11500000,21700000,9100000,' Approved'
2485,5,' Graduate',' No',3100000,10500000,6,584,7700000,2100000,10900000,2900000,' Approved'
3350,2,' Not Graduate',' No',4700000,14600000,20,597,8200000,6000000,14100000,6800000,' Approved'
3719,1,' Graduate',' Yes',9500000,35400000,14,439,400000,1200000,20200000,13500000,' Rejected'
249,0,' Graduate',' No',8400000,20600000,10,477,1500000,1500000,25000000,11900000,' Rejected'
862,1,' Not Graduate',' No',7600000,24600000,12,810,1300000,10500000,30300000,5200000,' Approved'
816,3,' Graduate',' No',6500000,16800000,10,388,9500000,800000,14900000,7200000,' Rejected'
2768,0,' Graduate',' Yes',2600000,7500000,2,853,4200000,3900000,9600000,1400000,' Approved'
3565,5,' Not Graduate',' No',5600000,13600000,4,449,5900000,5700000,18800000,4300000,' Rejected'
2399,5,' Graduate',' No',7300000,17200000,2,345,6100000,8400000,23200000,4900000,' Rejected'
3459,3,' Not Graduate',' Yes',7500000,26000000,2,342,13900000,1900000,26900000,11200000,' Approved'
1584,2,' Not Graduate',' No',3700000,10900000,12,788,1700000,700000,12200000,2600000,' Approved'
1104,3,' Graduate',' No',2700000,7800000,14,870,5400000,5300000,5700000,2100000,' Approved'
1232,4,' Graduate',' Yes',1200000,4600000,6,757,1900000,200000,4800000,1500000,' Approved'
361,1,' Not Graduate',' Yes',9900000,38400000,12,596,10000000,9300000,36500000,6800000,' Approved'
74,3,' Not Graduate',' Yes',5800000,16700000,16,735,3900000,9400000,12600000,5600000,' Approved'
4039,3,' Not Graduate',' Yes',5200000,15000000,20,432,6900000,5000000,15600000,5100000,' Rejected'
507,4,' Not Graduate',' Yes',4200000,15900000,14,375,7200000,7900000,16200000,3000000,' Rejected'
3899,2,' Not Graduate',' Yes',8000000,28100000,18,765,24000000,10500000,17700000,8200000,' Approved'
3373,4,' Graduate',' Yes',7000000,27100000,12,881,8300000,9400000,17200000,9500000,' Approved'
2654,2,' Not Graduate',' No',4400000,14200000,18,799,6300000,7800000,10800000,2400000,' Approved'
2691,0,' Not Graduate',' Yes',8300000,16800000,18,422,8000000,10600000,23300000,11400000,' Rejected'
2657,3,' Not Graduate',' No',3300000,13100000,2,554,6000000,2500000,6700000,3800000,' Approved'
2047,1,' Graduate',' No',9700000,33900000,10,833,24600000,16200000,28300000,6600000,' Approved'
4264,3,' Graduate',' No',5000000,12700000,14,865,4700000,8100000,19500000,6300000,' Approved'
502,2,' Graduate',' No',4700000,12500000,14,375,1300000,6300000,10100000,5400000,' Rejected'
1571,3,' Graduate',' No',2900000,11500000,16,843,2300000,2600000,10700000,4300000,' Approved'
3374,0,' Graduate',' Yes',9300000,24500000,10,600,20200000,700000,32600000,5400000,' Approved'
1323,2,' Graduate',' No',6200000,23400000,8,605,10000000,10800000,21800000,9200000,' Approved'
1964,0,' Graduate',' No',8400000,24300000,4,785,11900000,10100000,26600000,8500000,' Approved'
94,1,' Graduate',' No',1700000,6400000,10,452,900000,1100000,5600000,2100000,' Rejected'
3447,3,' Not Graduate',' Yes',1800000,5700000,14,670,5300000,3100000,3500000,2700000,' Approved'
1879,1,' Graduate',' No',2600000,9900000,6,594,2900000,4300000,6700000,2500000,' Approved'
3668,4,' Not Graduate',' Yes',6300000,16900000,16,582,16000000,3600000,23700000,6000000,' Approved'
3317,1,' Not Graduate',' No',2900000,11500000,20,431,3600000,3800000,5900000,3100000,' Rejected'
2795,3,' Graduate',' Yes',5800000,17600000,6,720,4900000,4200000,18800000,6600000,' Approved'
2450,5,' Graduate',' Yes',5200000,12700000,16,718,11700000,100000,18100000,7200000,' Approved'
1312,3,' Graduate',' Yes',7000000,24200000,2,354,18200000,7000000,15900000,7900000,' Approved'
2947,5,' Graduate',' Yes',3800000,12000000,2,649,6200000,5300000,10300000,4200000,' Approved'
177,4,' Not Graduate',' No',9200000,27200000,12,873,4500000,1800000,33800000,11400000,' Approved'
2111,2,' Graduate',' Yes',1100000,3700000,2,806,2700000,800000,2900000,500000,' Approved'
3386,4,' Graduate',' No',700000,2200000,6,680,300000,200000,2500000,300000,' Approved'
293,3,' Graduate',' Yes',3600000,10700000,16,312,2300000,1600000,13100000,5200000,' Rejected'
123,1,' Not Graduate',' No',8500000,32900000,10,570,5100000,6200000,20500000,5500000,' Approved'
2569,3,' Not Graduate',' Yes',4400000,16300000,20,561,5500000,8000000,12000000,4000000,' Approved'
3631,4,' Graduate',' Yes',2900000,5900000,18,621,200000,3100000,8500000,3500000,' Approved'
3799,0,' Graduate',' Yes',2900000,7200000,16,332,3600000,5700000,7600000,3600000,' Rejected'
2555,4,' Not Graduate',' Yes',5000000,18000000,14,307,5300000,5600000,12800000,3300000,' Rejected'
1540,4,' Not Graduate',' Yes',1500000,4600000,6,524,3700000,2000000,5000000,1400000,' Rejected'
2900,0,' Graduate',' Yes',2200000,8300000,10,585,3600000,1700000,4300000,1900000,' Approved'
512,2,' Graduate',' No',5500000,19000000,4,597,1100000,4000000,18700000,5300000,' Approved'
3197,0,' Graduate',' No',1400000,2700000,2,685,3400000,800000,5400000,1300000,' Approved'
3922,3,' Graduate',' Yes',9000000,33100000,16,456,23800000,7000000,26000000,7100000,' Rejected'
2644,4,' Graduate',' No',600000,1400000,4,507,200000,300000,1700000,400000,' Rejected'
2957,3,' Not Graduate',' No',3600000,9800000,12,654,600000,1300000,7500000,2200000,' Approved'
3253,4,' Graduate',' Yes',6300000,14500000,10,349,3800000,12300000,16500000,5700000,' Rejected'
4017,4,' Not Graduate',' Yes',9200000,30100000,6,632,23700000,6600000,34200000,6200000,' Approved'
3104,1,' Not Graduate',' Yes',5200000,20700000,12,612,2200000,2600000,16500000,3200000,' Approved'
2423,2,' Graduate',' No',4600000,17500000,20,597,11400000,6100000,14100000,4100000,' Approved'
823,2,' Graduate',' Yes',8300000,19500000,4,415,2300000,9400000,21700000,8600000,' Rejected'
3747,5,' Graduate',' Yes',5000000,16400000,14,525,13000000,9100000,15300000,3300000,' Rejected'
397,0,' Graduate',' No',600000,1700000,2,621,400000,400000,2000000,200000,' Approved'
197,4,' Not Graduate',' Yes',400000,1500000,2,669,-100000,600000,900000,500000,' Approved'
2213,4,' Not Graduate',' No',600000,1700000,12,436,400000,0,1700000,700000,' Rejected'
144,4,' Not Graduate',' No',6600000,17400000,20,506,2600000,10000000,25900000,7200000,' Rejected'
3792,5,' Not Graduate',' Yes',1000000,2400000,18,613,1600000,1300000,2600000,600000,' Approved'
2273,5,' Graduate',' No',8000000,23100000,20,461,5900000,2400000,29300000,7200000,' Rejected'
935,3,' Graduate',' Yes',7900000,29200000,4,399,23200000,5500000,30200000,6900000,' Approved'
3076,3,' Graduate',' Yes',1400000,5400000,20,304,1700000,1300000,2900000,800000,' Rejected'
3663,3,' Not Graduate',' Yes',5500000,20400000,10,546,10600000,8200000,13500000,4000000,' Rejected'
3925,5,' Not Graduate',' No',3200000,9300000,6,656,7000000,3200000,12700000,4200000,' Approved'
621,2,' Graduate',' No',5000000,10600000,4,570,11900000,900000,14800000,7100000,' Approved'
2522,1,' Graduate',' Yes',3500000,8100000,10,626,7100000,5500000,7200000,2900000,' Approved'
732,2,' Graduate',' No',3400000,12900000,14,857,3400000,2500000,8700000,1900000,' Approved'
2899,4,' Not Graduate',' No',6000000,14900000,2,321,6900000,7700000,18000000,6500000,' Rejected'
3305,5,' Graduate',' No',9200000,18600000,20,497,1000000,300000,24200000,10700000,' Rejected'
250,1,' Not Graduate',' Yes',1900000,5000000,6,560,1000000,1900000,6300000,1400000,' Approved'
2932,4,' Graduate',' Yes',4900000,12800000,2,691,200000,4900000,14700000,7000000,' Approved'
1922,1,' Graduate',' Yes',7800000,16200000,2,335,4900000,7900000,28700000,6400000,' Rejected'
2380,5,' Graduate',' No',7300000,26200000,10,751,1400000,12200000,26700000,10400000,' Approved'
1024,4,' Not Graduate',' Yes',1100000,2900000,4,554,2800000,1000000,4100000,1600000,' Approved'
3878,2,' Graduate',' Yes',3100000,10700000,4,398,3100000,3000000,7400000,2000000,' Approved'
3878,2,' Graduate',' Yes',3100000,10700000,4,398,3100000,3000000,7400000,2000000,' Approved'
1855,5,' Not Graduate',' No',900000,3100000,20,834,1000000,900000,2100000,1300000,' Approved'
3172,0,' Graduate',' No',8400000,19800000,16,674,500000,12200000,27400000,10700000,' Approved'
567,2,' Not Graduate',' No',2800000,5900000,6,895,1000000,3900000,10900000,1500000,' Approved'
2480,2,' Graduate',' No',2700000,9300000,16,656,7700000,2500000,6400000,3600000,' Approved'
2176,2,' Graduate',' No',7000000,19800000,10,563,3900000,9400000,22800000,8000000,' Approved'
3194,5,' Graduate',' Yes',7700000,16400000,2,663,1100000,14800000,15800000,3900000,' Approved'
1282,3,' Graduate',' No',7700000,27700000,4,439,13900000,7500000,27100000,6200000,' Approved'
699,2,' Graduate',' Yes',8100000,28500000,20,420,1500000,1400000,31800000,10000000,' Rejected'
2954,5,' Not Graduate',' No',6900000,19200000,12,408,10000000,5000000,24900000,9000000,' Rejected'
1600,2,' Not Graduate',' Yes',3900000,9300000,8,591,10900000,2700000,9600000,3300000,' Approved'
4057,2,' Graduate',' Yes',7800000,22100000,6,533,11900000,2500000,19300000,10800000,' Rejected'
3010,4,' Not Graduate',' No',1100000,3300000,18,417,1400000,1000000,4200000,700000,' Rejected'
4198,3,' Not Graduate',' Yes',8600000,23200000,12,894,22100000,13900000,29200000,4500000,' Approved'
355,4,' Not Graduate',' No',7900000,17200000,14,318,14200000,9500000,23200000,9000000,' Rejected'
4090,0,' Not Graduate',' No',8200000,20900000,14,766,4400000,12300000,18400000,12100000,' Approved'
335,3,' Graduate',' Yes',3200000,8600000,2,427,3900000,1800000,7100000,4700000,' Rejected'
3592,3,' Not Graduate',' Yes',700000,2000000,18,544,800000,1300000,1500000,400000,' Rejected'
3548,0,' Graduate',' Yes',5300000,17600000,4,790,2000000,10200000,19700000,7700000,' Approved'
3322,3,' Not Graduate',' No',2600000,8100000,12,425,7300000,1900000,6800000,2200000,' Rejected'
3078,3,' Graduate',' Yes',3400000,8500000,6,584,4200000,4700000,6800000,3700000,' Approved'
3663,3,' Not Graduate',' Yes',5500000,20400000,10,546,10600000,8200000,13500000,4000000,' Rejected'
863,2,' Not Graduate',' No',4800000,10600000,8,588,3700000,5200000,15000000,4500000,' Approved'
4102,4,' Graduate',' No',400000,800000,16,685,500000,300000,1300000,600000,' Approved'
2077,2,' Not Graduate',' No',1500000,4200000,16,771,2500000,800000,5700000,1100000,' Approved'
3652,4,' Not Graduate',' No',800000,2800000,12,453,1500000,300000,2900000,600000,' Rejected'
1658,4,' Not Graduate',' No',3900000,9000000,2,674,8700000,5700000,14000000,3100000,' Approved'
3663,3,' Not Graduate',' Yes',5500000,20400000,10,546,10600000,8200000,13500000,4000000,' Rejected'
3688,2,' Not Graduate',' Yes',2100000,4500000,18,591,2500000,500000,5500000,1500000,' Approved'
2432,4,' Graduate',' No',7800000,28600000,2,703,500000,12400000,29500000,10500000,' Approved'
1925,0,' Graduate',' Yes',5000000,19900000,6,748,8300000,8500000,11300000,3000000,' Approved'
3245,3,' Not Graduate',' Yes',7100000,25400000,10,725,20600000,5300000,16000000,8600000,' Approved'
2142,5,' Graduate',' Yes',4400000,16500000,10,806,3500000,4400000,11200000,2800000,' Approved'
3527,0,' Graduate',' No',500000,1600000,18,865,1400000,400000,1000000,200000,' Approved'
2782,1,' Graduate',' Yes',3800000,10000000,16,873,5100000,2800000,10300000,4000000,' Approved'
3947,1,' Graduate',' Yes',3500000,10800000,14,632,6900000,1500000,10900000,4200000,' Approved'
130,3,' Graduate',' No',400000,1200000,12,861,200000,600000,1100000,200000,' Approved'
1749,2,' Graduate',' No',4200000,10200000,14,407,5900000,4500000,12000000,2500000,' Rejected'
207,2,' Graduate',' No',9800000,20900000,12,768,3400000,10200000,38600000,13400000,' Approved'
1830,1,' Not Graduate',' Yes',3000000,6000000,16,518,3800000,1700000,11600000,3900000,' Rejected'
688,1,' Not Graduate',' Yes',8700000,30700000,6,708,20600000,4500000,27600000,9300000,' Approved'
757,1,' Not Graduate',' Yes',4700000,18700000,20,445,2100000,0,11100000,4000000,' Rejected'
981,3,' Graduate',' No',3200000,6900000,20,735,1500000,3700000,9200000,3100000,' Approved'
2123,2,' Graduate',' No',4700000,17700000,14,675,5800000,7200000,13100000,6500000,' Approved'
459,0,' Graduate',' No',7400000,20900000,6,635,15600000,14000000,21000000,7200000,' Approved'
990,5,' Not Graduate',' No',4400000,14900000,4,865,8200000,6200000,14900000,3500000,' Approved'
1030,2,' Not Graduate',' Yes',9500000,37000000,8,887,21800000,18300000,19200000,11700000,' Approved'
2188,5,' Graduate',' No',6600000,21400000,10,447,12700000,11100000,20200000,6400000,' Rejected'
3153,0,' Not Graduate',' No',6900000,23500000,2,621,7800000,7300000,23100000,9400000,' Approved'
4124,0,' Not Graduate',' Yes',6200000,16200000,6,508,5600000,5700000,21500000,3600000,' Rejected'
2691,0,' Not Graduate',' Yes',8300000,16800000,18,422,8000000,10600000,23300000,11400000,' Rejected'
1605,5,' Not Graduate',' Yes',1500000,5500000,4,414,800000,1400000,2900000,1200000,' Approved'
633,5,' Not Graduate',' No',6500000,13800000,10,342,15300000,2300000,14400000,7300000,' Rejected'
750,4,' Not Graduate',' No',5700000,19600000,8,691,8800000,2200000,12100000,3000000,' Approved'
2873,1,' Not Graduate',' No',8100000,25400000,6,477,4500000,13200000,23200000,4400000,' Rejected'
2317,4,' Graduate',' Yes',8600000,27900000,8,458,22400000,1800000,34000000,11700000,' Rejected'
2053,2,' Graduate',' No',9400000,23100000,4,488,20100000,3500000,28600000,10900000,' Rejected'
1519,4,' Graduate',' Yes',2400000,7100000,16,871,7000000,300000,8500000,3500000,' Approved'
2428,2,' Graduate',' No',9300000,22000000,14,393,4300000,3800000,28400000,13900000,' Rejected'
1137,1,' Graduate',' Yes',9000000,33500000,18,727,18800000,10500000,28100000,5300000,' Approved'
3703,4,' Graduate',' No',2200000,7800000,20,633,0,3900000,8400000,1900000,' Approved'
684,3,' Not Graduate',' Yes',6400000,15200000,14,467,15500000,9100000,18400000,3200000,' Rejected'
2074,0,' Not Graduate',' No',8400000,19600000,18,530,17000000,3600000,24200000,12300000,' Rejected'
236,1,' Graduate',' Yes',6900000,23400000,4,481,18700000,1100000,23400000,10200000,' Approved'
2646,0,' Not Graduate',' Yes',800000,3200000,8,467,900000,400000,3100000,800000,' Rejected'
1048,2,' Graduate',' No',3300000,11800000,4,393,5700000,3700000,6800000,2600000,' Approved'
3896,0,' Graduate',' Yes',1800000,5200000,16,317,4900000,1500000,4000000,1300000,' Rejected'
252,5,' Graduate',' No',2600000,9100000,8,852,3700000,700000,10300000,3300000,' Approved'
3047,2,' Not Graduate',' Yes',5000000,14600000,10,808,4400000,3500000,17300000,3100000,' Approved'
1423,3,' Graduate',' No',800000,2500000,12,828,1700000,0,1500000,700000,' Approved'
325,2,' Not Graduate',' No',5700000,16400000,12,708,3700000,800000,15000000,4400000,' Approved'
3641,3,' Not Graduate',' Yes',7800000,17700000,6,876,15600000,15200000,25100000,10800000,' Approved'
3282,3,' Graduate',' Yes',4300000,16600000,10,571,5700000,3700000,12800000,5800000,' Approved'
1388,5,' Not Graduate',' Yes',9400000,26600000,20,771,10200000,12600000,36900000,11700000,' Approved'
3357,4,' Graduate',' No',5100000,15500000,8,392,6700000,8100000,13600000,6700000,' Rejected'
2058,1,' Graduate',' Yes',6800000,27200000,2,702,4600000,2400000,27100000,6300000,' Approved'
2911,5,' Not Graduate',' No',500000,1200000,16,499,600000,600000,1500000,200000,' Rejected'
3739,5,' Graduate',' No',3200000,12200000,6,493,7700000,6200000,6700000,2100000,' Rejected'
1563,1,' Graduate',' Yes',7600000,19300000,20,835,5800000,2300000,22000000,8200000,' Approved'
3034,1,' Graduate',' No',6300000,19000000,20,673,14600000,8100000,16000000,4200000,' Approved'
3896,0,' Graduate',' Yes',1800000,5200000,16,317,4900000,1500000,4000000,1300000,' Rejected'
3382,4,' Not Graduate',' No',3400000,10500000,16,543,3100000,4500000,11100000,4500000,' Rejected'
3360,4,' Graduate',' No',5800000,14700000,10,692,2300000,10100000,17700000,3900000,' Approved'
405,3,' Graduate',' No',500000,1000000,20,501,800000,800000,900000,200000,' Rejected'
3218,0,' Not Graduate',' Yes',6900000,21300000,18,845,17400000,5600000,21400000,6600000,' Approved'
2902,0,' Not Graduate',' Yes',4000000,10300000,4,819,11100000,1200000,15200000,2600000,' Approved'
3511,4,' Graduate',' Yes',8700000,23400000,16,372,10600000,11700000,20000000,8000000,' Rejected'
1426,3,' Not Graduate',' Yes',2500000,9800000,16,424,4700000,3200000,5800000,1300000,' Rejected'
227,3,' Not Graduate',' Yes',5900000,20600000,10,777,1900000,4600000,21200000,6400000,' Approved'
3963,3,' Graduate',' Yes',500000,1900000,18,618,-100000,600000,1000000,400000,' Approved'
1577,0,' Graduate',' Yes',5900000,15100000,10,794,6000000,4300000,14900000,5400000,' Approved'
3321,1,' Graduate',' No',1600000,4600000,12,415,800000,600000,3900000,1500000,' Rejected'
3126,0,' Graduate',' Yes',3300000,9700000,14,356,9800000,4800000,9400000,1900000,' Rejected'
1430,5,' Not Graduate',' No',6600000,25800000,10,670,4600000,7200000,20600000,8500000,' Approved'
801,1,' Graduate',' No',3100000,10600000,14,665,6200000,800000,9500000,3900000,' Approved'
1679,1,' Graduate',' Yes',6400000,17900000,6,575,6600000,7600000,23100000,5300000,' Approved'
576,5,' Graduate',' Yes',1700000,5800000,4,583,2000000,1800000,6000000,2300000,' Approved'
3129,1,' Not Graduate',' Yes',500000,1700000,18,617,400000,100000,1400000,500000,' Approved'
2342,1,' Graduate',' Yes',8000000,30600000,10,720,23700000,8500000,24900000,9700000,' Approved'
2886,0,' Not Graduate',' No',8000000,31000000,8,847,4900000,9500000,29600000,5700000,' Approved'
1678,1,' Graduate',' Yes',6400000,13900000,12,313,18600000,6300000,18600000,4900000,' Rejected'
2137,2,' Graduate',' No',7100000,21400000,12,699,11400000,13400000,22600000,4800000,' Approved'
3102,1,' Not Graduate',' Yes',1600000,4400000,4,364,2500000,700000,4300000,2400000,' Rejected'
3507,5,' Graduate',' No',700000,2400000,16,447,1300000,700000,2600000,800000,' Rejected'
946,5,' Not Graduate',' Yes',7600000,18700000,14,509,8500000,8500000,22200000,3700000,' Rejected'
4226,5,' Graduate',' Yes',3800000,10300000,16,606,7700000,1900000,9900000,2700000,' Approved'
319,4,' Graduate',' No',3700000,13200000,4,802,9800000,2400000,12500000,4300000,' Approved'
3174,2,' Graduate',' Yes',4600000,12600000,2,355,6300000,6900000,14800000,6500000,' Rejected'
3179,5,' Not Graduate',' Yes',5800000,14000000,14,418,3900000,10400000,15100000,6800000,' Rejected'
1135,2,' Not Graduate',' No',1600000,5200000,16,525,300000,2900000,5600000,1600000,' Rejected'
1305,2,' Graduate',' Yes',9400000,24800000,14,513,24200000,18200000,37200000,7500000,' Rejected'
4103,2,' Not Graduate',' Yes',3300000,10700000,8,806,5700000,600000,11500000,4900000,' Approved'
3258,4,' Graduate',' Yes',2700000,10400000,16,671,6100000,3700000,5600000,4000000,' Approved'
2090,0,' Not Graduate',' Yes',800000,2600000,2,618,300000,1200000,2000000,500000,' Approved'
2703,5,' Not Graduate',' Yes',9700000,29100000,18,732,4700000,7400000,35600000,12400000,' Approved'
535,2,' Graduate',' Yes',4400000,10000000,20,516,7400000,7600000,12200000,5100000,' Rejected'
1151,2,' Graduate',' No',5200000,17200000,12,565,3500000,1300000,20000000,6300000,' Approved'
3726,3,' Graduate',' Yes',6300000,19900000,12,770,1900000,2400000,15500000,3100000,' Approved'
1616,1,' Graduate',' No',1200000,2800000,12,431,900000,400000,2900000,900000,' Rejected'
2185,4,' Not Graduate',' No',3300000,7000000,20,504,8200000,3200000,7300000,2500000,' Rejected'
2017,4,' Not Graduate',' No',5800000,14200000,20,535,10200000,4000000,21100000,3400000,' Rejected'
1586,3,' Graduate',' No',8300000,30500000,10,473,13300000,9400000,23300000,11800000,' Rejected'
2766,2,' Not Graduate',' No',2700000,6700000,8,413,7600000,800000,9200000,2300000,' Rejected'
1712,4,' Graduate',' Yes',6900000,19000000,14,330,9300000,7100000,18800000,8400000,' Rejected'
3706,2,' Not Graduate',' Yes',2800000,7000000,2,834,500000,2900000,8100000,1300000,' Approved'
1674,1,' Graduate',' Yes',7600000,25400000,10,595,7900000,400000,24900000,11000000,' Approved'
3694,5,' Graduate',' Yes',5400000,21400000,12,399,4000000,9700000,12400000,6800000,' Rejected'
2904,5,' Graduate',' Yes',8100000,22500000,2,808,4800000,6100000,16900000,6000000,' Approved'
1918,0,' Graduate',' Yes',9300000,25000000,14,362,14900000,16100000,32300000,11000000,' Rejected'
657,0,' Graduate',' Yes',3700000,8500000,8,424,1900000,5600000,14800000,4100000,' Rejected'
2066,4,' Not Graduate',' Yes',9100000,33000000,8,543,15700000,14400000,19500000,11200000,' Rejected'
670,1,' Graduate',' No',6000000,20100000,6,476,13900000,10000000,15200000,5500000,' Rejected'
1136,5,' Graduate',' Yes',800000,2500000,12,403,500000,0,3200000,800000,' Rejected'
4180,2,' Not Graduate',' No',1900000,4600000,12,587,3000000,1300000,4800000,1100000,' Approved'
2572,3,' Not Graduate',' No',8100000,22300000,10,686,20400000,8700000,19200000,6200000,' Approved'
2010,4,' Graduate',' No',700000,1800000,8,874,1600000,1000000,1300000,300000,' Approved'
4140,3,' Graduate',' No',5600000,20300000,4,330,16100000,5100000,15300000,4200000,' Approved'
530,2,' Graduate',' No',4600000,13500000,16,587,7700000,5900000,10600000,5000000,' Approved'
2450,5,' Graduate',' Yes',5200000,12700000,16,718,11700000,100000,18100000,7200000,' Approved'
1390,5,' Not Graduate',' No',4600000,11500000,16,668,6500000,3100000,10200000,5500000,' Approved'
4039,3,' Not Graduate',' Yes',5200000,15000000,20,432,6900000,5000000,15600000,5100000,' Rejected'
935,3,' Graduate',' Yes',7900000,29200000,4,399,23200000,5500000,30200000,6900000,' Approved'
1528,0,' Graduate',' No',5900000,11800000,12,468,9100000,10000000,17500000,6200000,' Rejected'
1299,2,' Graduate',' No',2200000,4800000,6,721,1800000,100000,6900000,2200000,' Approved'
3084,5,' Not Graduate',' Yes',8400000,17600000,12,397,13400000,14500000,24500000,7900000,' Rejected'
3985,4,' Not Graduate',' Yes',7100000,19400000,16,363,17900000,2600000,22600000,4000000,' Rejected'
1838,5,' Not Graduate',' Yes',4400000,12500000,6,740,8200000,2300000,9900000,5400000,' Approved'
335,3,' Graduate',' Yes',3200000,8600000,2,427,3900000,1800000,7100000,4700000,' Rejected'
3489,3,' Graduate',' Yes',6300000,23300000,4,347,18300000,12200000,21100000,8100000,' Approved'
1440,3,' Not Graduate',' No',3900000,10500000,20,821,1600000,6300000,11000000,3900000,' Approved'
2890,0,' Not Graduate',' Yes',1800000,6500000,12,728,3500000,0,6100000,1900000,' Approved'
3299,2,' Not Graduate',' Yes',6800000,15500000,12,338,9900000,1200000,21800000,8500000,' Rejected'
1418,4,' Not Graduate',' No',400000,1000000,10,447,0,300000,900000,300000,' Rejected'
1433,2,' Not Graduate',' Yes',2900000,7800000,18,588,400000,100000,11600000,4200000,' Approved'
3557,5,' Graduate',' No',5200000,20700000,2,538,3200000,2000000,14600000,3600000,' Approved'
583,0,' Graduate',' Yes',8200000,19200000,16,492,16500000,9200000,20000000,7200000,' Rejected'
2851,1,' Not Graduate',' Yes',1000000,3200000,2,710,100000,200000,3300000,900000,' Approved'
1178,4,' Graduate',' No',3500000,8900000,20,809,7100000,1500000,13700000,3200000,' Approved'
1729,3,' Not Graduate',' Yes',700000,1600000,18,303,600000,500000,2000000,600000,' Rejected'
4198,3,' Not Graduate',' Yes',8600000,23200000,12,894,22100000,13900000,29200000,4500000,' Approved'
2634,0,' Graduate',' No',7300000,16100000,2,490,7600000,1400000,21800000,10700000,' Rejected'
3576,4,' Not Graduate',' No',7400000,15400000,6,677,22000000,13500000,28900000,7400000,' Approved'
2337,4,' Graduate',' No',5500000,21700000,14,867,5000000,8700000,15200000,3100000,' Approved'
671,1,' Graduate',' Yes',2000000,5600000,18,320,2400000,2300000,4600000,2100000,' Rejected'
1128,4,' Graduate',' No',9600000,25500000,20,544,4000000,11400000,23800000,11100000,' Rejected'
35,3,' Graduate',' No',4900000,11900000,8,612,9700000,1200000,19000000,5800000,' Approved'
877,4,' Graduate',' No',4300000,11500000,20,337,11100000,6000000,17000000,5200000,' Rejected'
2649,3,' Graduate',' No',6100000,13500000,2,717,15700000,4200000,16100000,3400000,' Approved'
4183,1,' Not Graduate',' No',400000,1600000,16,784,800000,700000,700000,100000,' Approved'
2878,0,' Not Graduate',' No',6000000,20600000,12,339,3400000,10700000,17200000,8200000,' Rejected'
138,5,' Not Graduate',' Yes',2200000,6700000,6,382,4400000,1300000,8600000,1100000,' Rejected'
4018,3,' Graduate',' Yes',2200000,4400000,2,861,1300000,2600000,4500000,2300000,' Approved'
1908,2,' Graduate',' No',3200000,6300000,10,339,300000,4900000,7300000,2700000,' Rejected'
3004,3,' Graduate',' Yes',4300000,12800000,16,346,3300000,1100000,11900000,3800000,' Rejected'
2362,2,' Not Graduate',' Yes',8300000,20600000,10,504,100000,900000,33200000,6700000,' Rejected'
7,5,' Graduate',' No',8700000,33000000,4,678,22500000,14800000,29200000,4300000,' Approved'
4042,2,' Graduate',' No',3000000,6500000,4,476,7900000,300000,9400000,1500000,' Rejected'
704,4,' Not Graduate',' Yes',6700000,15800000,12,466,7500000,4600000,19900000,6600000,' Rejected'
3557,5,' Graduate',' No',5200000,20700000,2,538,3200000,2000000,14600000,3600000,' Approved'
318,1,' Graduate',' No',4400000,10800000,12,674,9600000,2700000,17200000,5300000,' Approved'
3083,4,' Graduate',' No',3900000,11400000,20,867,3800000,1100000,13600000,3200000,' Approved'
2103,1,' Not Graduate',' No',7900000,29300000,2,771,17600000,12800000,20400000,4000000,' Approved'
2339,5,' Graduate',' No',6100000,20700000,20,482,9400000,2000000,16900000,5900000,' Rejected'
1519,4,' Graduate',' Yes',2400000,7100000,16,871,7000000,300000,8500000,3500000,' Approved'
3013,5,' Graduate',' No',7500000,22800000,16,347,15100000,1200000,16100000,10700000,' Rejected'
1439,1,' Not Graduate',' No',8000000,27800000,6,667,6000000,12600000,22500000,9900000,' Approved'
536,4,' Not Graduate',' Yes',4300000,15000000,8,383,4700000,100000,9000000,4900000,' Rejected'
1279,4,' Graduate',' No',7600000,29000000,8,739,22100000,8100000,22100000,8800000,' Approved'
2635,5,' Graduate',' No',5300000,20500000,16,802,11200000,7100000,21100000,4100000,' Approved'
856,4,' Graduate',' No',7000000,18900000,6,475,1300000,6100000,14700000,5200000,' Rejected'
434,0,' Graduate',' Yes',6300000,21500000,8,629,600000,3400000,22000000,5200000,' Approved'
412,1,' Graduate',' Yes',3500000,7200000,2,865,4100000,3200000,11900000,4200000,' Approved'
2822,4,' Graduate',' No',7600000,25100000,4,671,4600000,13200000,27400000,4300000,' Approved'
1272,5,' Not Graduate',' No',500000,1500000,12,527,100000,600000,1100000,200000,' Rejected'
4097,4,' Not Graduate',' No',5500000,20200000,14,611,13700000,5700000,15100000,7200000,' Approved'
318,1,' Graduate',' No',4400000,10800000,12,674,9600000,2700000,17200000,5300000,' Approved'
2028,4,' Not Graduate',' Yes',3800000,8200000,4,309,10900000,3900000,10200000,3300000,' Rejected'
901,0,' Graduate',' Yes',5400000,21400000,8,721,8200000,6400000,16700000,7400000,' Approved'
3631,4,' Graduate',' Yes',2900000,5900000,18,621,200000,3100000,8500000,3500000,' Approved'
276,1,' Not Graduate',' No',7000000,23000000,10,886,14000000,3700000,26700000,3600000,' Approved'
3001,1,' Not Graduate',' Yes',9900000,25700000,2,340,15600000,18800000,29500000,11800000,' Rejected'
3157,1,' Not Graduate',' No',3200000,6600000,16,534,8800000,2600000,6500000,1800000,' Rejected'
4090,0,' Not Graduate',' No',8200000,20900000,14,766,4400000,12300000,18400000,12100000,' Approved'
645,3,' Not Graduate',' No',4100000,8500000,2,833,12000000,0,16200000,3400000,' Approved'
273,3,' Graduate',' No',8800000,20400000,8,483,3200000,11400000,28200000,11800000,' Rejected'
3062,2,' Not Graduate',' Yes',3300000,9600000,18,896,9900000,900000,12100000,4900000,' Approved'
299,5,' Graduate',' No',800000,2600000,6,560,100000,200000,3000000,1000000,' Approved'
3963,3,' Graduate',' Yes',500000,1900000,18,618,-100000,600000,1000000,400000,' Approved'
2660,0,' Not Graduate',' Yes',8400000,27200000,10,514,2500000,6400000,20100000,7200000,' Rejected'
252,5,' Graduate',' No',2600000,9100000,8,852,3700000,700000,10300000,3300000,' Approved'
311,3,' Not Graduate',' No',6400000,24400000,4,483,7800000,2400000,19100000,4500000,' Approved'
3110,4,' Not Graduate',' Yes',4000000,11000000,8,791,500000,4700000,10300000,3000000,' Approved'
3574,2,' Not Graduate',' No',4400000,10600000,20,488,10800000,2400000,13200000,4600000,' Rejected'
2338,1,' Graduate',' No',5700000,15500000,8,544,10500000,8700000,20900000,7000000,' Rejected'
2380,5,' Graduate',' No',7300000,26200000,10,751,1400000,12200000,26700000,10400000,' Approved'
2308,5,' Not Graduate',' Yes',6700000,17600000,14,843,12700000,200000,19500000,5600000,' Approved'
23,4,' Graduate',' Yes',6500000,25700000,18,311,13100000,1700000,19500000,8500000,' Rejected'
2408,2,' Graduate',' Yes',900000,3500000,6,763,2300000,300000,2000000,600000,' Approved'
2963,1,' Graduate',' No',900000,2600000,4,346,400000,700000,2900000,900000,' Rejected'
1427,2,' Graduate',' No',1500000,3300000,18,440,800000,2300000,3000000,1800000,' Rejected'
1830,1,' Not Graduate',' Yes',3000000,6000000,16,518,3800000,1700000,11600000,3900000,' Rejected'
56,5,' Not Graduate',' No',6700000,24500000,12,818,1200000,5600000,16300000,6200000,' Approved'
3004,3,' Graduate',' Yes',4300000,12800000,16,346,3300000,1100000,11900000,3800000,' Rejected'
3288,1,' Not Graduate',' Yes',8700000,33800000,18,558,18300000,11500000,31500000,5900000,' Approved'
2137,2,' Graduate',' No',7100000,21400000,12,699,11400000,13400000,22600000,4800000,' Approved'
3164,3,' Not Graduate',' Yes',9900000,26700000,10,550,22200000,15900000,36800000,6600000,' Approved'
1927,4,' Graduate',' No',5300000,15800000,2,527,3800000,5200000,19700000,3900000,' Rejected'
4103,2,' Not Graduate',' Yes',3300000,10700000,8,806,5700000,600000,11500000,4900000,' Approved'
4039,3,' Not Graduate',' Yes',5200000,15000000,20,432,6900000,5000000,15600000,5100000,' Rejected'
3212,4,' Graduate',' No',1200000,2600000,8,872,1600000,2100000,2700000,900000,' Approved'
177,4,' Not Graduate',' No',9200000,27200000,12,873,4500000,1800000,33800000,11400000,' Approved'
2757,2,' Graduate',' Yes',2800000,8400000,10,534,8300000,4800000,10600000,1500000,' Rejected'
4097,4,' Not Graduate',' No',5500000,20200000,14,611,13700000,5700000,15100000,7200000,' Approved'
2693,1,' Not Graduate',' Yes',9700000,23500000,4,666,15100000,9400000,23300000,8000000,' Approved'
445,1,' Not Graduate',' Yes',3600000,10300000,12,536,6800000,500000,12200000,2700000,' Rejected'
561,4,' Graduate',' No',8000000,25500000,4,722,17200000,13900000,26200000,4900000,' Approved'
2829,4,' Graduate',' Yes',9200000,18600000,2,889,26900000,4200000,33300000,9700000,' Approved'
243,5,' Graduate',' No',5700000,12900000,18,807,4100000,900000,18600000,5500000,' Approved'
2073,0,' Graduate',' No',300000,500000,2,885,200000,400000,700000,200000,' Approved'
527,0,' Not Graduate',' No',2400000,5000000,14,580,5900000,4400000,5500000,3200000,' Approved'
501,2,' Graduate',' No',200000,700000,8,851,400000,200000,800000,200000,' Approved'
279,4,' Not Graduate',' No',2000000,4700000,18,733,3700000,3700000,7000000,2800000,' Approved'
2924,0,' Graduate',' Yes',8500000,20000000,16,786,13300000,7400000,17700000,8900000,' Approved'
4269,1,' Graduate',' No',9200000,29700000,10,607,17800000,11800000,35700000,12000000,' Approved'
2271,3,' Graduate',' No',7200000,27900000,12,473,21100000,8800000,27800000,8700000,' Rejected'
3124,1,' Not Graduate',' Yes',9700000,24700000,14,600,13600000,14000000,35500000,6700000,' Approved'
444,2,' Graduate',' No',7700000,16700000,6,555,12900000,2900000,18100000,8500000,' Approved'
3654,1,' Graduate',' Yes',4300000,17200000,4,564,10400000,6600000,11500000,2200000,' Approved'
3201,3,' Not Graduate',' Yes',8400000,20500000,12,796,22900000,10500000,17600000,11200000,' Approved'
3752,5,' Not Graduate',' No',2700000,8700000,14,772,2200000,2800000,7600000,3700000,' Approved'
3797,2,' Not Graduate',' No',8000000,17800000,20,549,2400000,9700000,27400000,10800000,' Rejected'
3210,5,' Graduate',' No',700000,1800000,10,650,1300000,100000,1500000,300000,' Approved'
874,4,' Graduate',' No',9000000,34700000,4,771,4800000,9500000,34100000,7700000,' Approved'
1491,0,' Not Graduate',' No',7000000,25300000,14,697,15100000,10400000,14300000,6700000,' Approved'
1713,2,' Not Graduate',' Yes',3000000,7400000,10,712,5100000,1000000,11600000,3800000,' Approved'
429,4,' Not Graduate',' Yes',400000,900000,20,771,1000000,500000,1600000,500000,' Approved'
1422,4,' Not Graduate',' No',7100000,14300000,14,537,13700000,10400000,18200000,6100000,' Rejected'
3901,0,' Graduate',' Yes',8200000,29700000,6,405,3900000,800000,23900000,5700000,' Rejected'
2347,3,' Graduate',' No',8000000,26200000,16,890,15800000,4300000,25000000,4000000,' Approved'
3677,2,' Not Graduate',' Yes',7900000,16100000,18,318,17300000,2900000,29900000,9300000,' Rejected'
2177,3,' Graduate',' Yes',6700000,13400000,14,782,4900000,4000000,25800000,9600000,' Approved'
305,5,' Not Graduate',' Yes',9200000,23600000,12,656,1400000,11200000,36400000,4900000,' Approved'
946,5,' Not Graduate',' Yes',7600000,18700000,14,509,8500000,8500000,22200000,3700000,' Rejected'
3588,5,' Not Graduate',' Yes',600000,1700000,20,879,1100000,100000,2300000,700000,' Approved'
1602,0,' Not Graduate',' Yes',2100000,4900000,10,359,1000000,800000,6100000,1000000,' Rejected'
3661,5,' Not Graduate',' No',3800000,10500000,10,759,1800000,6700000,8100000,5300000,' Approved'
435,3,' Graduate',' No',8800000,18100000,6,699,6400000,2100000,18500000,9400000,' Approved'
241,2,' Graduate',' No',9600000,22500000,18,851,7400000,16200000,24300000,12700000,' Approved'
207,2,' Graduate',' No',9800000,20900000,12,768,3400000,10200000,38600000,13400000,' Approved'
4225,5,' Graduate',' Yes',800000,1800000,8,881,300000,1100000,2600000,400000,' Approved'
3196,5,' Not Graduate',' Yes',6000000,12300000,12,680,11400000,5300000,13800000,7300000,' Approved'
295,0,' Graduate',' No',8800000,20200000,4,433,16000000,4200000,30500000,12400000,' Rejected'
2382,2,' Graduate',' No',1400000,4700000,4,355,2100000,600000,4400000,1400000,' Approved'
716,5,' Not Graduate',' No',3900000,14000000,4,708,700000,1800000,15600000,5200000,' Approved'
1785,3,' Not Graduate',' No',7900000,28000000,4,394,22800000,13200000,18200000,3900000,' Approved'
2383,3,' Graduate',' Yes',8700000,33600000,14,314,7700000,10000000,21700000,6200000,' Rejected'
923,1,' Graduate',' Yes',9200000,29200000,6,669,9900000,12900000,23400000,11700000,' Approved'
1466,2,' Not Graduate',' Yes',3800000,8000000,12,866,6000000,600000,8400000,1900000,' Approved'
2560,0,' Graduate',' Yes',5900000,22700000,18,855,13400000,6300000,14500000,4000000,' Approved'
2159,2,' Graduate',' No',2500000,8700000,4,684,0,600000,9700000,2600000,' Approved'
647,5,' Graduate',' Yes',5400000,21200000,20,734,7300000,1800000,11500000,7500000,' Approved'
261,4,' Not Graduate',' No',2700000,8100000,4,325,5000000,800000,9900000,3400000,' Approved'
3112,5,' Graduate',' Yes',7300000,18700000,16,813,6600000,8200000,20000000,5800000,' Approved'
3008,3,' Graduate',' No',1100000,3100000,14,359,1500000,1000000,4000000,1000000,' Rejected'
2045,4,' Graduate',' No',3800000,8500000,10,416,6200000,4800000,14900000,4100000,' Rejected'
127,4,' Not Graduate',' Yes',400000,800000,10,859,900000,500000,800000,200000,' Approved'
2671,5,' Graduate',' Yes',600000,1400000,10,877,1400000,400000,2000000,700000,' Approved'
1066,2,' Not Graduate',' Yes',1800000,3600000,4,343,3400000,1100000,6200000,1500000,' Rejected'
1820,3,' Graduate',' Yes',7600000,30000000,10,344,19000000,13700000,27600000,11100000,' Rejected'
1238,2,' Not Graduate',' Yes',9500000,37500000,4,456,10200000,16800000,34100000,12900000,' Approved'
108,0,' Graduate',' No',2700000,10600000,6,591,1300000,2700000,9900000,1800000,' Approved'
2476,2,' Graduate',' No',6400000,25000000,12,667,13500000,5500000,25500000,5400000,' Approved'
4128,2,' Graduate',' No',5300000,13200000,10,500,4700000,9800000,20400000,2900000,' Rejected'
2658,1,' Not Graduate',' Yes',1200000,4800000,6,344,2900000,1700000,3200000,1300000,' Rejected'
1765,2,' Not Graduate',' Yes',600000,1100000,8,885,700000,0,1200000,300000,' Approved'
4022,1,' Not Graduate',' Yes',7900000,19100000,2,593,20800000,12200000,26100000,7800000,' Approved'
3828,1,' Graduate',' Yes',9600000,35900000,8,534,24500000,17700000,31900000,5400000,' Rejected'
989,3,' Not Graduate',' Yes',800000,2900000,10,644,600000,500000,2900000,400000,' Approved'
1553,0,' Not Graduate',' No',7000000,18300000,6,541,6300000,6400000,20800000,8300000,' Rejected'
459,0,' Graduate',' No',7400000,20900000,6,635,15600000,14000000,21000000,7200000,' Approved'
3534,5,' Not Graduate',' No',4200000,12600000,18,571,8900000,3200000,11700000,6200000,' Approved'
1167,1,' Not Graduate',' Yes',7800000,27200000,16,454,16100000,3400000,17100000,11400000,' Rejected'
1169,2,' Graduate',' No',8900000,28500000,6,367,22200000,16600000,21500000,9300000,' Rejected'
3337,2,' Graduate',' Yes',9400000,22700000,14,505,4000000,16900000,24700000,11500000,' Rejected'
788,1,' Graduate',' Yes',2600000,5500000,14,820,2700000,2400000,9300000,2000000,' Approved'
2413,4,' Not Graduate',' No',9700000,26200000,4,518,26200000,0,22500000,14000000,' Rejected'
3424,1,' Not Graduate',' No',1100000,3700000,2,508,200000,0,2200000,1300000,' Approved'
54,1,' Not Graduate',' Yes',8400000,23000000,12,657,15400000,14800000,31900000,8200000,' Approved'
527,0,' Not Graduate',' No',2400000,5000000,14,580,5900000,4400000,5500000,3200000,' Approved'
664,5,' Not Graduate',' No',9100000,19900000,20,519,9300000,16400000,28900000,10500000,' Rejected'
1472,3,' Not Graduate',' No',6600000,21400000,10,467,15200000,6000000,20300000,5200000,' Rejected'
1263,2,' Graduate',' Yes',2200000,7900000,6,659,3400000,1800000,8600000,2400000,' Approved'
426,0,' Graduate',' Yes',1100000,2800000,18,431,500000,300000,4300000,1400000,' Rejected'
582,1,' Not Graduate',' No',8800000,22200000,18,794,8400000,11900000,21000000,10500000,' Approved'
35,3,' Graduate',' No',4900000,11900000,8,612,9700000,1200000,19000000,5800000,' Approved'
3788,3,' Graduate',' Yes',8300000,22700000,2,650,3600000,16000000,18000000,5800000,' Approved'
599,0,' Graduate',' No',3400000,9400000,6,703,600000,6000000,8600000,2600000,' Approved'
3787,5,' Not Graduate',' No',4900000,14100000,2,802,3300000,7500000,16100000,2700000,' Approved'
442,5,' Graduate',' Yes',9600000,32400000,2,897,3500000,15400000,26800000,6200000,' Approved'
2904,5,' Graduate',' Yes',8100000,22500000,2,808,4800000,6100000,16900000,6000000,' Approved'
2074,0,' Not Graduate',' No',8400000,19600000,18,530,17000000,3600000,24200000,12300000,' Rejected'
1176,3,' Graduate',' Yes',7700000,16200000,6,380,11500000,15100000,22500000,6400000,' Rejected'
3102,1,' Not Graduate',' Yes',1600000,4400000,4,364,2500000,700000,4300000,2400000,' Rejected'
3102,1,' Not Graduate',' Yes',1600000,4400000,4,364,2500000,700000,4300000,2400000,' Rejected'
2757,2,' Graduate',' Yes',2800000,8400000,10,534,8300000,4800000,10600000,1500000,' Rejected'
2310,0,' Not Graduate',' No',6600000,25600000,8,718,12600000,12200000,21700000,9000000,' Approved'
2152,2,' Not Graduate',' No',7000000,25700000,18,374,3400000,13700000,14900000,4500000,' Rejected'
444,2,' Graduate',' No',7700000,16700000,6,555,12900000,2900000,18100000,8500000,' Approved'
3859,5,' Graduate',' Yes',2800000,10900000,6,359,5000000,3300000,7600000,3000000,' Rejected'
1322,2,' Graduate',' No',2100000,6600000,20,580,3800000,4100000,6200000,2100000,' Approved'
2417,2,' Not Graduate',' Yes',1200000,2900000,12,330,400000,1600000,3800000,600000,' Rejected'
2971,5,' Not Graduate',' No',6800000,24800000,8,621,13000000,13500000,23300000,4800000,' Approved'
2535,3,' Not Graduate',' No',800000,3000000,14,576,1200000,1300000,2600000,400000,' Approved'
3212,4,' Graduate',' No',1200000,2600000,8,872,1600000,2100000,2700000,900000,' Approved'
2219,3,' Not Graduate',' No',4300000,12600000,18,482,9300000,900000,13200000,6100000,' Rejected'
2206,1,' Not Graduate',' Yes',9900000,30900000,20,559,12100000,6100000,38600000,12100000,' Approved'
2300,2,' Not Graduate',' No',900000,2000000,14,337,1700000,0,2100000,600000,' Rejected'
3027,0,' Graduate',' Yes',2700000,9700000,20,551,1300000,1300000,7100000,1600000,' Approved'
1134,2,' Graduate',' No',4800000,18500000,20,605,5700000,5500000,14700000,5800000,' Approved'
859,1,' Not Graduate',' Yes',2400000,6200000,12,337,3400000,2100000,9400000,2300000,' Rejected'
3925,5,' Not Graduate',' No',3200000,9300000,6,656,7000000,3200000,12700000,4200000,' Approved'
3935,1,' Not Graduate',' No',5100000,14200000,6,451,6100000,7600000,11400000,5600000,' Rejected'
729,1,' Not Graduate',' No',3400000,8600000,16,312,6400000,6100000,8400000,3000000,' Rejected'
30,3,' Not Graduate',' Yes',9000000,31500000,10,850,21800000,12400000,33700000,8000000,' Approved'
311,3,' Not Graduate',' No',6400000,24400000,4,483,7800000,2400000,19100000,4500000,' Approved'
1873,4,' Graduate',' Yes',6900000,16300000,8,606,5800000,900000,23700000,3600000,' Approved'
1418,4,' Not Graduate',' No',400000,1000000,10,447,0,300000,900000,300000,' Rejected'
2717,0,' Not Graduate',' Yes',7100000,18600000,20,770,19200000,13100000,23100000,5100000,' Approved'
1833,0,' Not Graduate',' No',8400000,22300000,14,371,8300000,3700000,22300000,9100000,' Rejected'
978,2,' Graduate',' No',7000000,24200000,8,833,13700000,4100000,26100000,9100000,' Approved'
1066,2,' Not Graduate',' Yes',1800000,3600000,4,343,3400000,1100000,6200000,1500000,' Rejected'
32,2,' Graduate',' No',5700000,12000000,6,363,3600000,7400000,21700000,4300000,' Rejected'
2465,1,' Not Graduate',' No',1500000,6000000,6,507,2600000,2700000,4800000,1900000,' Rejected'
3250,2,' Graduate',' No',4200000,16800000,4,771,6500000,4500000,10500000,5800000,' Approved'
2687,4,' Not Graduate',' Yes',6400000,21300000,20,332,3600000,9100000,16200000,8000000,' Rejected'
276,1,' Not Graduate',' No',7000000,23000000,10,886,14000000,3700000,26700000,3600000,' Approved'
2763,2,' Not Graduate',' No',1900000,4500000,6,805,2200000,3100000,4800000,2300000,' Approved'
4137,4,' Graduate',' Yes',7100000,18200000,4,790,2500000,2200000,25500000,9600000,' Approved'
1784,1,' Graduate',' Yes',8000000,24600000,12,649,10800000,1600000,21800000,9200000,' Approved'
2435,0,' Not Graduate',' No',3900000,11300000,12,305,5000000,5900000,8800000,2100000,' Rejected'
2691,0,' Not Graduate',' Yes',8300000,16800000,18,422,8000000,10600000,23300000,11400000,' Rejected'
670,1,' Graduate',' No',6000000,20100000,6,476,13900000,10000000,15200000,5500000,' Rejected'
3044,5,' Not Graduate',' Yes',7600000,25700000,4,607,12900000,13600000,29100000,4900000,' Approved'
1645,2,' Not Graduate',' Yes',2900000,10200000,10,315,8100000,400000,6500000,1600000,' Rejected'
1037,3,' Graduate',' Yes',7800000,26300000,20,840,1200000,11300000,24100000,5300000,' Approved'
2151,2,' Graduate',' No',4000000,13000000,4,695,6400000,6900000,15400000,4300000,' Approved'
3429,1,' Graduate',' Yes',1600000,5300000,4,713,1400000,1400000,4900000,1300000,' Approved'
3199,3,' Not Graduate',' No',5200000,17200000,18,768,9200000,5500000,11700000,3800000,' Approved'
323,4,' Graduate',' Yes',4900000,17100000,6,612,1300000,7000000,19500000,5000000,' Approved'
736,0,' Graduate',' No',4700000,14400000,14,881,11000000,6100000,17600000,2400000,' Approved'
565,5,' Graduate',' No',2000000,6100000,2,407,1900000,1900000,4600000,2000000,' Approved'
4188,3,' Not Graduate',' No',4100000,14100000,8,367,900000,800000,8900000,5300000,' Rejected'
3928,1,' Not Graduate',' Yes',700000,1800000,16,641,2100000,400000,1600000,900000,' Approved'
2271,3,' Graduate',' No',7200000,27900000,12,473,21100000,8800000,27800000,8700000,' Rejected'
343,4,' Graduate',' No',8000000,30100000,4,431,11900000,13800000,18800000,11500000,' Approved'
3015,4,' Graduate',' Yes',2500000,8000000,8,464,4000000,3000000,9000000,3000000,' Rejected'
405,3,' Graduate',' No',500000,1000000,20,501,800000,800000,900000,200000,' Rejected'
3035,0,' Graduate',' Yes',3100000,7100000,10,498,3800000,1100000,12200000,4300000,' Rejected'
2723,1,' Graduate',' No',1000000,3600000,4,570,1000000,1300000,3700000,1000000,' Approved'
2288,2,' Not Graduate',' No',200000,800000,6,338,100000,0,400000,100000,' Rejected'
218,4,' Graduate',' Yes',9600000,21100000,6,809,16100000,9500000,34700000,8700000,' Approved'
2943,2,' Not Graduate',' Yes',3800000,7600000,20,788,1700000,5200000,9200000,5600000,' Approved'
1879,1,' Graduate',' No',2600000,9900000,6,594,2900000,4300000,6700000,2500000,' Approved'
3249,0,' Graduate',' No',5400000,18400000,8,625,12100000,3000000,13000000,4800000,' Approved'
1058,0,' Graduate',' Yes',3800000,11200000,20,479,1100000,6400000,12000000,5400000,' Rejected'
2819,1,' Not Graduate',' Yes',9500000,24400000,14,696,25500000,6700000,29500000,6300000,' Approved'
4246,5,' Not Graduate',' Yes',6500000,23900000,2,507,500000,10200000,15900000,8000000,' Approved'
1300,4,' Not Graduate',' No',7600000,30300000,12,339,20400000,8000000,22200000,5800000,' Rejected'
2341,1,' Graduate',' No',6000000,21200000,12,549,17900000,8200000,16900000,6200000,' Rejected'
206,3,' Not Graduate',' No',2900000,6500000,18,827,8300000,600000,10400000,3200000,' Approved'
792,4,' Graduate',' Yes',9300000,35500000,6,547,2800000,17800000,27000000,13900000,' Rejected'
3731,5,' Graduate',' No',200000,700000,18,707,-100000,100000,500000,200000,' Approved'
2778,5,' Graduate',' Yes',8800000,21300000,14,852,8000000,6400000,28500000,9900000,' Approved'
1630,3,' Not Graduate',' No',4200000,11400000,10,654,8800000,400000,16200000,5700000,' Approved'
481,4,' Not Graduate',' No',8300000,30700000,6,381,21700000,2300000,26700000,4600000,' Rejected'
3626,5,' Graduate',' Yes',7400000,17100000,2,441,14700000,1600000,20600000,10800000,' Rejected'
1343,3,' Not Graduate',' No',2400000,8100000,6,630,5100000,2900000,9100000,2300000,' Approved'
629,2,' Not Graduate',' Yes',4500000,12500000,12,418,400000,4300000,12400000,4300000,' Rejected'
701,0,' Graduate',' Yes',7600000,17900000,16,788,1700000,7800000,27100000,5900000,' Approved'
2573,4,' Graduate',' Yes',7000000,19600000,8,708,17600000,2600000,24300000,4500000,' Approved'
2465,1,' Not Graduate',' No',1500000,6000000,6,507,2600000,2700000,4800000,1900000,' Rejected'
3464,0,' Graduate',' Yes',7400000,15200000,12,600,6200000,8500000,18800000,4100000,' Approved'
3711,5,' Not Graduate',' Yes',4500000,12700000,8,307,11000000,3800000,12600000,2700000,' Rejected'
979,2,' Not Graduate',' No',2400000,8800000,18,421,3200000,1500000,6700000,1400000,' Rejected'
1058,0,' Graduate',' Yes',3800000,11200000,20,479,1100000,6400000,12000000,5400000,' Rejected'
2584,4,' Graduate',' Yes',5900000,17300000,20,657,1500000,5600000,13000000,4100000,' Approved'
4197,2,' Graduate',' Yes',7800000,28900000,14,646,1800000,1800000,17700000,11000000,' Approved'
3500,1,' Graduate',' No',7400000,17900000,6,460,2600000,1300000,25900000,5000000,' Rejected'
3245,3,' Not Graduate',' Yes',7100000,25400000,10,725,20600000,5300000,16000000,8600000,' Approved'
2602,0,' Graduate',' Yes',7000000,21700000,20,498,6600000,5500000,14700000,3900000,' Rejected'
2234,1,' Graduate',' Yes',7500000,21400000,20,655,13000000,10300000,28100000,8100000,' Approved'
3439,5,' Not Graduate',' Yes',6800000,19000000,8,865,9500000,7200000,25000000,6300000,' Approved'
221,4,' Not Graduate',' No',2900000,10400000,6,673,5100000,1700000,10600000,1700000,' Approved'
2877,2,' Graduate',' Yes',2400000,7500000,4,851,3100000,700000,5600000,2400000,' Approved'
2790,3,' Graduate',' No',6600000,22200000,12,759,8900000,2200000,18700000,8500000,' Approved'
567,2,' Not Graduate',' No',2800000,5900000,6,895,1000000,3900000,10900000,1500000,' Approved'
474,5,' Graduate',' Yes',8200000,23500000,12,402,15100000,1500000,24300000,5800000,' Rejected'
52,2,' Graduate',' No',8700000,24700000,10,435,6800000,3500000,21800000,11300000,' Rejected'
1657,0,' Not Graduate',' No',4200000,14800000,20,510,9200000,5700000,11900000,2600000,' Rejected'
777,5,' Not Graduate',' No',3100000,10800000,10,681,5100000,1700000,7400000,1500000,' Approved'
1827,1,' Graduate',' No',6300000,22000000,20,646,9500000,7900000,13500000,5500000,' Approved'
3146,1,' Not Graduate',' Yes',8900000,22900000,4,757,8200000,11600000,17800000,7800000,' Approved'
917,1,' Not Graduate',' No',6900000,26200000,4,534,14500000,11900000,14900000,9400000,' Approved'
4022,1,' Not Graduate',' Yes',7900000,19100000,2,593,20800000,12200000,26100000,7800000,' Approved'
3708,3,' Graduate',' Yes',1700000,5800000,10,524,4100000,2900000,6600000,800000,' Rejected'
902,5,' Graduate',' No',3100000,9400000,10,414,200000,5300000,8000000,2800000,' Rejected'
464,1,' Graduate',' Yes',3800000,10500000,12,710,1800000,6200000,12500000,2500000,' Approved'
3257,5,' Graduate',' No',4000000,9100000,10,515,600000,6400000,9900000,5500000,' Rejected'
3758,3,' Graduate',' No',2800000,8500000,20,431,6200000,1700000,7800000,2200000,' Rejected'
1584,2,' Not Graduate',' No',3700000,10900000,12,788,1700000,700000,12200000,2600000,' Approved'
994,2,' Graduate',' No',7600000,28300000,12,800,19700000,14800000,15600000,7800000,' Approved'
3774,3,' Not Graduate',' Yes',8100000,29300000,2,413,8100000,15100000,25500000,6400000,' Approved'
1640,3,' Graduate',' Yes',3200000,9900000,10,316,9100000,5500000,8800000,3600000,' Rejected'
1584,2,' Not Graduate',' No',3700000,10900000,12,788,1700000,700000,12200000,2600000,' Approved'
2775,3,' Graduate',' Yes',8300000,27700000,4,596,20500000,15400000,21400000,7400000,' Approved'
4162,5,' Not Graduate',' No',1100000,4000000,2,362,1800000,1300000,3500000,1100000,' Approved'
3561,5,' Graduate',' Yes',6500000,18100000,10,360,15700000,10600000,20200000,6100000,' Rejected'
2974,0,' Graduate',' No',4800000,18600000,6,618,12300000,5900000,16800000,4000000,' Approved'
2088,0,' Graduate',' Yes',5400000,19500000,16,758,2600000,2700000,18300000,6000000,' Approved'
3292,5,' Not Graduate',' Yes',8400000,31900000,10,605,18900000,10300000,22000000,9100000,' Approved'
2589,0,' Not Graduate',' No',4700000,11500000,18,559,7500000,0,18700000,2600000,' Approved'
602,0,' Graduate',' Yes',5300000,10600000,2,828,8100000,6700000,17400000,5800000,' Approved'
599,0,' Graduate',' No',3400000,9400000,6,703,600000,6000000,8600000,2600000,' Approved'
2566,3,' Not Graduate',' Yes',9500000,20100000,2,506,16800000,800000,32700000,11000000,' Rejected'
3851,5,' Not Graduate',' Yes',2500000,9400000,16,735,0,2200000,9500000,1700000,' Approved'
1149,2,' Graduate',' No',7300000,20000000,6,729,13100000,10700000,17900000,9100000,' Approved'
455,2,' Graduate',' No',1800000,4700000,8,792,4500000,1200000,4100000,2200000,' Approved'
3326,4,' Not Graduate',' Yes',800000,2100000,6,353,700000,300000,2900000,1200000,' Rejected'
3884,4,' Graduate',' No',2300000,5400000,16,490,6200000,3700000,5500000,2100000,' Rejected'
2159,2,' Graduate',' No',2500000,8700000,4,684,0,600000,9700000,2600000,' Approved'
2589,0,' Not Graduate',' No',4700000,11500000,18,559,7500000,0,18700000,2600000,' Approved'
3337,2,' Graduate',' Yes',9400000,22700000,14,505,4000000,16900000,24700000,11500000,' Rejected'
3542,3,' Not Graduate',' No',8800000,24900000,16,668,16700000,17200000,30000000,10500000,' Approved'
1319,3,' Graduate',' No',6400000,24100000,12,571,19000000,11500000,13200000,7500000,' Approved'
1017,3,' Not Graduate',' No',1600000,3900000,20,804,900000,2500000,3200000,800000,' Approved'
72,5,' Graduate',' Yes',5300000,18600000,4,386,2700000,9700000,11900000,4200000,' Approved'
1083,1,' Graduate',' No',7500000,28300000,16,707,9700000,1100000,16300000,6700000,' Approved'
1567,5,' Not Graduate',' No',3700000,11700000,4,413,8400000,5500000,12000000,2700000,' Approved'
1007,4,' Graduate',' Yes',2500000,8400000,12,761,6300000,1300000,8400000,1600000,' Approved'
1663,3,' Not Graduate',' Yes',4900000,19000000,4,575,14100000,9100000,16500000,4600000,' Approved'
3535,2,' Not Graduate',' Yes',1300000,4900000,8,582,2100000,1800000,3400000,1700000,' Approved'
2472,1,' Not Graduate',' No',6000000,13600000,12,589,9000000,300000,12600000,7100000,' Approved'
533,5,' Graduate',' Yes',6900000,23900000,6,382,17100000,6900000,21500000,8900000,' Rejected'
185,4,' Graduate',' No',1400000,3100000,14,575,3000000,2100000,4900000,1400000,' Approved'
3644,4,' Not Graduate',' Yes',7000000,26700000,4,486,10600000,12200000,18800000,6000000,' Approved'
2074,0,' Not Graduate',' No',8400000,19600000,18,530,17000000,3600000,24200000,12300000,' Rejected'
1592,1,' Graduate',' No',9500000,23000000,10,627,28500000,11500000,21700000,9100000,' Approved'
1506,3,' Not Graduate',' Yes',5300000,19600000,2,433,14700000,9900000,10800000,3000000,' Approved'
2199,1,' Not Graduate',' Yes',1000000,3900000,16,360,2500000,300000,2100000,600000,' Rejected'
1058,0,' Graduate',' Yes',3800000,11200000,20,479,1100000,6400000,12000000,5400000,' Rejected'
1242,5,' Graduate',' Yes',7100000,19700000,4,727,7700000,12900000,23600000,5800000,' Approved'
1168,1,' Graduate',' Yes',8200000,19100000,8,619,17200000,12200000,31500000,6600000,' Approved'
3596,4,' Not Graduate',' No',7400000,17900000,6,384,13400000,12300000,22400000,4700000,' Rejected'
3979,3,' Not Graduate',' No',8700000,17900000,12,897,16400000,3500000,31600000,12500000,' Approved'
2078,1,' Not Graduate',' Yes',200000,500000,2,579,500000,100000,500000,100000,' Approved'
3352,4,' Not Graduate',' Yes',1200000,2800000,6,366,3300000,300000,4200000,1400000,' Rejected'
1516,3,' Graduate',' No',9700000,37800000,12,700,13400000,6100000,25800000,11900000,' Approved'
642,0,' Graduate',' Yes',7100000,20100000,16,756,8000000,5000000,17600000,5400000,' Approved'
1772,0,' Not Graduate',' Yes',7800000,19000000,12,333,15400000,14900000,30600000,9600000,' Rejected'
432,1,' Graduate',' No',1100000,3500000,8,562,2300000,1200000,3200000,500000,' Approved'
1254,0,' Graduate',' Yes',3500000,11700000,14,649,2700000,700000,11400000,4800000,' Approved'
567,2,' Not Graduate',' No',2800000,5900000,6,895,1000000,3900000,10900000,1500000,' Approved'
125,3,' Graduate',' No',7000000,19500000,14,719,12200000,10300000,18200000,10200000,' Approved'
3375,2,' Graduate',' No',7500000,19900000,10,790,3500000,13000000,19900000,5900000,' Approved'
2031,1,' Graduate',' No',1900000,6000000,20,540,1100000,1400000,4300000,1300000,' Rejected'
3691,0,' Graduate',' Yes',5800000,21800000,2,561,4400000,7200000,15000000,4200000,' Approved'
3335,2,' Graduate',' Yes',900000,2300000,20,367,0,1200000,3400000,1300000,' Rejected'
2074,0,' Not Graduate',' No',8400000,19600000,18,530,17000000,3600000,24200000,12300000,' Rejected'
3745,4,' Not Graduate',' Yes',9200000,29100000,10,731,14500000,8300000,35800000,5000000,' Approved'
2133,0,' Graduate',' Yes',5900000,15200000,16,399,15200000,3200000,12200000,6500000,' Rejected'
1782,4,' Graduate',' Yes',4100000,11600000,14,854,500000,6900000,12700000,5700000,' Approved'
1289,3,' Not Graduate',' No',5900000,23200000,2,307,15500000,10000000,21100000,6300000,' Approved'
2868,5,' Graduate',' Yes',6400000,15600000,8,553,14200000,2900000,20400000,8000000,' Approved'
2234,1,' Graduate',' Yes',7500000,21400000,20,655,13000000,10300000,28100000,8100000,' Approved'
2774,2,' Graduate',' Yes',2700000,9600000,14,554,5800000,200000,10200000,1900000,' Approved'
1535,1,' Not Graduate',' No',2600000,7900000,12,306,2000000,2400000,7600000,3300000,' Rejected'
3481,0,' Graduate',' Yes',3700000,11600000,10,747,0,4500000,9000000,3500000,' Approved'
1197,3,' Not Graduate',' No',2200000,6400000,20,667,6300000,3900000,8300000,2900000,' Approved'
3422,5,' Graduate',' Yes',4400000,14100000,10,663,5300000,4900000,17500000,2600000,' Approved'
481,4,' Not Graduate',' No',8300000,30700000,6,381,21700000,2300000,26700000,4600000,' Rejected'
2589,0,' Not Graduate',' No',4700000,11500000,18,559,7500000,0,18700000,2600000,' Approved'
23,4,' Graduate',' Yes',6500000,25700000,18,311,13100000,1700000,19500000,8500000,' Rejected'
524,4,' Not Graduate',' Yes',7100000,27900000,10,328,9000000,13400000,26500000,7700000,' Rejected'
3201,3,' Not Graduate',' Yes',8400000,20500000,12,796,22900000,10500000,17600000,11200000,' Approved'
1305,2,' Graduate',' Yes',9400000,24800000,14,513,24200000,18200000,37200000,7500000,' Rejected'
2366,4,' Not Graduate',' No',8900000,34900000,14,694,15400000,2800000,20600000,9100000,' Approved'
945,2,' Graduate',' No',7900000,18500000,18,727,20200000,12400000,19600000,7100000,' Approved'
2562,1,' Not Graduate',' Yes',700000,1400000,10,523,700000,1100000,1600000,900000,' Rejected'
3534,5,' Not Graduate',' No',4200000,12600000,18,571,8900000,3200000,11700000,6200000,' Approved'
3196,5,' Not Graduate',' Yes',6000000,12300000,12,680,11400000,5300000,13800000,7300000,' Approved'
1886,2,' Not Graduate',' No',7100000,26600000,6,727,16500000,9800000,21100000,7900000,' Approved'
1571,3,' Graduate',' No',2900000,11500000,16,843,2300000,2600000,10700000,4300000,' Approved'
3471,3,' Not Graduate',' Yes',8300000,25900000,8,696,14400000,12200000,23500000,7100000,' Approved'
792,4,' Graduate',' Yes',9300000,35500000,6,547,2800000,17800000,27000000,13900000,' Rejected'
225,3,' Not Graduate',' Yes',700000,1700000,8,733,1200000,800000,2400000,500000,' Approved'
953,4,' Not Graduate',' No',8600000,25100000,6,820,14400000,5000000,26000000,8300000,' Approved'
2017,4,' Not Graduate',' No',5800000,14200000,20,535,10200000,4000000,21100000,3400000,' Rejected'
213,2,' Not Graduate',' No',8500000,32700000,18,471,12600000,9400000,33900000,12500000,' Rejected'
403,3,' Graduate',' Yes',5200000,15200000,16,650,1300000,5700000,13500000,4100000,' Approved'
3376,3,' Graduate',' Yes',8000000,31200000,20,392,7300000,8400000,16000000,6000000,' Rejected'
3668,4,' Not Graduate',' Yes',6300000,16900000,16,582,16000000,3600000,23700000,6000000,' Approved'
60,4,' Not Graduate',' Yes',5500000,18200000,16,797,-100000,4900000,18600000,4800000,' Approved'
2960,5,' Graduate',' No',9000000,24200000,4,646,12400000,5500000,18100000,11900000,' Approved'
3201,3,' Not Graduate',' Yes',8400000,20500000,12,796,22900000,10500000,17600000,11200000,' Approved'
2256,1,' Not Graduate',' No',8900000,24000000,6,380,16500000,7400000,27700000,7500000,' Rejected'
2413,4,' Not Graduate',' No',9700000,26200000,4,518,26200000,0,22500000,14000000,' Rejected'
1680,4,' Graduate',' No',1600000,5500000,10,577,400000,1200000,4100000,1400000,' Approved'
3057,5,' Graduate',' No',6300000,18100000,4,590,5400000,10900000,22400000,8600000,' Approved'
2646,0,' Not Graduate',' Yes',800000,3200000,8,467,900000,400000,3100000,800000,' Rejected'
1820,3,' Graduate',' Yes',7600000,30000000,10,344,19000000,13700000,27600000,11100000,' Rejected'
4011,3,' Graduate',' Yes',9000000,18600000,16,518,18400000,17600000,28900000,10300000,' Rejected'
4234,1,' Not Graduate',' No',7100000,17000000,6,754,1100000,500000,27000000,6800000,' Approved'
1319,3,' Graduate',' No',6400000,24100000,12,571,19000000,11500000,13200000,7500000,' Approved'
857,1,' Not Graduate',' No',2200000,7000000,18,417,2000000,3900000,6500000,1900000,' Rejected'
3763,1,' Not Graduate',' No',300000,700000,10,745,0,0,900000,100000,' Approved'
1065,0,' Not Graduate',' Yes',5600000,19100000,14,875,16700000,4700000,15100000,7700000,' Approved'
3146,1,' Not Graduate',' Yes',8900000,22900000,4,757,8200000,11600000,17800000,7800000,' Approved'
15,1,' Not Graduate',' No',1900000,7400000,6,469,1900000,1200000,5900000,1900000,' Rejected'
2528,5,' Not Graduate',' Yes',1700000,5200000,16,820,1700000,1200000,4000000,1000000,' Approved'
531,5,' Graduate',' Yes',9900000,31800000,18,817,23400000,700000,32600000,11500000,' Approved'
445,1,' Not Graduate',' Yes',3600000,10300000,12,536,6800000,500000,12200000,2700000,' Rejected'
3677,2,' Not Graduate',' Yes',7900000,16100000,18,318,17300000,2900000,29900000,9300000,' Rejected'
1972,4,' Not Graduate',' No',400000,900000,18,339,700000,200000,800000,200000,' Rejected'
3216,2,' Graduate',' Yes',4000000,13000000,10,552,3700000,1600000,15600000,3400000,' Approved'
2889,0,' Graduate',' No',6800000,21200000,14,300,0,8700000,16500000,10000000,' Rejected'
208,0,' Graduate',' No',7100000,15400000,18,707,10300000,10800000,19600000,5800000,' Approved'
3380,1,' Not Graduate',' Yes',2700000,5400000,6,413,4800000,1500000,6100000,2600000,' Rejected'
2002,4,' Not Graduate',' No',3900000,8800000,14,527,4600000,4900000,14900000,3100000,' Rejected'
1681,0,' Graduate',' No',9200000,30700000,10,455,24900000,2000000,32900000,5200000,' Rejected'
1058,0,' Graduate',' Yes',3800000,11200000,20,479,1100000,6400000,12000000,5400000,' Rejected'
1033,4,' Graduate',' Yes',700000,2600000,18,478,600000,600000,2100000,300000,' Rejected'
1580,5,' Graduate',' No',1800000,6800000,18,457,2200000,1100000,3800000,1400000,' Rejected'
2982,1,' Graduate',' No',7200000,15100000,8,379,2600000,8300000,21700000,8200000,' Rejected'
3266,4,' Not Graduate',' Yes',6100000,21200000,6,808,700000,7200000,22300000,6100000,' Approved'
1966,0,' Not Graduate',' No',9900000,22300000,20,613,28400000,8900000,23600000,4900000,' Approved'
3900,5,' Graduate',' No',900000,3200000,10,803,1600000,1700000,2300000,800000,' Approved'
3848,0,' Graduate',' Yes',700000,2100000,12,813,200000,1300000,2200000,500000,' Approved'
2854,2,' Graduate',' No',4900000,16000000,12,710,8700000,7100000,10000000,5700000,' Approved'
3195,0,' Not Graduate',' No',5000000,10700000,16,726,1600000,1100000,15700000,4800000,' Approved'
3542,3,' Not Graduate',' No',8800000,24900000,16,668,16700000,17200000,30000000,10500000,' Approved'
2182,3,' Not Graduate',' No',7200000,20800000,16,560,2100000,10700000,21100000,3600000,' Approved'
2023,2,' Not Graduate',' No',9000000,31000000,14,670,21300000,5400000,31100000,12900000,' Approved'
3210,5,' Graduate',' No',700000,1800000,10,650,1300000,100000,1500000,300000,' Approved'
357,5,' Not Graduate',' No',3700000,9800000,4,563,9500000,5100000,11200000,3000000,' Approved'
3829,0,' Not Graduate',' Yes',2600000,7600000,18,470,700000,700000,5500000,2900000,' Rejected'
1168,1,' Graduate',' Yes',8200000,19100000,8,619,17200000,12200000,31500000,6600000,' Approved'
1847,0,' Not Graduate',' No',8500000,17200000,12,624,6500000,8400000,18600000,5100000,' Approved'
3691,0,' Graduate',' Yes',5800000,21800000,2,561,4400000,7200000,15000000,4200000,' Approved'
3406,1,' Graduate',' Yes',3400000,7000000,4,534,3100000,1600000,13000000,4000000,' Rejected'
937,1,' Graduate',' No',4700000,11700000,6,308,11800000,1100000,15100000,3700000,' Rejected'
2542,3,' Not Graduate',' Yes',8400000,29500000,20,661,14600000,3400000,28900000,10900000,' Approved'
1889,3,' Graduate',' Yes',4200000,15400000,8,362,9900000,5300000,15500000,5600000,' Rejected'
3406,1,' Graduate',' Yes',3400000,7000000,4,534,3100000,1600000,13000000,4000000,' Rejected'
3761,1,' Not Graduate',' No',1600000,5600000,6,846,600000,2800000,4600000,1200000,' Approved'
2826,3,' Graduate',' No',600000,2100000,16,892,700000,400000,2400000,500000,' Approved'
4123,3,' Graduate',' No',7800000,21800000,8,517,7700000,5100000,19500000,9100000,' Rejected'
150,5,' Graduate',' No',2000000,6200000,18,402,4000000,2100000,7200000,1100000,' Rejected'
704,4,' Not Graduate',' Yes',6700000,15800000,12,466,7500000,4600000,19900000,6600000,' Rejected'
562,4,' Graduate',' No',5200000,20400000,20,761,4700000,1600000,14300000,6200000,' Approved'
3625,1,' Not Graduate',' Yes',800000,2600000,2,439,600000,0,1800000,400000,' Approved'
940,3,' Not Graduate',' Yes',4700000,12800000,16,740,2200000,8600000,11700000,6100000,' Approved'
514,3,' Graduate',' Yes',3400000,9700000,20,728,1500000,1500000,7300000,2400000,' Approved'
1734,1,' Not Graduate',' Yes',6800000,13700000,10,879,500000,2600000,22000000,6800000,' Approved'
1281,1,' Graduate',' No',3100000,7400000,18,487,8400000,1200000,9200000,4500000,' Rejected'
2219,3,' Not Graduate',' No',4300000,12600000,18,482,9300000,900000,13200000,6100000,' Rejected'
1803,5,' Not Graduate',' No',6000000,24000000,20,639,300000,7300000,15100000,6600000,' Approved'
99,4,' Graduate',' No',9400000,29400000,12,562,25900000,15200000,36400000,7100000,' Approved'
299,5,' Graduate',' No',800000,2600000,6,560,100000,200000,3000000,1000000,' Approved'
366,3,' Graduate',' No',9400000,21900000,16,685,8100000,5600000,34500000,5000000,' Approved'
1713,2,' Not Graduate',' Yes',3000000,7400000,10,712,5100000,1000000,11600000,3800000,' Approved'
7,5,' Graduate',' No',8700000,33000000,4,678,22500000,14800000,29200000,4300000,' Approved'
3861,4,' Graduate',' No',8700000,25200000,18,790,25000000,9100000,18400000,8400000,' Approved'
3102,1,' Not Graduate',' Yes',1600000,4400000,4,364,2500000,700000,4300000,2400000,' Rejected'
2476,2,' Graduate',' No',6400000,25000000,12,667,13500000,5500000,25500000,5400000,' Approved'
498,2,' Not Graduate',' No',8100000,24800000,6,307,200000,4000000,31100000,10500000,' Rejected'
1903,2,' Not Graduate',' No',2900000,7300000,2,776,8300000,3000000,8500000,3400000,' Approved'
1645,2,' Not Graduate',' Yes',2900000,10200000,10,315,8100000,400000,6500000,1600000,' Rejected'
2448,2,' Graduate',' Yes',4800000,17500000,20,381,400000,6900000,13400000,7000000,' Rejected'
2813,1,' Not Graduate',' Yes',8100000,30900000,12,464,13600000,9800000,17900000,7500000,' Rejected'
2800,4,' Graduate',' No',7500000,28700000,20,520,4600000,3500000,15200000,5700000,' Rejected'
2480,2,' Graduate',' No',2700000,9300000,16,656,7700000,2500000,6400000,3600000,' Approved'
2929,5,' Graduate',' Yes',4100000,15500000,10,836,10500000,1100000,15200000,3600000,' Approved'
3350,2,' Not Graduate',' No',4700000,14600000,20,597,8200000,6000000,14100000,6800000,' Approved'
3444,0,' Not Graduate',' Yes',9100000,23300000,18,414,17700000,2500000,33800000,6400000,' Rejected'
3708,3,' Graduate',' Yes',1700000,5800000,10,524,4100000,2900000,6600000,800000,' Rejected'
990,5,' Not Graduate',' No',4400000,14900000,4,865,8200000,6200000,14900000,3500000,' Approved'
1540,4,' Not Graduate',' Yes',1500000,4600000,6,524,3700000,2000000,5000000,1400000,' Rejected'
3523,1,' Graduate',' No',2900000,9600000,4,658,8200000,4300000,7000000,2700000,' Approved'
1342,2,' Graduate',' Yes',8300000,27900000,18,840,12600000,3500000,19100000,9200000,' Approved'
2584,4,' Graduate',' Yes',5900000,17300000,20,657,1500000,5600000,13000000,4100000,' Approved'
2148,0,' Not Graduate',' Yes',4500000,12400000,18,719,10300000,200000,9200000,3100000,' Approved'
4149,4,' Not Graduate',' No',7600000,18600000,18,779,9100000,5600000,15200000,10000000,' Approved'
3520,5,' Graduate',' Yes',7700000,24400000,8,453,1400000,7700000,22000000,10000000,' Rejected'
2527,3,' Graduate',' Yes',4700000,13200000,12,440,4000000,3300000,16600000,4300000,' Rejected'
535,2,' Graduate',' Yes',4400000,10000000,20,516,7400000,7600000,12200000,5100000,' Rejected'
620,3,' Graduate',' No',8900000,25400000,8,588,19400000,12100000,18800000,4500000,' Approved'
108,0,' Graduate',' No',2700000,10600000,6,591,1300000,2700000,9900000,1800000,' Approved'
2566,3,' Not Graduate',' Yes',9500000,20100000,2,506,16800000,800000,32700000,11000000,' Rejected'
1019,0,' Graduate',' No',9500000,22600000,6,861,24700000,13200000,29000000,5600000,' Approved'
2868,5,' Graduate',' Yes',6400000,15600000,8,553,14200000,2900000,20400000,8000000,' Approved'
4185,2,' Graduate',' No',1500000,3300000,4,763,300000,1200000,5400000,700000,' Approved'
717,3,' Graduate',' No',6800000,21200000,2,433,10700000,1900000,23200000,6300000,' Approved'
1522,0,' Graduate',' Yes',3500000,10000000,14,709,5300000,1800000,9200000,5000000,' Approved'
2381,0,' Graduate',' Yes',200000,300000,18,520,100000,300000,600000,100000,' Rejected'
2896,1,' Graduate',' No',2500000,5900000,12,668,7400000,600000,6300000,3700000,' Approved'
2651,4,' Not Graduate',' No',4500000,17300000,18,830,200000,4200000,12000000,2500000,' Approved'
2308,5,' Not Graduate',' Yes',6700000,17600000,14,843,12700000,200000,19500000,5600000,' Approved'
1865,2,' Not Graduate',' No',5600000,13700000,2,558,7500000,9300000,12100000,6700000,' Approved'
1673,5,' Graduate',' Yes',2000000,6300000,4,366,5300000,2200000,5400000,2800000,' Approved'
3953,3,' Not Graduate',' No',1300000,3300000,8,795,1400000,800000,4600000,1600000,' Approved'
1499,1,' Not Graduate',' No',2900000,7400000,10,874,400000,1200000,10100000,3300000,' Approved'
3839,0,' Graduate',' Yes',4500000,12200000,20,311,11200000,5000000,12700000,2400000,' Rejected'
1005,3,' Not Graduate',' No',2800000,5900000,4,461,1600000,400000,8900000,2800000,' Rejected'
2367,4,' Graduate',' Yes',3900000,13300000,20,453,9800000,500000,12300000,4700000,' Rejected'
1883,5,' Not Graduate',' Yes',8800000,23100000,16,531,20800000,2600000,22100000,8000000,' Rejected'
1230,4,' Graduate',' Yes',1800000,5800000,14,305,600000,3300000,3600000,2000000,' Rejected'
73,5,' Not Graduate',' No',7000000,18300000,4,418,18400000,11700000,21500000,7600000,' Rejected'
2904,5,' Graduate',' Yes',8100000,22500000,2,808,4800000,6100000,16900000,6000000,' Approved'
2356,3,' Not Graduate',' Yes',4100000,10900000,8,548,8800000,5200000,13200000,4300000,' Rejected'
2842,2,' Not Graduate',' Yes',8500000,30900000,6,664,5700000,9900000,19800000,7400000,' Approved'
3740,0,' Graduate',' Yes',7200000,21900000,4,446,17700000,10900000,24500000,7600000,' Approved'
3433,0,' Not Graduate',' No',4800000,15700000,10,398,4900000,7400000,17100000,6400000,' Rejected'
2985,4,' Graduate',' Yes',6400000,21700000,10,384,16500000,8200000,15100000,5700000,' Rejected'
62,3,' Not Graduate',' Yes',9600000,30500000,18,669,4700000,1900000,26500000,9300000,' Approved'
2965,2,' Not Graduate',' No',3100000,9000000,20,892,5000000,5600000,7100000,4000000,' Approved'
2658,1,' Not Graduate',' Yes',1200000,4800000,6,344,2900000,1700000,3200000,1300000,' Rejected'
3654,1,' Graduate',' Yes',4300000,17200000,4,564,10400000,6600000,11500000,2200000,' Approved'
1547,0,' Not Graduate',' No',3500000,11900000,12,686,4400000,4800000,10100000,2500000,' Approved'
1005,3,' Not Graduate',' No',2800000,5900000,4,461,1600000,400000,8900000,2800000,' Rejected'
1585,0,' Not Graduate',' No',9500000,35300000,6,605,10000000,12700000,31100000,7000000,' Approved'
357,5,' Not Graduate',' No',3700000,9800000,4,563,9500000,5100000,11200000,3000000,' Approved'
3946,4,' Not Graduate',' Yes',7900000,27300000,10,560,23100000,14400000,28500000,10900000,' Approved'
2107,5,' Graduate',' No',9000000,18000000,18,509,24600000,5200000,20000000,6100000,' Rejected'
3436,0,' Graduate',' Yes',7600000,18100000,16,439,12800000,5900000,29800000,10600000,' Rejected'
2080,3,' Not Graduate',' Yes',8800000,25100000,8,473,17200000,600000,24400000,12400000,' Rejected'
1067,0,' Graduate',' No',6800000,20800000,20,819,16500000,11900000,26700000,8000000,' Approved'
1656,2,' Not Graduate',' No',6900000,23900000,12,814,13000000,1900000,26600000,6000000,' Approved'
3371,5,' Graduate',' Yes',3400000,12800000,10,760,9800000,4300000,11000000,4600000,' Approved'
1557,5,' Not Graduate',' Yes',5600000,20500000,8,873,5500000,9500000,19400000,7800000,' Approved'
2791,0,' Not Graduate',' Yes',1000000,3000000,18,382,2200000,700000,3500000,900000,' Rejected'
3528,0,' Graduate',' No',1800000,6900000,10,853,900000,400000,3700000,1700000,' Rejected'
1567,5,' Not Graduate',' No',3700000,11700000,4,413,8400000,5500000,12000000,2700000,' Approved'
3369,4,' Graduate',' No',7100000,28300000,6,850,5600000,7100000,26000000,9700000,' Approved'
3241,2,' Graduate',' No',1400000,4700000,20,563,400000,2300000,2800000,1400000,' Approved'
2067,5,' Not Graduate',' Yes',7600000,15400000,14,576,2300000,2800000,24500000,4700000,' Approved'
255,2,' Not Graduate',' No',2100000,4700000,2,546,6000000,3200000,5700000,1500000,' Rejected'
705,5,' Graduate',' Yes',1300000,4300000,2,595,1300000,500000,2900000,1500000,' Approved'
3199,3,' Not Graduate',' No',5200000,17200000,18,768,9200000,5500000,11700000,3800000,' Approved'
1729,3,' Not Graduate',' Yes',700000,1600000,18,303,600000,500000,2000000,600000,' Rejected'
530,2,' Graduate',' No',4600000,13500000,16,587,7700000,5900000,10600000,5000000,' Approved'
1398,1,' Not Graduate',' Yes',9200000,24500000,4,545,25700000,0,20600000,13300000,' Rejected'
1839,5,' Not Graduate',' No',5700000,11600000,4,892,10200000,6100000,19800000,7400000,' Approved'
2740,5,' Graduate',' No',4900000,13000000,10,865,13300000,3700000,14700000,6500000,' Approved'
2753,1,' Graduate',' No',200000,300000,12,697,600000,300000,700000,100000,' Approved'
3747,5,' Graduate',' Yes',5000000,16400000,14,525,13000000,9100000,15300000,3300000,' Rejected'
728,3,' Not Graduate',' Yes',2200000,8800000,2,877,5000000,1300000,6400000,3100000,' Approved'
4264,3,' Graduate',' No',5000000,12700000,14,865,4700000,8100000,19500000,6300000,' Approved'
856,4,' Graduate',' No',7000000,18900000,6,475,1300000,6100000,14700000,5200000,' Rejected'
1191,2,' Graduate',' Yes',8100000,25700000,8,455,22300000,11500000,19800000,9500000,' Rejected'
3509,1,' Not Graduate',' No',9300000,28900000,6,526,11100000,1600000,19700000,11000000,' Rejected'
3632,3,' Graduate',' No',9800000,21000000,12,342,25400000,16600000,26900000,7000000,' Rejected'
3282,3,' Graduate',' Yes',4300000,16600000,10,571,5700000,3700000,12800000,5800000,' Approved'
1718,0,' Graduate',' No',9700000,30400000,4,300,17100000,16600000,38100000,9200000,' Approved'
1993,0,' Not Graduate',' Yes',7300000,22600000,12,851,3300000,3400000,24800000,5300000,' Approved'
977,4,' Not Graduate',' No',8200000,20700000,10,546,10800000,7000000,25000000,10600000,' Rejected'
1269,3,' Graduate',' Yes',2200000,5300000,2,506,1600000,1700000,5800000,2800000,' Rejected'
4242,2,' Graduate',' Yes',5600000,15800000,16,748,10300000,100000,21700000,6300000,' Approved'
4095,2,' Graduate',' No',3900000,13600000,10,373,11600000,1000000,8400000,3600000,' Rejected'
2693,1,' Not Graduate',' Yes',9700000,23500000,4,666,15100000,9400000,23300000,8000000,' Approved'
2966,1,' Not Graduate',' Yes',8000000,20700000,6,570,1000000,11700000,23200000,11300000,' Approved'
2080,3,' Not Graduate',' Yes',8800000,25100000,8,473,17200000,600000,24400000,12400000,' Rejected'
2273,5,' Graduate',' No',8000000,23100000,20,461,5900000,2400000,29300000,7200000,' Rejected'
2815,5,' Graduate',' No',4100000,10200000,12,431,6200000,2200000,13700000,4300000,' Rejected'
2721,3,' Not Graduate',' Yes',5400000,14700000,4,359,12300000,9900000,15100000,6100000,' Rejected'
3142,5,' Graduate',' Yes',1300000,4000000,8,407,3800000,1300000,3500000,1100000,' Rejected'
3827,1,' Graduate',' Yes',3400000,12300000,8,523,6100000,4700000,8300000,2600000,' Rejected'
1478,4,' Not Graduate',' No',1200000,3300000,12,876,400000,100000,3800000,1000000,' Approved'
1317,0,' Graduate',' Yes',6100000,19900000,20,761,4500000,3700000,12700000,7100000,' Approved'
834,5,' Not Graduate',' Yes',3500000,9500000,4,664,9500000,500000,7800000,5200000,' Approved'
3358,2,' Not Graduate',' Yes',3900000,7700000,10,421,9700000,7500000,14100000,2100000,' Rejected'
3797,2,' Not Graduate',' No',8000000,17800000,20,549,2400000,9700000,27400000,10800000,' Rejected'
2098,5,' Not Graduate',' No',900000,2800000,16,808,2100000,900000,3100000,800000,' Approved'
2328,4,' Graduate',' Yes',6100000,21700000,6,860,13900000,900000,14100000,5600000,' Approved'
678,1,' Graduate',' No',6500000,23100000,20,741,11400000,8500000,25700000,7900000,' Approved'
3959,4,' Not Graduate',' Yes',7300000,22900000,12,848,6300000,2900000,28500000,4100000,' Approved'
259,0,' Graduate',' No',9800000,38800000,8,652,23200000,19000000,29700000,5400000,' Approved'
792,4,' Graduate',' Yes',9300000,35500000,6,547,2800000,17800000,27000000,13900000,' Rejected'
2273,5,' Graduate',' No',8000000,23100000,20,461,5900000,2400000,29300000,7200000,' Rejected'
264,5,' Not Graduate',' No',9500000,22200000,20,352,24500000,0,30800000,7000000,' Rejected'
712,5,' Graduate',' No',9200000,29200000,16,383,17700000,13300000,30400000,5700000,' Rejected'
1744,4,' Graduate',' Yes',2600000,5900000,6,471,3500000,1900000,7300000,3400000,' Rejected'
4192,2,' Graduate',' Yes',9900000,37300000,8,385,600000,900000,27400000,14200000,' Rejected'
1833,0,' Not Graduate',' No',8400000,22300000,14,371,8300000,3700000,22300000,9100000,' Rejected'
1433,2,' Not Graduate',' Yes',2900000,7800000,18,588,400000,100000,11600000,4200000,' Approved'
3552,3,' Not Graduate',' Yes',7600000,26400000,14,867,9200000,700000,27900000,7400000,' Approved'
3838,2,' Not Graduate',' Yes',2600000,7600000,10,400,6800000,2800000,10100000,3200000,' Rejected'
3439,5,' Not Graduate',' Yes',6800000,19000000,8,865,9500000,7200000,25000000,6300000,' Approved'
1043,1,' Not Graduate',' Yes',3300000,10800000,2,550,6000000,3800000,11000000,4700000,' Approved'
1742,1,' Not Graduate',' No',2300000,8200000,8,784,2000000,0,7600000,1100000,' Approved'
2496,3,' Graduate',' No',4700000,10800000,8,527,13300000,3100000,13600000,4800000,' Rejected'
494,1,' Not Graduate',' No',300000,1100000,12,443,600000,400000,1200000,200000,' Rejected'
254,0,' Graduate',' No',8800000,30900000,12,729,1700000,700000,25700000,11400000,' Approved'
4061,3,' Not Graduate',' No',5800000,20600000,20,434,8400000,2700000,22600000,7000000,' Rejected'
1995,0,' Not Graduate',' No',800000,2400000,2,716,700000,1200000,3100000,400000,' Approved'
3768,3,' Graduate',' Yes',4100000,8300000,16,351,6000000,100000,11100000,2200000,' Rejected'
2938,1,' Not Graduate',' Yes',2200000,5400000,16,641,5900000,0,4800000,1200000,' Approved'
3423,1,' Not Graduate',' No',8100000,21900000,6,884,15100000,5400000,27500000,6600000,' Approved'
284,3,' Graduate',' Yes',6800000,19900000,10,516,16000000,6000000,26000000,8500000,' Rejected'
2602,0,' Graduate',' Yes',7000000,21700000,20,498,6600000,5500000,14700000,3900000,' Rejected'
1326,5,' Not Graduate',' Yes',7300000,22500000,2,846,9800000,4700000,20300000,5700000,' Approved'
1448,1,' Graduate',' Yes',9000000,22800000,10,412,0,15600000,32000000,4700000,' Rejected'
2199,1,' Not Graduate',' Yes',1000000,3900000,16,360,2500000,300000,2100000,600000,' Rejected'
3708,3,' Graduate',' Yes',1700000,5800000,10,524,4100000,2900000,6600000,800000,' Rejected'
2872,0,' Not Graduate',' Yes',7300000,25700000,10,666,14000000,3100000,29000000,6000000,' Approved'
2614,0,' Not Graduate',' Yes',9600000,19600000,12,500,21500000,700000,37600000,10900000,' Rejected'
1712,4,' Graduate',' Yes',6900000,19000000,14,330,9300000,7100000,18800000,8400000,' Rejected'
474,5,' Graduate',' Yes',8200000,23500000,12,402,15100000,1500000,24300000,5800000,' Rejected'
2687,4,' Not Graduate',' Yes',6400000,21300000,20,332,3600000,9100000,16200000,8000000,' Rejected'
1327,2,' Not Graduate',' No',2100000,5000000,4,542,700000,600000,6600000,3100000,' Rejected'
3614,5,' Graduate',' Yes',1400000,2700000,16,320,900000,2500000,2700000,2000000,' Rejected'
2560,0,' Graduate',' Yes',5900000,22700000,18,855,13400000,6300000,14500000,4000000,' Approved'
1509,0,' Not Graduate',' Yes',2300000,6000000,16,756,2900000,2100000,7500000,1200000,' Approved'
1499,1,' Not Graduate',' No',2900000,7400000,10,874,400000,1200000,10100000,3300000,' Approved'
1352,4,' Not Graduate',' No',4200000,15500000,18,794,7300000,700000,13400000,2200000,' Approved'
1932,3,' Graduate',' No',6300000,17000000,16,388,11700000,2100000,16100000,3200000,' Rejected'
2039,0,' Not Graduate',' Yes',3900000,8600000,2,667,4300000,6600000,13500000,2000000,' Approved'
4269,1,' Graduate',' No',9200000,29700000,10,607,17800000,11800000,35700000,12000000,' Approved'
732,2,' Graduate',' No',3400000,12900000,14,857,3400000,2500000,8700000,1900000,' Approved'
2752,2,' Graduate',' No',8800000,26700000,16,696,12900000,15300000,20300000,10900000,' Approved'
3115,4,' Graduate',' No',1100000,3600000,8,693,2400000,1300000,3800000,1500000,' Approved'
2469,1,' Graduate',' No',2000000,5000000,6,876,500000,2900000,5800000,1500000,' Approved'
3747,5,' Graduate',' Yes',5000000,16400000,14,525,13000000,9100000,15300000,3300000,' Rejected'
402,5,' Graduate',' No',3700000,7300000,18,339,9300000,100000,13900000,5300000,' Rejected'
357,5,' Not Graduate',' No',3700000,9800000,4,563,9500000,5100000,11200000,3000000,' Approved'
574,3,' Graduate',' No',3100000,11000000,2,543,5900000,2200000,9000000,2400000,' Approved'
1947,2,' Graduate',' No',8400000,32100000,20,328,16300000,4600000,19500000,8000000,' Rejected'
2433,2,' Graduate',' Yes',4500000,12600000,2,568,6900000,3900000,17800000,2900000,' Approved'
1049,3,' Graduate',' No',9800000,30300000,2,612,10700000,4600000,32100000,5600000,' Approved'
726,4,' Not Graduate',' No',5000000,18700000,10,755,3600000,600000,13000000,2600000,' Approved'
51,4,' Graduate',' No',7300000,25400000,16,502,500000,1800000,20500000,10500000,' Rejected'
3265,5,' Not Graduate',' Yes',800000,2100000,12,363,1200000,1000000,3100000,900000,' Rejected'
1744,4,' Graduate',' Yes',2600000,5900000,6,471,3500000,1900000,7300000,3400000,' Rejected'
2424,4,' Graduate',' No',5100000,16100000,14,436,11400000,2700000,13100000,6700000,' Rejected'
2122,0,' Not Graduate',' No',6300000,13300000,2,666,8800000,4000000,14200000,4900000,' Approved'
167,4,' Not Graduate',' No',5800000,12800000,2,656,500000,5000000,16000000,2800000,' Approved'
96,5,' Graduate',' No',300000,1100000,2,300,100000,500000,700000,400000,' Approved'
1049,3,' Graduate',' No',9800000,30300000,2,612,10700000,4600000,32100000,5600000,' Approved'
3481,0,' Graduate',' Yes',3700000,11600000,10,747,0,4500000,9000000,3500000,' Approved'
1886,2,' Not Graduate',' No',7100000,26600000,6,727,16500000,9800000,21100000,7900000,' Approved'
2984,0,' Graduate',' Yes',2600000,9000000,20,615,6800000,0,8400000,3400000,' Approved'
2200,5,' Graduate',' Yes',7200000,27100000,12,535,8400000,12800000,28100000,4800000,' Rejected'
1006,2,' Graduate',' No',7800000,22200000,10,735,9700000,4600000,23000000,6900000,' Approved'
3017,3,' Not Graduate',' No',9300000,36600000,6,431,22000000,14600000,32900000,8800000,' Rejected'
3688,2,' Not Graduate',' Yes',2100000,4500000,18,591,2500000,500000,5500000,1500000,' Approved'
2723,1,' Graduate',' No',1000000,3600000,4,570,1000000,1300000,3700000,1000000,' Approved'
4097,4,' Not Graduate',' No',5500000,20200000,14,611,13700000,5700000,15100000,7200000,' Approved'
3199,3,' Not Graduate',' No',5200000,17200000,18,768,9200000,5500000,11700000,3800000,' Approved'
205,4,' Not Graduate',' Yes',9600000,30100000,12,870,300000,6700000,38200000,5600000,' Approved'
2237,0,' Graduate',' No',4300000,16900000,8,884,6500000,5400000,12000000,3700000,' Approved'
2348,4,' Not Graduate',' No',8100000,28000000,8,663,8800000,11300000,26000000,5500000,' Approved'
2288,2,' Not Graduate',' No',200000,800000,6,338,100000,0,400000,100000,' Rejected'
1062,3,' Not Graduate',' No',300000,500000,2,477,700000,200000,800000,400000,' Rejected'
2255,2,' Graduate',' No',4000000,9200000,16,784,3200000,600000,13000000,4900000,' Approved'
4269,1,' Graduate',' No',9200000,29700000,10,607,17800000,11800000,35700000,12000000,' Approved'
3227,5,' Not Graduate',' Yes',2400000,6500000,20,513,6400000,2100000,5200000,2600000,' Rejected'
3084,5,' Not Graduate',' Yes',8400000,17600000,12,397,13400000,14500000,24500000,7900000,' Rejected'
2469,1,' Graduate',' No',2000000,5000000,6,876,500000,2900000,5800000,1500000,' Approved'
3084,5,' Not Graduate',' Yes',8400000,17600000,12,397,13400000,14500000,24500000,7900000,' Rejected'
3196,5,' Not Graduate',' Yes',6000000,12300000,12,680,11400000,5300000,13800000,7300000,' Approved'
736,0,' Graduate',' No',4700000,14400000,14,881,11000000,6100000,17600000,2400000,' Approved'
1530,3,' Graduate',' Yes',9000000,33600000,2,426,21600000,16200000,20700000,11900000,' Approved'
4165,1,' Graduate',' Yes',6400000,16400000,20,555,6000000,2500000,20100000,7400000,' Approved'
1783,2,' Not Graduate',' Yes',7300000,15200000,20,776,14700000,9600000,26400000,4100000,' Approved'
574,3,' Graduate',' No',3100000,11000000,2,543,5900000,2200000,9000000,2400000,' Approved'
405,3,' Graduate',' No',500000,1000000,20,501,800000,800000,900000,200000,' Rejected'
933,0,' Not Graduate',' Yes',7900000,24000000,20,728,18600000,15600000,21800000,7400000,' Approved'
2380,5,' Graduate',' No',7300000,26200000,10,751,1400000,12200000,26700000,10400000,' Approved'
620,3,' Graduate',' No',8900000,25400000,8,588,19400000,12100000,18800000,4500000,' Approved'
597,3,' Not Graduate',' Yes',6200000,14600000,2,664,18300000,8400000,16800000,6600000,' Approved'
1160,2,' Not Graduate',' No',7700000,27300000,16,758,7300000,4600000,24800000,9100000,' Approved'
2185,4,' Not Graduate',' No',3300000,7000000,20,504,8200000,3200000,7300000,2500000,' Rejected'
1206,3,' Not Graduate',' Yes',7000000,16100000,16,379,2000000,5200000,23000000,10000000,' Rejected'
1595,3,' Graduate',' Yes',8800000,30200000,8,607,13600000,12700000,21500000,5900000,' Approved'
1561,5,' Not Graduate',' Yes',2500000,9600000,6,345,1900000,1900000,6800000,2600000,' Rejected'
3933,2,' Graduate',' Yes',3400000,10300000,4,745,4900000,4000000,10000000,3900000,' Approved'
3638,0,' Graduate',' No',5700000,17200000,8,386,4200000,7100000,14400000,2900000,' Rejected'
2402,5,' Not Graduate',' Yes',4100000,9600000,2,307,8800000,7800000,8500000,3100000,' Rejected'
2377,1,' Not Graduate',' Yes',3500000,13500000,12,824,8400000,3900000,11600000,4100000,' Approved'
2450,5,' Graduate',' Yes',5200000,12700000,16,718,11700000,100000,18100000,7200000,' Approved'
2722,1,' Graduate',' No',6100000,19100000,6,341,5700000,5900000,12400000,6300000,' Rejected'
614,2,' Graduate',' Yes',3500000,8100000,4,589,3800000,6700000,12500000,2700000,' Approved'
2606,3,' Graduate',' Yes',7800000,27200000,16,560,3600000,8100000,21800000,8600000,' Approved'
2372,5,' Not Graduate',' No',4100000,12300000,6,582,10900000,6100000,14100000,3500000,' Approved'
1589,0,' Graduate',' Yes',5600000,19300000,6,407,3400000,3600000,14200000,8400000,' Rejected'
2666,0,' Not Graduate',' Yes',9300000,32000000,8,438,24800000,6400000,34900000,12400000,' Rejected'
3672,3,' Graduate',' Yes',4400000,15300000,16,865,1200000,8400000,15000000,3400000,' Approved'
2393,5,' Graduate',' Yes',2300000,6700000,16,612,6700000,3300000,8800000,2000000,' Approved'
3032,1,' Not Graduate',' Yes',7600000,18800000,14,403,20900000,4700000,24700000,10000000,' Rejected'
2372,5,' Not Graduate',' No',4100000,12300000,6,582,10900000,6100000,14100000,3500000,' Approved'
318,1,' Graduate',' No',4400000,10800000,12,674,9600000,2700000,17200000,5300000,' Approved'
2041,1,' Not Graduate',' Yes',5600000,21100000,10,459,9700000,1400000,13900000,8100000,' Rejected'
3527,0,' Graduate',' No',500000,1600000,18,865,1400000,400000,1000000,200000,' Approved'
3247,2,' Not Graduate',' Yes',5400000,14800000,6,724,1000000,400000,13100000,5400000,' Approved'
3131,3,' Not Graduate',' No',7100000,27900000,8,583,8900000,7600000,19600000,6300000,' Approved'
3868,5,' Not Graduate',' Yes',2900000,11100000,4,683,1700000,3900000,9400000,3300000,' Approved'
2950,0,' Graduate',' Yes',8500000,33700000,10,483,18800000,8900000,29000000,12200000,' Rejected'
3711,5,' Not Graduate',' Yes',4500000,12700000,8,307,11000000,3800000,12600000,2700000,' Rejected'
763,5,' Not Graduate',' Yes',5600000,14500000,10,457,6900000,7800000,20600000,4600000,' Rejected'
1146,1,' Graduate',' Yes',6100000,17800000,20,706,16000000,10900000,16900000,4300000,' Approved'
1822,4,' Graduate',' Yes',1500000,3300000,16,382,200000,2400000,3200000,1100000,' Rejected'
1435,3,' Graduate',' No',8300000,18900000,4,316,20200000,9700000,21300000,8200000,' Rejected'
2148,0,' Not Graduate',' Yes',4500000,12400000,18,719,10300000,200000,9200000,3100000,' Approved'
4154,1,' Graduate',' No',7700000,17100000,14,603,11100000,12100000,30300000,7100000,' Approved'
1029,0,' Graduate',' No',5800000,21100000,6,414,7900000,2400000,16000000,5600000,' Rejected'
753,1,' Graduate',' Yes',8100000,31700000,10,755,0,12700000,30100000,4700000,' Approved'
1145,1,' Not Graduate',' No',8400000,24600000,14,817,1800000,13100000,31300000,8200000,' Approved'
2122,0,' Not Graduate',' No',6300000,13300000,2,666,8800000,4000000,14200000,4900000,' Approved'
2918,2,' Graduate',' No',1700000,5700000,10,602,4900000,2700000,4500000,1800000,' Approved'
3088,3,' Graduate',' No',6100000,24000000,18,718,4100000,3400000,16600000,6800000,' Approved'
509,2,' Graduate',' Yes',4100000,11200000,6,442,12200000,4100000,10000000,4500000,' Rejected'
278,0,' Not Graduate',' No',1500000,4900000,12,651,1600000,2800000,4600000,800000,' Approved'
2908,5,' Not Graduate',' No',7700000,20300000,12,806,21300000,13300000,18900000,9600000,' Approved'
15,1,' Not Graduate',' No',1900000,7400000,6,469,1900000,1200000,5900000,1900000,' Rejected'
2256,1,' Not Graduate',' No',8900000,24000000,6,380,16500000,7400000,27700000,7500000,' Rejected'
736,0,' Graduate',' No',4700000,14400000,14,881,11000000,6100000,17600000,2400000,' Approved'
649,0,' Not Graduate',' Yes',6800000,14400000,8,812,15200000,4500000,21100000,6400000,' Approved'
2844,1,' Not Graduate',' No',500000,1400000,6,464,1100000,0,1900000,500000,' Rejected'
3842,5,' Graduate',' Yes',1700000,6500000,14,587,1100000,1000000,6400000,1500000,' Approved'
208,0,' Graduate',' No',7100000,15400000,18,707,10300000,10800000,19600000,5800000,' Approved'
3258,4,' Graduate',' Yes',2700000,10400000,16,671,6100000,3700000,5600000,4000000,' Approved'
2121,3,' Not Graduate',' Yes',3200000,7200000,6,728,4800000,2000000,8000000,4600000,' Approved'
1498,0,' Not Graduate',' Yes',900000,2100000,6,521,100000,1700000,2100000,700000,' Rejected'
2849,4,' Graduate',' No',7400000,19400000,16,835,16400000,14200000,23500000,6500000,' Approved'
526,0,' Graduate',' Yes',6900000,17000000,20,599,18100000,9400000,26600000,4300000,' Approved'
1576,3,' Not Graduate',' Yes',7300000,20000000,18,720,15500000,9900000,23000000,9800000,' Approved'
2303,5,' Graduate',' Yes',9700000,30100000,12,434,19600000,17900000,21000000,6900000,' Rejected'
1977,0,' Graduate',' Yes',900000,3500000,6,331,2400000,1400000,3500000,1100000,' Rejected'
2763,2,' Not Graduate',' No',1900000,4500000,6,805,2200000,3100000,4800000,2300000,' Approved'
3575,2,' Not Graduate',' Yes',8700000,19900000,10,829,7500000,10500000,20200000,8400000,' Approved'
2642,1,' Graduate',' No',6300000,18200000,18,849,4300000,5800000,15500000,5200000,' Approved'
1730,3,' Graduate',' Yes',5800000,16700000,18,633,8100000,8400000,14700000,3700000,' Approved'
2759,2,' Graduate',' Yes',2300000,5500000,16,629,4600000,2900000,7000000,1900000,' Approved'
334,5,' Not Graduate',' No',1800000,7000000,18,466,2600000,2100000,6000000,1900000,' Rejected'
3645,0,' Not Graduate',' No',5700000,13000000,6,328,7800000,7500000,20700000,8200000,' Rejected'
1514,3,' Not Graduate',' No',5300000,20300000,4,872,4300000,7300000,18400000,7600000,' Approved'
1449,1,' Graduate',' No',6400000,16900000,2,703,6300000,7300000,15900000,7400000,' Approved'
1627,4,' Not Graduate',' No',2900000,8700000,6,409,3700000,5500000,8200000,2200000,' Rejected'
3484,3,' Not Graduate',' No',3200000,11500000,16,492,4800000,2300000,10400000,3200000,' Rejected'
1097,3,' Not Graduate',' No',6400000,14400000,10,546,10600000,10000000,21200000,5100000,' Rejected'
3653,4,' Not Graduate',' Yes',8400000,19700000,14,889,22400000,5800000,22000000,12100000,' Approved'
3387,1,' Not Graduate',' No',6900000,20900000,4,574,3200000,1800000,25000000,5200000,' Approved'
342,5,' Graduate',' No',8600000,21000000,8,465,11700000,14900000,19500000,9900000,' Rejected'
301,0,' Not Graduate',' Yes',9900000,38200000,6,573,17200000,10000000,20100000,5900000,' Approved'
44,2,' Graduate',' Yes',800000,2300000,12,342,2200000,1300000,1800000,800000,' Rejected'
3706,2,' Not Graduate',' Yes',2800000,7000000,2,834,500000,2900000,8100000,1300000,' Approved'
3580,2,' Not Graduate',' No',8900000,23100000,4,519,22800000,500000,25200000,4700000,' Rejected'
318,1,' Graduate',' No',4400000,10800000,12,674,9600000,2700000,17200000,5300000,' Approved'
270,5,' Graduate',' Yes',4200000,9400000,6,678,4700000,5500000,9900000,5700000,' Approved'
89,4,' Graduate',' Yes',2000000,8000000,6,837,5100000,2600000,3900000,2900000,' Approved'
1980,0,' Graduate',' No',8300000,31400000,18,558,13300000,2900000,25900000,6300000,' Approved'
2622,4,' Graduate',' Yes',9000000,28900000,6,637,11300000,1200000,33000000,4800000,' Approved'
3121,5,' Not Graduate',' No',8300000,23100000,4,459,5500000,14300000,28400000,5500000,' Rejected'
2628,0,' Graduate',' Yes',900000,3100000,4,355,1700000,100000,3000000,500000,' Approved'
678,1,' Graduate',' No',6500000,23100000,20,741,11400000,8500000,25700000,7900000,' Approved'
599,0,' Graduate',' No',3400000,9400000,6,703,600000,6000000,8600000,2600000,' Approved'
3321,1,' Graduate',' No',1600000,4600000,12,415,800000,600000,3900000,1500000,' Rejected'
2936,2,' Not Graduate',' Yes',2300000,8100000,2,504,1800000,3100000,4600000,3100000,' Approved'
1617,5,' Not Graduate',' Yes',9700000,25900000,2,754,9000000,10000000,28500000,6700000,' Approved'
4123,3,' Graduate',' No',7800000,21800000,8,517,7700000,5100000,19500000,9100000,' Rejected'
3201,3,' Not Graduate',' Yes',8400000,20500000,12,796,22900000,10500000,17600000,11200000,' Approved'
2458,1,' Graduate',' Yes',2100000,4300000,20,896,100000,2300000,7500000,2300000,' Approved'
3308,1,' Graduate',' No',800000,2300000,10,770,900000,900000,2900000,1100000,' Approved'
306,0,' Not Graduate',' No',7500000,18200000,6,782,7400000,12000000,19800000,4100000,' Approved'
2966,1,' Not Graduate',' Yes',8000000,20700000,6,570,1000000,11700000,23200000,11300000,' Approved'
2573,4,' Graduate',' Yes',7000000,19600000,8,708,17600000,2600000,24300000,4500000,' Approved'
922,3,' Not Graduate',' Yes',2100000,6100000,8,346,5500000,600000,4500000,2900000,' Rejected'
2233,2,' Not Graduate',' No',6100000,15300000,2,799,7100000,5500000,17800000,5300000,' Approved'
2406,3,' Not Graduate',' No',2600000,8100000,2,421,4200000,3100000,6200000,2500000,' Approved'
3641,3,' Not Graduate',' Yes',7800000,17700000,6,876,15600000,15200000,25100000,10800000,' Approved'
2711,3,' Graduate',' Yes',7400000,15200000,10,548,16700000,12800000,19300000,4800000,' Rejected'
952,5,' Not Graduate',' No',1100000,2500000,4,827,2400000,1000000,4100000,600000,' Approved'
3966,3,' Graduate',' Yes',8900000,19300000,12,767,12000000,2200000,24700000,7700000,' Approved'
2524,2,' Not Graduate',' Yes',7500000,17900000,20,734,9100000,5500000,23000000,4900000,' Approved'
2135,2,' Not Graduate',' Yes',8500000,26900000,6,538,21300000,16400000,21500000,4600000,' Rejected'
1900,1,' Graduate',' No',500000,1300000,6,670,1000000,500000,1400000,700000,' Approved'
923,1,' Graduate',' Yes',9200000,29200000,6,669,9900000,12900000,23400000,11700000,' Approved'
3493,2,' Not Graduate',' No',9000000,27300000,14,353,22600000,4400000,26900000,7200000,' Rejected'
1473,1,' Graduate',' Yes',5200000,14300000,18,650,5400000,2300000,17600000,3600000,' Approved'
35,3,' Graduate',' No',4900000,11900000,8,612,9700000,1200000,19000000,5800000,' Approved'
2342,1,' Graduate',' Yes',8000000,30600000,10,720,23700000,8500000,24900000,9700000,' Approved'
3797,2,' Not Graduate',' No',8000000,17800000,20,549,2400000,9700000,27400000,10800000,' Rejected'
1313,2,' Not Graduate',' No',9600000,25900000,18,647,11800000,9900000,35600000,11500000,' Approved'
3729,2,' Graduate',' No',3300000,13000000,16,300,5500000,5900000,7400000,3100000,' Rejected'
2402,5,' Not Graduate',' Yes',4100000,9600000,2,307,8800000,7800000,8500000,3100000,' Rejected'
123,1,' Not Graduate',' No',8500000,32900000,10,570,5100000,6200000,20500000,5500000,' Approved'
3704,1,' Not Graduate',' Yes',8400000,30900000,8,378,18600000,1000000,25900000,11100000,' Rejected'
3447,3,' Not Graduate',' Yes',1800000,5700000,14,670,5300000,3100000,3500000,2700000,' Approved'
1092,4,' Not Graduate',' Yes',600000,2100000,6,558,1300000,1000000,2200000,300000,' Approved'
1156,0,' Not Graduate',' Yes',3300000,10000000,16,434,3000000,4100000,12900000,4100000,' Rejected'
3292,5,' Not Graduate',' Yes',8400000,31900000,10,605,18900000,10300000,22000000,9100000,' Approved'
849,1,' Graduate',' No',2600000,6600000,6,506,2300000,1900000,9600000,2100000,' Rejected'
192,0,' Not Graduate',' No',3000000,6500000,2,612,8800000,3400000,6700000,1700000,' Approved'
2127,4,' Graduate',' No',5600000,20300000,20,596,5100000,10900000,12700000,7900000,' Approved'
4260,0,' Not Graduate',' Yes',4500000,11500000,14,509,13400000,2300000,15400000,5900000,' Rejected'
2812,2,' Not Graduate',' No',4000000,8100000,16,312,3500000,2100000,15100000,3100000,' Rejected'
2744,4,' Not Graduate',' Yes',2900000,8900000,18,827,400000,3400000,11200000,1600000,' Approved'
1443,1,' Graduate',' Yes',6000000,23300000,12,672,2000000,11300000,19600000,6400000,' Approved'
757,1,' Not Graduate',' Yes',4700000,18700000,20,445,2100000,0,11100000,4000000,' Rejected'
1043,1,' Not Graduate',' Yes',3300000,10800000,2,550,6000000,3800000,11000000,4700000,' Approved'
729,1,' Not Graduate',' No',3400000,8600000,16,312,6400000,6100000,8400000,3000000,' Rejected'
2310,0,' Not Graduate',' No',6600000,25600000,8,718,12600000,12200000,21700000,9000000,' Approved'
3253,4,' Graduate',' Yes',6300000,14500000,10,349,3800000,12300000,16500000,5700000,' Rejected'
905,2,' Graduate',' No',4100000,14900000,12,571,-100000,5200000,13000000,3400000,' Approved'
3210,5,' Graduate',' No',700000,1800000,10,650,1300000,100000,1500000,300000,' Approved'
3267,4,' Not Graduate',' Yes',2400000,9400000,2,871,3700000,300000,7100000,3500000,' Approved'
950,2,' Graduate',' Yes',300000,700000,4,411,600000,0,1200000,100000,' Rejected'
59,1,' Graduate',' No',7400000,18400000,20,421,18500000,9100000,17500000,4100000,' Rejected'
3701,0,' Graduate',' Yes',2800000,6800000,12,349,4100000,2000000,11100000,1400000,' Rejected'
2823,4,' Not Graduate',' Yes',1400000,3700000,12,621,3100000,900000,5100000,1800000,' Approved'
2919,1,' Not Graduate',' Yes',6500000,18300000,10,722,11900000,8600000,19200000,4500000,' Approved'
1687,5,' Graduate',' No',3200000,8700000,16,558,2600000,2500000,9100000,1800000,' Approved'
1986,5,' Graduate',' Yes',7300000,19600000,10,373,10400000,4700000,19500000,10600000,' Rejected'
91,4,' Graduate',' No',5700000,21100000,18,489,500000,4300000,12500000,6000000,' Rejected'
2014,1,' Graduate',' No',7900000,24000000,12,867,20500000,10000000,30700000,9400000,' Approved'
414,1,' Graduate',' No',4100000,8400000,20,608,1400000,8000000,10000000,4400000,' Approved'
4215,5,' Not Graduate',' No',7800000,27000000,6,728,4400000,13100000,18500000,7400000,' Approved'
1443,1,' Graduate',' Yes',6000000,23300000,12,672,2000000,11300000,19600000,6400000,' Approved'
890,2,' Not Graduate',' Yes',4800000,16500000,10,350,2000000,6500000,11400000,2900000,' Rejected'
856,4,' Graduate',' No',7000000,18900000,6,475,1300000,6100000,14700000,5200000,' Rejected'
2122,0,' Not Graduate',' No',6300000,13300000,2,666,8800000,4000000,14200000,4900000,' Approved'
1866,1,' Not Graduate',' No',4500000,12400000,6,504,12000000,3200000,13100000,2200000,' Rejected'
3963,3,' Graduate',' Yes',500000,1900000,18,618,-100000,600000,1000000,400000,' Approved'
473,3,' Not Graduate',' Yes',8800000,28600000,10,775,5200000,5000000,32000000,9600000,' Approved'
3169,5,' Not Graduate',' No',2400000,7500000,12,357,2600000,2900000,6100000,1300000,' Rejected'
2976,5,' Not Graduate',' No',5200000,13900000,4,422,7800000,4500000,12000000,7000000,' Rejected'
64,3,' Not Graduate',' Yes',3300000,7500000,20,586,1600000,5600000,10500000,2900000,' Approved'
3745,4,' Not Graduate',' Yes',9200000,29100000,10,731,14500000,8300000,35800000,5000000,' Approved'
3987,2,' Not Graduate',' No',8400000,20700000,6,513,500000,16400000,18800000,7900000,' Rejected'
1656,2,' Not Graduate',' No',6900000,23900000,12,814,13000000,1900000,26600000,6000000,' Approved'
358,2,' Not Graduate',' No',8400000,26300000,4,419,22900000,7900000,29200000,6200000,' Approved'
3858,4,' Graduate',' Yes',2800000,5500000,8,875,6900000,4000000,6000000,3300000,' Approved'
2180,5,' Graduate',' Yes',3200000,7600000,4,489,5000000,2900000,10600000,1900000,' Rejected'
940,3,' Not Graduate',' Yes',4700000,12800000,16,740,2200000,8600000,11700000,6100000,' Approved'
631,1,' Not Graduate',' Yes',9000000,29900000,2,668,22100000,7200000,24400000,4700000,' Approved'
3113,0,' Not Graduate',' Yes',5200000,15400000,4,675,15300000,8800000,12800000,2900000,' Approved'
1234,1,' Not Graduate',' Yes',4600000,10900000,12,463,1200000,1200000,10900000,6600000,' Rejected'
3944,2,' Graduate',' No',6200000,16900000,12,754,2300000,4200000,15300000,7900000,' Approved'
2673,3,' Graduate',' Yes',1400000,3500000,12,610,1200000,600000,3800000,1400000,' Approved'
3575,2,' Not Graduate',' Yes',8700000,19900000,10,829,7500000,10500000,20200000,8400000,' Approved'
2938,1,' Not Graduate',' Yes',2200000,5400000,16,641,5900000,0,4800000,1200000,' Approved'
953,4,' Not Graduate',' No',8600000,25100000,6,820,14400000,5000000,26000000,8300000,' Approved'
3792,5,' Not Graduate',' Yes',1000000,2400000,18,613,1600000,1300000,2600000,600000,' Approved'
4197,2,' Graduate',' Yes',7800000,28900000,14,646,1800000,1800000,17700000,11000000,' Approved'
981,3,' Graduate',' No',3200000,6900000,20,735,1500000,3700000,9200000,3100000,' Approved'
780,1,' Graduate',' No',5400000,17900000,14,727,13100000,0,12300000,4700000,' Approved'
4118,1,' Graduate',' Yes',3500000,13100000,10,477,3200000,6200000,7500000,3100000,' Rejected'
1058,0,' Graduate',' Yes',3800000,11200000,20,479,1100000,6400000,12000000,5400000,' Rejected'
2766,2,' Not Graduate',' No',2700000,6700000,8,413,7600000,800000,9200000,2300000,' Rejected'
890,2,' Not Graduate',' Yes',4800000,16500000,10,350,2000000,6500000,11400000,2900000,' Rejected'
1872,2,' Graduate',' Yes',4900000,12200000,18,353,7000000,200000,14400000,3600000,' Rejected'
376,5,' Not Graduate',' Yes',1300000,5000000,10,755,2100000,2200000,4800000,1900000,' Approved'
6,0,' Graduate',' Yes',4800000,13500000,10,319,6800000,8300000,13700000,5100000,' Rejected'
2841,5,' Graduate',' No',9000000,25900000,4,538,11100000,11100000,31300000,8100000,' Rejected'
2863,4,' Graduate',' No',9900000,30000000,18,496,10400000,8000000,29300000,13800000,' Rejected'
2883,5,' Not Graduate',' Yes',7000000,24000000,14,450,10300000,5700000,21100000,4700000,' Rejected'
3210,5,' Graduate',' No',700000,1800000,10,650,1300000,100000,1500000,300000,' Approved'
1540,4,' Not Graduate',' Yes',1500000,4600000,6,524,3700000,2000000,5000000,1400000,' Rejected'
2931,3,' Not Graduate',' No',8700000,24800000,20,360,25300000,8700000,31100000,4300000,' Rejected'
777,5,' Not Graduate',' No',3100000,10800000,10,681,5100000,1700000,7400000,1500000,' Approved'
3908,3,' Graduate',' Yes',1000000,2600000,6,341,2900000,1700000,3600000,1100000,' Rejected'
3126,0,' Graduate',' Yes',3300000,9700000,14,356,9800000,4800000,9400000,1900000,' Rejected'
2465,1,' Not Graduate',' No',1500000,6000000,6,507,2600000,2700000,4800000,1900000,' Rejected'
1466,2,' Not Graduate',' Yes',3800000,8000000,12,866,6000000,600000,8400000,1900000,' Approved'
2763,2,' Not Graduate',' No',1900000,4500000,6,805,2200000,3100000,4800000,2300000,' Approved'
3032,1,' Not Graduate',' Yes',7600000,18800000,14,403,20900000,4700000,24700000,10000000,' Rejected'
154,2,' Not Graduate',' No',1300000,4500000,6,415,0,900000,2900000,1200000,' Rejected'
3834,4,' Not Graduate',' Yes',5000000,18100000,12,424,5200000,2000000,14500000,6100000,' Rejected'
1216,5,' Graduate',' Yes',9600000,38000000,10,359,2100000,13600000,38200000,9400000,' Rejected'
2279,3,' Not Graduate',' Yes',5800000,13600000,12,321,1700000,3300000,22300000,3400000,' Rejected'
3896,0,' Graduate',' Yes',1800000,5200000,16,317,4900000,1500000,4000000,1300000,' Rejected'
2050,5,' Not Graduate',' Yes',9400000,23200000,14,885,16900000,1200000,34900000,4700000,' Approved'
2887,2,' Not Graduate',' Yes',3900000,8300000,18,523,800000,300000,9900000,2300000,' Rejected'
3495,4,' Not Graduate',' Yes',8800000,22200000,10,512,6800000,4000000,31900000,9900000,' Rejected'
61,2,' Not Graduate',' No',8500000,18900000,18,478,23800000,16300000,25900000,11400000,' Rejected'
4222,3,' Graduate',' Yes',1300000,4300000,18,412,600000,900000,5200000,1200000,' Rejected'
4187,3,' Not Graduate',' Yes',4000000,8600000,4,667,11500000,6300000,15300000,3500000,' Approved'
2982,1,' Graduate',' No',7200000,15100000,8,379,2600000,8300000,21700000,8200000,' Rejected'
533,5,' Graduate',' Yes',6900000,23900000,6,382,17100000,6900000,21500000,8900000,' Rejected'
2624,4,' Not Graduate',' Yes',300000,1100000,4,315,700000,100000,900000,100000,' Approved'
3722,5,' Graduate',' Yes',500000,1500000,4,476,200000,200000,1100000,700000,' Approved'
2663,3,' Graduate',' No',4200000,12500000,20,375,1300000,5100000,10900000,2400000,' Rejected'
1060,0,' Graduate',' No',4300000,16900000,18,469,200000,5800000,12000000,6200000,' Rejected'
3146,1,' Not Graduate',' Yes',8900000,22900000,4,757,8200000,11600000,17800000,7800000,' Approved'
4215,5,' Not Graduate',' No',7800000,27000000,6,728,4400000,13100000,18500000,7400000,' Approved'
3829,0,' Not Graduate',' Yes',2600000,7600000,18,470,700000,700000,5500000,2900000,' Rejected'
2342,1,' Graduate',' Yes',8000000,30600000,10,720,23700000,8500000,24900000,9700000,' Approved'
1433,2,' Not Graduate',' Yes',2900000,7800000,18,588,400000,100000,11600000,4200000,' Approved'
1282,3,' Graduate',' No',7700000,27700000,4,439,13900000,7500000,27100000,6200000,' Approved'
2522,1,' Graduate',' Yes',3500000,8100000,10,626,7100000,5500000,7200000,2900000,' Approved'
2346,3,' Graduate',' No',4100000,15300000,6,440,7500000,5100000,8200000,2000000,' Rejected'
100,0,' Graduate',' No',4400000,10800000,14,463,2400000,4800000,13800000,4700000,' Rejected'
3986,1,' Not Graduate',' Yes',8800000,28600000,8,631,11000000,13200000,25000000,7700000,' Approved'
2082,0,' Not Graduate',' Yes',8600000,23000000,14,678,18800000,16400000,22900000,12000000,' Approved'
853,1,' Graduate',' No',5700000,12400000,14,396,5400000,7500000,17600000,5600000,' Rejected'
2476,2,' Graduate',' No',6400000,25000000,12,667,13500000,5500000,25500000,5400000,' Approved'
2378,1,' Not Graduate',' Yes',4900000,12600000,4,718,11800000,7300000,11800000,3800000,' Approved'
1299,2,' Graduate',' No',2200000,4800000,6,721,1800000,100000,6900000,2200000,' Approved'
3719,1,' Graduate',' Yes',9500000,35400000,14,439,400000,1200000,20200000,13500000,' Rejected'
2052,4,' Graduate',' No',6500000,14500000,4,588,10300000,9500000,22800000,6400000,' Approved'
1636,0,' Not Graduate',' No',5100000,13400000,16,649,6800000,1600000,15700000,3900000,' Approved'
4234,1,' Not Graduate',' No',7100000,17000000,6,754,1100000,500000,27000000,6800000,' Approved'
183,0,' Not Graduate',' No',2800000,9900000,8,742,4900000,1300000,6700000,1700000,' Approved'
2342,1,' Graduate',' Yes',8000000,30600000,10,720,23700000,8500000,24900000,9700000,' Approved'
2845,3,' Graduate',' No',8900000,19100000,6,807,2300000,16500000,29900000,10400000,' Approved'
4074,3,' Graduate',' No',900000,2800000,10,560,2700000,300000,1900000,1300000,' Approved'
2179,5,' Not Graduate',' No',7600000,27800000,2,753,18400000,12200000,16900000,8000000,' Approved'
1784,1,' Graduate',' Yes',8000000,24600000,12,649,10800000,1600000,21800000,9200000,' Approved'
104,4,' Graduate',' No',1600000,4500000,12,633,700000,1700000,4100000,1900000,' Approved'
1597,1,' Not Graduate',' Yes',8100000,26900000,6,522,23000000,2100000,18700000,4200000,' Rejected'
3088,3,' Graduate',' No',6100000,24000000,18,718,4100000,3400000,16600000,6800000,' Approved'
1326,5,' Not Graduate',' Yes',7300000,22500000,2,846,9800000,4700000,20300000,5700000,' Approved'
120,1,' Not Graduate',' Yes',9100000,32900000,2,717,2200000,2000000,23600000,5900000,' Approved'
571,1,' Graduate',' No',2300000,7200000,8,453,3000000,2100000,8100000,3400000,' Rejected'
435,3,' Graduate',' No',8800000,18100000,6,699,6400000,2100000,18500000,9400000,' Approved'
3377,5,' Graduate',' Yes',1600000,4100000,2,748,1400000,1000000,4200000,1000000,' Approved'
2608,4,' Not Graduate',' No',5400000,12600000,18,786,300000,2500000,21000000,6600000,' Approved'
2279,3,' Not Graduate',' Yes',5800000,13600000,12,321,1700000,3300000,22300000,3400000,' Rejected'
3726,3,' Graduate',' Yes',6300000,19900000,12,770,1900000,2400000,15500000,3100000,' Approved'
3241,2,' Graduate',' No',1400000,4700000,20,563,400000,2300000,2800000,1400000,' Approved'
2097,0,' Not Graduate',' No',8100000,26500000,20,342,5800000,5600000,23700000,5800000,' Rejected'
1160,2,' Not Graduate',' No',7700000,27300000,16,758,7300000,4600000,24800000,9100000,' Approved'
3493,2,' Not Graduate',' No',9000000,27300000,14,353,22600000,4400000,26900000,7200000,' Rejected'
1719,4,' Not Graduate',' Yes',7600000,20000000,18,691,5000000,8700000,23400000,11200000,' Approved'
3758,3,' Graduate',' No',2800000,8500000,20,431,6200000,1700000,7800000,2200000,' Rejected'
4138,3,' Graduate',' Yes',1300000,4800000,14,808,3100000,2000000,5100000,1500000,' Approved'
3922,3,' Graduate',' Yes',9000000,33100000,16,456,23800000,7000000,26000000,7100000,' Rejected'
642,0,' Graduate',' Yes',7100000,20100000,16,756,8000000,5000000,17600000,5400000,' Approved'
413,4,' Not Graduate',' No',4900000,18800000,16,880,4200000,4700000,13200000,2600000,' Approved'
4162,5,' Not Graduate',' No',1100000,4000000,2,362,1800000,1300000,3500000,1100000,' Approved'
2860,3,' Graduate',' No',2100000,5400000,8,771,5200000,3700000,6200000,1000000,' Approved'
864,5,' Graduate',' No',4200000,9200000,12,870,3200000,2400000,12300000,5700000,' Approved'
2059,2,' Not Graduate',' Yes',6600000,17000000,2,457,100000,1800000,23300000,6700000,' Rejected'
205,4,' Not Graduate',' Yes',9600000,30100000,12,870,300000,6700000,38200000,5600000,' Approved'
1224,2,' Graduate',' No',1600000,3800000,10,837,3800000,1100000,5500000,1600000,' Approved'
2718,0,' Not Graduate',' No',9000000,28400000,4,612,0,7200000,26900000,13200000,' Approved'
4131,0,' Not Graduate',' Yes',6200000,14900000,8,855,-100000,7200000,14200000,8200000,' Approved'
3960,2,' Graduate',' No',5200000,16200000,12,890,10500000,9600000,15800000,3900000,' Approved'
1731,4,' Graduate',' Yes',3800000,14000000,6,711,9500000,7300000,14500000,3100000,' Approved'
1048,2,' Graduate',' No',3300000,11800000,4,393,5700000,3700000,6800000,2600000,' Approved'
1847,0,' Not Graduate',' No',8500000,17200000,12,624,6500000,8400000,18600000,5100000,' Approved'
4240,0,' Not Graduate',' Yes',8400000,23000000,14,455,400000,13400000,29800000,9400000,' Rejected'
2976,5,' Not Graduate',' No',5200000,13900000,4,422,7800000,4500000,12000000,7000000,' Rejected'
2194,0,' Graduate',' Yes',7800000,23300000,10,587,12500000,9300000,27500000,9700000,' Approved'
2523,0,' Not Graduate',' Yes',8200000,28800000,4,619,9000000,1100000,23000000,6300000,' Approved'
692,3,' Not Graduate',' Yes',900000,2300000,6,747,1200000,200000,2900000,600000,' Approved'
829,4,' Not Graduate',' No',6300000,21900000,10,538,9600000,5400000,19300000,7800000,' Rejected'
1408,2,' Not Graduate',' Yes',6100000,22300000,10,733,12100000,9700000,17200000,5600000,' Approved'
3391,4,' Graduate',' No',5800000,13500000,14,816,13800000,9300000,20400000,7900000,' Approved'
2624,4,' Not Graduate',' Yes',300000,1100000,4,315,700000,100000,900000,100000,' Approved'
758,0,' Graduate',' No',1400000,5500000,6,393,500000,1500000,5400000,1800000,' Rejected'
607,4,' Graduate',' Yes',5400000,12700000,4,622,11000000,3300000,15100000,6500000,' Approved'
3474,5,' Graduate',' No',3600000,11600000,14,546,8500000,300000,12000000,4800000,' Rejected'
15,1,' Not Graduate',' No',1900000,7400000,6,469,1900000,1200000,5900000,1900000,' Rejected'
2009,5,' Graduate',' Yes',6800000,22600000,2,804,3500000,12500000,18200000,9900000,' Approved'
2700,4,' Graduate',' Yes',5500000,14800000,10,354,16000000,3400000,21200000,7700000,' Rejected'
3130,5,' Graduate',' Yes',1000000,2600000,8,664,900000,1200000,3500000,900000,' Approved'
1514,3,' Not Graduate',' No',5300000,20300000,4,872,4300000,7300000,18400000,7600000,' Approved'
987,5,' Not Graduate',' No',700000,2400000,20,330,1300000,700000,2500000,500000,' Rejected'
1503,2,' Graduate',' Yes',4800000,13200000,20,310,11800000,4600000,12900000,4200000,' Rejected'
3921,4,' Graduate',' No',9100000,26600000,2,812,23300000,11900000,33100000,10400000,' Approved'
1005,3,' Not Graduate',' No',2800000,5900000,4,461,1600000,400000,8900000,2800000,' Rejected'
2120,1,' Not Graduate',' No',6600000,20700000,4,415,12800000,11900000,17700000,3900000,' Approved'
1048,2,' Graduate',' No',3300000,11800000,4,393,5700000,3700000,6800000,2600000,' Approved'
857,1,' Not Graduate',' No',2200000,7000000,18,417,2000000,3900000,6500000,1900000,' Rejected'
2527,3,' Graduate',' Yes',4700000,13200000,12,440,4000000,3300000,16600000,4300000,' Rejected'
2015,4,' Graduate',' Yes',8800000,34200000,16,844,18700000,11000000,20700000,10700000,' Approved'
2780,4,' Graduate',' Yes',3900000,9200000,12,737,2800000,2300000,12300000,5200000,' Approved'
3174,2,' Graduate',' Yes',4600000,12600000,2,355,6300000,6900000,14800000,6500000,' Rejected'
1487,0,' Not Graduate',' No',2900000,6900000,10,320,5100000,500000,7700000,1500000,' Rejected'
2343,4,' Not Graduate',' No',2000000,4800000,8,302,1500000,800000,4000000,2600000,' Rejected'
1845,2,' Graduate',' Yes',8000000,28400000,10,607,11400000,3800000,29000000,11600000,' Approved'
1363,2,' Not Graduate',' No',600000,1100000,10,800,1200000,200000,2300000,900000,' Approved'
3799,0,' Graduate',' Yes',2900000,7200000,16,332,3600000,5700000,7600000,3600000,' Rejected'
4031,1,' Not Graduate',' Yes',5000000,16900000,12,517,2200000,1500000,15500000,5400000,' Rejected'
496,2,' Not Graduate',' Yes',2400000,5400000,12,739,300000,2500000,5000000,3000000,' Approved'
3131,3,' Not Graduate',' No',7100000,27900000,8,583,8900000,7600000,19600000,6300000,' Approved'
84,3,' Graduate',' No',3600000,8600000,20,613,9400000,300000,10300000,3300000,' Approved'
1400,0,' Graduate',' No',4800000,15100000,6,848,1300000,300000,18800000,3500000,' Approved'
2429,0,' Graduate',' No',4200000,10300000,10,506,9300000,4500000,12400000,6000000,' Rejected'
1710,4,' Graduate',' No',6300000,15000000,18,750,800000,6500000,15400000,7700000,' Approved'
1390,5,' Not Graduate',' No',4600000,11500000,16,668,6500000,3100000,10200000,5500000,' Approved'
323,4,' Graduate',' Yes',4900000,17100000,6,612,1300000,7000000,19500000,5000000,' Approved'
184,2,' Not Graduate',' No',7500000,23100000,4,824,12100000,10900000,26300000,9500000,' Approved'
372,5,' Graduate',' Yes',1100000,3200000,20,592,3200000,700000,3500000,500000,' Approved'
2464,2,' Not Graduate',' No',5000000,12400000,8,709,11300000,6800000,13300000,4200000,' Approved'
3551,2,' Not Graduate',' No',9100000,18600000,20,403,18400000,11700000,20300000,9200000,' Rejected'
874,4,' Graduate',' No',9000000,34700000,4,771,4800000,9500000,34100000,7700000,' Approved'
4133,2,' Graduate',' Yes',7800000,25400000,10,513,22100000,600000,23500000,9800000,' Rejected'
107,4,' Not Graduate',' Yes',9000000,18100000,12,764,600000,16500000,20800000,11600000,' Approved'
2711,3,' Graduate',' Yes',7400000,15200000,10,548,16700000,12800000,19300000,4800000,' Rejected'
137,2,' Not Graduate',' No',4600000,16700000,2,786,200000,5900000,13900000,6100000,' Approved'
2283,0,' Graduate',' Yes',7500000,16600000,14,440,17200000,14500000,24100000,10300000,' Rejected'
432,1,' Graduate',' No',1100000,3500000,8,562,2300000,1200000,3200000,500000,' Approved'
2851,1,' Not Graduate',' Yes',1000000,3200000,2,710,100000,200000,3300000,900000,' Approved'
2380,5,' Graduate',' No',7300000,26200000,10,751,1400000,12200000,26700000,10400000,' Approved'
1103,1,' Graduate',' Yes',1600000,4900000,16,487,4300000,1100000,3900000,2000000,' Rejected'
1556,3,' Graduate',' No',200000,800000,18,752,200000,200000,300000,200000,' Approved'
1936,0,' Not Graduate',' No',4500000,17100000,8,303,7400000,8200000,17400000,4200000,' Rejected'
2815,5,' Graduate',' No',4100000,10200000,12,431,6200000,2200000,13700000,4300000,' Rejected'
1895,0,' Graduate',' Yes',8100000,17600000,16,384,15200000,13300000,31700000,10200000,' Rejected'
160,3,' Graduate',' Yes',4000000,10600000,10,318,1500000,5100000,8000000,4900000,' Rejected'
2687,4,' Not Graduate',' Yes',6400000,21300000,20,332,3600000,9100000,16200000,8000000,' Rejected'
26,5,' Not Graduate',' No',3100000,9500000,20,514,7900000,3100000,6600000,2600000,' Rejected'
3521,3,' Not Graduate',' No',6900000,22700000,4,650,900000,13400000,15500000,6400000,' Approved'
125,3,' Graduate',' No',7000000,19500000,14,719,12200000,10300000,18200000,10200000,' Approved'
98,2,' Not Graduate',' No',8700000,25000000,20,861,14700000,8500000,23200000,7300000,' Approved'
3936,4,' Graduate',' Yes',5900000,11800000,8,479,11000000,1200000,15700000,3900000,' Rejected'
2700,4,' Graduate',' Yes',5500000,14800000,10,354,16000000,3400000,21200000,7700000,' Rejected'
2381,0,' Graduate',' Yes',200000,300000,18,520,100000,300000,600000,100000,' Rejected'
2403,1,' Not Graduate',' No',7300000,23700000,16,852,9400000,6800000,22600000,8500000,' Approved'
3946,4,' Not Graduate',' Yes',7900000,27300000,10,560,23100000,14400000,28500000,10900000,' Approved'
2428,2,' Graduate',' No',9300000,22000000,14,393,4300000,3800000,28400000,13900000,' Rejected'
2904,5,' Graduate',' Yes',8100000,22500000,2,808,4800000,6100000,16900000,6000000,' Approved'
2112,4,' Not Graduate',' No',1700000,4500000,12,821,3200000,1900000,4900000,1500000,' Approved'
1583,2,' Not Graduate',' Yes',5300000,12300000,14,472,10000000,1600000,20400000,3300000,' Rejected'
2273,5,' Graduate',' No',8000000,23100000,20,461,5900000,2400000,29300000,7200000,' Rejected'
2141,2,' Not Graduate',' No',4800000,15800000,20,860,1700000,3300000,13400000,5100000,' Approved'
2285,3,' Not Graduate',' No',9100000,19700000,20,437,6300000,13700000,23700000,12900000,' Rejected'
2015,4,' Graduate',' Yes',8800000,34200000,16,844,18700000,11000000,20700000,10700000,' Approved'
3995,2,' Not Graduate',' Yes',7000000,22500000,12,632,12500000,4600000,20400000,4900000,' Approved'
3140,3,' Not Graduate',' Yes',300000,600000,10,515,300000,200000,1000000,200000,' Rejected'
4154,1,' Graduate',' No',7700000,17100000,14,603,11100000,12100000,30300000,7100000,' Approved'
3209,4,' Graduate',' No',4600000,12500000,6,406,10800000,200000,14000000,6800000,' Rejected'
533,5,' Graduate',' Yes',6900000,23900000,6,382,17100000,6900000,21500000,8900000,' Rejected'
2847,5,' Not Graduate',' Yes',9800000,27800000,6,827,2400000,14900000,32800000,9500000,' Approved'
2774,2,' Graduate',' Yes',2700000,9600000,14,554,5800000,200000,10200000,1900000,' Approved'
1084,2,' Not Graduate',' No',8600000,21700000,4,429,5500000,10800000,30900000,6000000,' Rejected'
1017,3,' Not Graduate',' No',1600000,3900000,20,804,900000,2500000,3200000,800000,' Approved'
207,2,' Graduate',' No',9800000,20900000,12,768,3400000,10200000,38600000,13400000,' Approved'
342,5,' Graduate',' No',8600000,21000000,8,465,11700000,14900000,19500000,9900000,' Rejected'
112,3,' Graduate',' Yes',7400000,18200000,14,302,5600000,3100000,17900000,5000000,' Rejected'
67,3,' Not Graduate',' No',8300000,29100000,10,715,6100000,11900000,24100000,11900000,' Approved'
1230,4,' Graduate',' Yes',1800000,5800000,14,305,600000,3300000,3600000,2000000,' Rejected'
1,2,' Graduate',' No',9600000,29900000,12,778,2400000,17600000,22700000,8000000,' Approved'
305,5,' Not Graduate',' Yes',9200000,23600000,12,656,1400000,11200000,36400000,4900000,' Approved'
701,0,' Graduate',' Yes',7600000,17900000,16,788,1700000,7800000,27100000,5900000,' Approved'
1635,0,' Graduate',' Yes',9800000,38700000,2,611,6600000,10400000,33000000,6000000,' Approved'
3210,5,' Graduate',' No',700000,1800000,10,650,1300000,100000,1500000,300000,' Approved'
2966,1,' Not Graduate',' Yes',8000000,20700000,6,570,1000000,11700000,23200000,11300000,' Approved'
2620,3,' Not Graduate',' No',2700000,10800000,6,480,4400000,0,10300000,3500000,' Rejected'
2589,0,' Not Graduate',' No',4700000,11500000,18,559,7500000,0,18700000,2600000,' Approved'
2556,2,' Graduate',' No',1800000,5700000,14,502,1400000,1100000,4400000,1300000,' Rejected'
527,0,' Not Graduate',' No',2400000,5000000,14,580,5900000,4400000,5500000,3200000,' Approved'
3913,1,' Graduate',' No',7100000,14300000,12,720,4600000,500000,27300000,8400000,' Approved'
2417,2,' Not Graduate',' Yes',1200000,2900000,12,330,400000,1600000,3800000,600000,' Rejected'
1378,4,' Not Graduate',' No',9200000,21700000,6,653,22700000,4600000,29400000,8600000,' Approved'
1878,4,' Graduate',' No',4800000,14300000,6,795,5900000,0,11100000,2600000,' Approved'
3399,2,' Graduate',' Yes',6900000,25300000,4,763,9000000,3600000,21300000,5500000,' Approved'
2529,0,' Graduate',' No',2500000,7800000,8,437,5800000,0,5800000,3300000,' Rejected'
3542,3,' Not Graduate',' No',8800000,24900000,16,668,16700000,17200000,30000000,10500000,' Approved'
1372,0,' Not Graduate',' No',6000000,15300000,8,709,8900000,1700000,16400000,3500000,' Approved'
3405,4,' Not Graduate',' No',2800000,8300000,14,381,3200000,1100000,9100000,1500000,' Rejected'
2395,2,' Not Graduate',' Yes',4700000,13700000,6,506,1300000,7900000,16700000,3500000,' Rejected'
3011,2,' Graduate',' No',1900000,5200000,6,896,4300000,100000,6200000,2400000,' Approved'
1731,4,' Graduate',' Yes',3800000,14000000,6,711,9500000,7300000,14500000,3100000,' Approved'
1995,0,' Not Graduate',' No',800000,2400000,2,716,700000,1200000,3100000,400000,' Approved'
3705,1,' Not Graduate',' No',2100000,5300000,20,461,1500000,3800000,8100000,1700000,' Rejected'
1439,1,' Not Graduate',' No',8000000,27800000,6,667,6000000,12600000,22500000,9900000,' Approved'
1390,5,' Not Graduate',' No',4600000,11500000,16,668,6500000,3100000,10200000,5500000,' Approved'
712,5,' Graduate',' No',9200000,29200000,16,383,17700000,13300000,30400000,5700000,' Rejected'
1705,1,' Not Graduate',' Yes',5200000,11200000,2,370,9900000,10200000,16700000,6400000,' Rejected'
2855,3,' Not Graduate',' Yes',700000,2500000,8,321,1900000,1200000,1700000,400000,' Rejected'
3543,1,' Graduate',' No',6500000,23400000,2,672,5000000,10400000,16700000,7600000,' Approved'
3042,3,' Not Graduate',' No',8900000,35200000,10,894,17100000,5600000,27700000,9800000,' Approved'
1079,5,' Not Graduate',' Yes',9800000,37900000,18,301,6700000,4900000,34300000,6200000,' Rejected'
3386,4,' Graduate',' No',700000,2200000,6,680,300000,200000,2500000,300000,' Approved'
1838,5,' Not Graduate',' Yes',4400000,12500000,6,740,8200000,2300000,9900000,5400000,' Approved'
1483,0,' Not Graduate',' Yes',2300000,6200000,8,712,6800000,1700000,8800000,1500000,' Approved'
3193,0,' Graduate',' Yes',5300000,13300000,12,572,4200000,2500000,18000000,7100000,' Approved'
2409,3,' Not Graduate',' Yes',4900000,17500000,20,823,12600000,8700000,14300000,4800000,' Approved'
1438,0,' Graduate',' No',2800000,7300000,6,676,3500000,2200000,5700000,3200000,' Approved'
1305,2,' Graduate',' Yes',9400000,24800000,14,513,24200000,18200000,37200000,7500000,' Rejected'
1942,2,' Graduate',' No',400000,1300000,16,507,200000,200000,1500000,300000,' Rejected'
3126,0,' Graduate',' Yes',3300000,9700000,14,356,9800000,4800000,9400000,1900000,' Rejected'
569,4,' Not Graduate',' No',4500000,9800000,16,895,9800000,8200000,13900000,5500000,' Approved'
1891,5,' Graduate',' No',9900000,24600000,2,530,24200000,12800000,20400000,13000000,' Rejected'
3716,2,' Not Graduate',' Yes',8300000,17600000,2,355,1000000,700000,28400000,6800000,' Rejected'
2868,5,' Graduate',' Yes',6400000,15600000,8,553,14200000,2900000,20400000,8000000,' Approved'
1321,1,' Not Graduate',' No',4900000,14800000,12,895,8600000,8200000,18300000,5200000,' Approved'
972,5,' Graduate',' Yes',4400000,11700000,20,590,900000,2700000,15500000,2300000,' Approved'
3756,1,' Not Graduate',' No',8900000,20000000,2,653,12700000,600000,17800000,9900000,' Approved'
241,2,' Graduate',' No',9600000,22500000,18,851,7400000,16200000,24300000,12700000,' Approved'
917,1,' Not Graduate',' No',6900000,26200000,4,534,14500000,11900000,14900000,9400000,' Approved'
3147,5,' Graduate',' Yes',4200000,8500000,4,386,8700000,4600000,10500000,6000000,' Rejected'
3056,3,' Not Graduate',' Yes',300000,500000,6,386,800000,200000,1200000,100000,' Rejected'
1144,1,' Graduate',' Yes',200000,400000,8,569,200000,200000,700000,300000,' Approved'
1903,2,' Not Graduate',' No',2900000,7300000,2,776,8300000,3000000,8500000,3400000,' Approved'
2153,3,' Graduate',' No',3500000,8500000,18,609,7300000,0,12700000,2500000,' Approved'
4180,2,' Not Graduate',' No',1900000,4600000,12,587,3000000,1300000,4800000,1100000,' Approved'
2691,0,' Not Graduate',' Yes',8300000,16800000,18,422,8000000,10600000,23300000,11400000,' Rejected'
671,1,' Graduate',' Yes',2000000,5600000,18,320,2400000,2300000,4600000,2100000,' Rejected'
2232,4,' Not Graduate',' Yes',9400000,20000000,12,817,3600000,1600000,34400000,8000000,' Approved'
812,2,' Not Graduate',' Yes',9600000,28100000,20,763,23000000,11800000,27500000,10300000,' Approved'
3127,5,' Graduate',' No',900000,2300000,16,590,1200000,1500000,2100000,900000,' Approved'
1678,1,' Graduate',' Yes',6400000,13900000,12,313,18600000,6300000,18600000,4900000,' Rejected'
2007,3,' Graduate',' No',8600000,23600000,4,324,13800000,3800000,28500000,4300000,' Rejected'
4030,0,' Not Graduate',' Yes',1200000,3000000,4,827,3200000,600000,2300000,1500000,' Approved'
114,5,' Not Graduate',' Yes',7300000,22100000,18,879,19500000,10600000,19300000,9800000,' Approved'
2544,0,' Not Graduate',' Yes',1900000,6300000,16,811,1100000,100000,5100000,1900000,' Approved'
1483,0,' Not Graduate',' Yes',2300000,6200000,8,712,6800000,1700000,8800000,1500000,' Approved'
1311,2,' Graduate',' Yes',4900000,12000000,20,513,14200000,8100000,18300000,4800000,' Rejected'
3804,0,' Graduate',' Yes',9400000,36100000,10,615,21200000,3800000,27400000,9100000,' Approved'
3427,1,' Graduate',' Yes',8700000,30000000,12,543,21900000,12700000,30600000,12700000,' Rejected'
3588,5,' Not Graduate',' Yes',600000,1700000,20,879,1100000,100000,2300000,700000,' Approved'
2806,3,' Graduate',' No',2800000,10900000,2,710,600000,2400000,5600000,3600000,' Approved'
499,3,' Graduate',' No',6700000,15500000,18,492,2100000,2000000,26300000,9400000,' Rejected'
3428,0,' Not Graduate',' Yes',3500000,12600000,10,448,1200000,2500000,10400000,3600000,' Rejected'
1196,3,' Not Graduate',' Yes',7000000,19200000,4,768,8600000,13700000,19200000,7700000,' Approved'
109,1,' Graduate',' Yes',9700000,35900000,2,719,19600000,7600000,20400000,10900000,' Approved'
2099,1,' Graduate',' Yes',4900000,15200000,10,429,5700000,7300000,14400000,3300000,' Rejected'
2159,2,' Graduate',' No',2500000,8700000,4,684,0,600000,9700000,2600000,' Approved'
649,0,' Not Graduate',' Yes',6800000,14400000,8,812,15200000,4500000,21100000,6400000,' Approved'
3807,0,' Not Graduate',' No',1300000,3400000,10,464,1200000,200000,3500000,1400000,' Rejected'
3968,2,' Graduate',' No',3000000,7000000,4,588,5300000,3400000,11900000,3400000,' Approved'
3127,5,' Graduate',' No',900000,2300000,16,590,1200000,1500000,2100000,900000,' Approved'
3208,4,' Graduate',' Yes',3200000,11500000,20,864,8700000,5000000,12100000,4100000,' Approved'
2622,4,' Graduate',' Yes',9000000,28900000,6,637,11300000,1200000,33000000,4800000,' Approved'
2694,3,' Not Graduate',' Yes',8200000,16500000,18,371,19000000,1200000,18500000,8200000,' Rejected'
685,2,' Not Graduate',' No',1000000,2500000,6,551,1700000,200000,3700000,900000,' Approved'
2215,0,' Graduate',' No',1800000,5800000,18,348,2900000,700000,6700000,1000000,' Rejected'
2127,4,' Graduate',' No',5600000,20300000,20,596,5100000,10900000,12700000,7900000,' Approved'
890,2,' Not Graduate',' Yes',4800000,16500000,10,350,2000000,6500000,11400000,2900000,' Rejected'
1402,3,' Graduate',' Yes',4900000,14300000,14,439,10300000,5600000,17400000,5100000,' Rejected'
842,0,' Graduate',' Yes',8300000,30000000,4,600,14600000,12500000,24800000,12000000,' Approved'
3013,5,' Graduate',' No',7500000,22800000,16,347,15100000,1200000,16100000,10700000,' Rejected'
811,1,' Not Graduate',' No',2600000,8500000,2,491,1700000,1800000,5300000,2600000,' Approved'
3929,2,' Graduate',' No',6400000,16500000,8,544,12100000,6300000,15200000,5400000,' Rejected'
1312,3,' Graduate',' Yes',7000000,24200000,2,354,18200000,7000000,15900000,7900000,' Approved'
3493,2,' Not Graduate',' No',9000000,27300000,14,353,22600000,4400000,26900000,7200000,' Rejected'
4069,4,' Not Graduate',' No',6200000,21900000,12,462,9400000,2000000,16600000,8300000,' Rejected'
438,3,' Not Graduate',' Yes',4500000,11400000,8,391,8500000,6800000,9900000,4500000,' Rejected'
2864,3,' Not Graduate',' No',700000,1600000,20,705,600000,900000,2300000,700000,' Approved'
541,3,' Not Graduate',' Yes',1000000,3200000,14,790,1900000,100000,3600000,1100000,' Approved'
4023,2,' Not Graduate',' No',4300000,8800000,6,512,7200000,6500000,16900000,2700000,' Rejected'
2832,4,' Not Graduate',' No',2000000,6000000,12,837,1300000,1900000,6300000,2300000,' Approved'
2367,4,' Graduate',' Yes',3900000,13300000,20,453,9800000,500000,12300000,4700000,' Rejected'
1358,0,' Not Graduate',' No',4700000,15500000,16,311,12800000,200000,17500000,2700000,' Rejected'
1491,0,' Not Graduate',' No',7000000,25300000,14,697,15100000,10400000,14300000,6700000,' Approved'
682,3,' Graduate',' No',600000,1100000,8,538,500000,800000,1400000,300000,' Rejected'
289,1,' Not Graduate',' Yes',3100000,11300000,14,824,3700000,6000000,11000000,4400000,' Approved'
1546,2,' Not Graduate',' Yes',8200000,27800000,16,827,11500000,8700000,26000000,10700000,' Approved'
3813,1,' Not Graduate',' Yes',3700000,10900000,14,748,3700000,2800000,13200000,4100000,' Approved'
4222,3,' Graduate',' Yes',1300000,4300000,18,412,600000,900000,5200000,1200000,' Rejected'
1221,0,' Graduate',' Yes',9000000,34000000,4,549,2000000,8900000,20000000,12400000,' Approved'
582,1,' Not Graduate',' No',8800000,22200000,18,794,8400000,11900000,21000000,10500000,' Approved'
627,3,' Graduate',' No',3500000,13300000,4,798,7400000,5300000,12100000,3600000,' Approved'
1412,4,' Graduate',' Yes',1900000,6800000,6,559,3600000,2200000,6200000,1200000,' Approved'
684,3,' Not Graduate',' Yes',6400000,15200000,14,467,15500000,9100000,18400000,3200000,' Rejected'
760,2,' Graduate',' No',9700000,19900000,16,395,2800000,13700000,37000000,10800000,' Rejected'
3146,1,' Not Graduate',' Yes',8900000,22900000,4,757,8200000,11600000,17800000,7800000,' Approved'
2539,4,' Not Graduate',' Yes',3900000,12000000,14,893,6000000,4700000,12900000,5200000,' Approved'
1895,0,' Graduate',' Yes',8100000,17600000,16,384,15200000,13300000,31700000,10200000,' Rejected'
2561,4,' Not Graduate',' No',6000000,15800000,18,593,6800000,4800000,13200000,6400000,' Approved'
1485,0,' Not Graduate',' Yes',5400000,10900000,20,366,3700000,500000,21000000,4800000,' Rejected'
2982,1,' Graduate',' No',7200000,15100000,8,379,2600000,8300000,21700000,8200000,' Rejected'
3911,1,' Graduate',' No',1700000,6700000,16,537,4300000,2900000,3500000,1100000,' Rejected'
567,2,' Not Graduate',' No',2800000,5900000,6,895,1000000,3900000,10900000,1500000,' Approved'
4241,1,' Graduate',' Yes',400000,700000,10,787,1000000,200000,1600000,500000,' Approved'
757,1,' Not Graduate',' Yes',4700000,18700000,20,445,2100000,0,11100000,4000000,' Rejected'
856,4,' Graduate',' No',7000000,18900000,6,475,1300000,6100000,14700000,5200000,' Rejected'
734,0,' Graduate',' No',500000,1200000,14,556,900000,0,1800000,500000,' Approved'
1592,1,' Graduate',' No',9500000,23000000,10,627,28500000,11500000,21700000,9100000,' Approved'
4002,5,' Not Graduate',' No',9200000,28000000,8,527,18700000,7700000,24400000,6400000,' Rejected'
1658,4,' Not Graduate',' No',3900000,9000000,2,674,8700000,5700000,14000000,3100000,' Approved'
1431,0,' Graduate',' Yes',5300000,13700000,6,329,8800000,7600000,11200000,2800000,' Rejected'
3984,0,' Graduate',' No',7500000,15900000,2,535,17500000,5700000,23600000,4500000,' Rejected'
2073,0,' Graduate',' No',300000,500000,2,885,200000,400000,700000,200000,' Approved'
2786,0,' Not Graduate',' No',7700000,29300000,14,801,6200000,11800000,23400000,4700000,' Approved'
1507,1,' Not Graduate',' Yes',400000,1300000,18,801,100000,0,1500000,600000,' Approved'
1332,2,' Graduate',' No',9600000,35000000,2,888,12600000,6500000,37900000,5800000,' Approved'
3729,2,' Graduate',' No',3300000,13000000,16,300,5500000,5900000,7400000,3100000,' Rejected'
2295,3,' Graduate',' Yes',7500000,25300000,12,767,13200000,10800000,19400000,9600000,' Approved'
2050,5,' Not Graduate',' Yes',9400000,23200000,14,885,16900000,1200000,34900000,4700000,' Approved'
2586,3,' Not Graduate',' Yes',1100000,3100000,16,356,1300000,100000,3000000,1600000,' Rejected'
3241,2,' Graduate',' No',1400000,4700000,20,563,400000,2300000,2800000,1400000,' Approved'
654,5,' Graduate',' No',2900000,6700000,14,796,3800000,3700000,9700000,4200000,' Approved'
2992,3,' Not Graduate',' No',2300000,8500000,12,557,3600000,1400000,6200000,1300000,' Approved'
1050,0,' Graduate',' Yes',1000000,3800000,8,553,2500000,1000000,2100000,1300000,' Approved'
151,1,' Not Graduate',' Yes',5200000,19300000,8,481,14300000,9500000,18800000,4200000,' Rejected'
2115,5,' Not Graduate',' Yes',5000000,10600000,6,839,12600000,8600000,19800000,3500000,' Approved'
3292,5,' Not Graduate',' Yes',8400000,31900000,10,605,18900000,10300000,22000000,9100000,' Approved'
3014,4,' Not Graduate',' No',2400000,7000000,4,539,2300000,0,9600000,2900000,' Rejected'
1322,2,' Graduate',' No',2100000,6600000,20,580,3800000,4100000,6200000,2100000,' Approved'
2608,4,' Not Graduate',' No',5400000,12600000,18,786,300000,2500000,21000000,6600000,' Approved'
2141,2,' Not Graduate',' No',4800000,15800000,20,860,1700000,3300000,13400000,5100000,' Approved'
2150,1,' Graduate',' No',800000,3000000,4,338,900000,1000000,2600000,400000,' Approved'
163,3,' Not Graduate',' No',9700000,20600000,16,524,24200000,11100000,27400000,6100000,' Rejected'
3599,3,' Graduate',' Yes',1500000,5800000,18,420,800000,1900000,4100000,1400000,' Rejected'
1606,3,' Not Graduate',' Yes',8800000,26200000,20,865,19300000,9800000,27700000,12500000,' Approved'
3307,5,' Not Graduate',' No',300000,500000,8,396,400000,300000,1200000,200000,' Rejected'
1658,4,' Not Graduate',' No',3900000,9000000,2,674,8700000,5700000,14000000,3100000,' Approved'
2929,5,' Graduate',' Yes',4100000,15500000,10,836,10500000,1100000,15200000,3600000,' Approved'
2333,3,' Graduate',' Yes',7700000,23100000,8,807,2900000,9800000,20400000,7000000,' Approved'
1433,2,' Not Graduate',' Yes',2900000,7800000,18,588,400000,100000,11600000,4200000,' Approved'
1270,3,' Graduate',' Yes',3500000,13000000,6,391,6100000,3500000,13300000,4300000,' Rejected'
2822,4,' Graduate',' No',7600000,25100000,4,671,4600000,13200000,27400000,4300000,' Approved'
3229,2,' Graduate',' Yes',2700000,8500000,20,368,4900000,4500000,5900000,2100000,' Rejected'
3827,1,' Graduate',' Yes',3400000,12300000,8,523,6100000,4700000,8300000,2600000,' Rejected'
2484,5,' Not Graduate',' No',4700000,17400000,2,523,10600000,7000000,10900000,5200000,' Approved'
767,3,' Graduate',' Yes',6100000,24200000,12,672,300000,11100000,23500000,5000000,' Approved'
3495,4,' Not Graduate',' Yes',8800000,22200000,10,512,6800000,4000000,31900000,9900000,' Rejected'
3459,3,' Not Graduate',' Yes',7500000,26000000,2,342,13900000,1900000,26900000,11200000,' Approved'
4115,4,' Graduate',' No',400000,1000000,20,692,500000,400000,1600000,200000,' Approved'
2215,0,' Graduate',' No',1800000,5800000,18,348,2900000,700000,6700000,1000000,' Rejected'
4147,2,' Graduate',' Yes',9700000,35100000,20,612,13400000,13500000,38200000,6500000,' Approved'
2904,5,' Graduate',' Yes',8100000,22500000,2,808,4800000,6100000,16900000,6000000,' Approved'
2120,1,' Not Graduate',' No',6600000,20700000,4,415,12800000,11900000,17700000,3900000,' Approved'
1656,2,' Not Graduate',' No',6900000,23900000,12,814,13000000,1900000,26600000,6000000,' Approved'
4097,4,' Not Graduate',' No',5500000,20200000,14,611,13700000,5700000,15100000,7200000,' Approved'
1990,0,' Not Graduate',' Yes',4900000,16500000,4,600,11100000,2200000,12000000,6500000,' Approved'
722,3,' Not Graduate',' No',5600000,21000000,12,609,8800000,11000000,15800000,4900000,' Approved'
3498,0,' Not Graduate',' Yes',6000000,22700000,10,480,200000,11900000,13700000,8700000,' Rejected'
2379,2,' Not Graduate',' Yes',5100000,13300000,14,313,5900000,7900000,18000000,3900000,' Rejected'
4026,3,' Graduate',' No',1300000,3100000,14,348,1500000,600000,3900000,600000,' Rejected'
2206,1,' Not Graduate',' Yes',9900000,30900000,20,559,12100000,6100000,38600000,12100000,' Approved'
3001,1,' Not Graduate',' Yes',9900000,25700000,2,340,15600000,18800000,29500000,11800000,' Rejected'
3694,5,' Graduate',' Yes',5400000,21400000,12,399,4000000,9700000,12400000,6800000,' Rejected'
3640,0,' Graduate',' No',7400000,24100000,16,779,800000,2900000,28900000,4900000,' Approved'
2428,2,' Graduate',' No',9300000,22000000,14,393,4300000,3800000,28400000,13900000,' Rejected'
860,0,' Not Graduate',' Yes',600000,1800000,12,511,300000,200000,2200000,400000,' Rejected'
2047,1,' Graduate',' No',9700000,33900000,10,833,24600000,16200000,28300000,6600000,' Approved'
831,0,' Graduate',' No',7300000,14500000,16,811,1000000,12400000,16100000,9600000,' Approved'
890,2,' Not Graduate',' Yes',4800000,16500000,10,350,2000000,6500000,11400000,2900000,' Rejected'
1412,4,' Graduate',' Yes',1900000,6800000,6,559,3600000,2200000,6200000,1200000,' Approved'
3625,1,' Not Graduate',' Yes',800000,2600000,2,439,600000,0,1800000,400000,' Approved'
959,0,' Not Graduate',' Yes',2200000,8000000,14,335,2800000,3700000,6900000,2900000,' Rejected'
301,0,' Not Graduate',' Yes',9900000,38200000,6,573,17200000,10000000,20100000,5900000,' Approved'
1761,0,' Not Graduate',' No',4100000,14500000,12,441,9900000,300000,15700000,3900000,' Rejected'
3361,5,' Not Graduate',' No',8300000,20700000,2,537,8400000,14300000,19700000,7800000,' Rejected'
3663,3,' Not Graduate',' Yes',5500000,20400000,10,546,10600000,8200000,13500000,4000000,' Rejected'
4057,2,' Graduate',' Yes',7800000,22100000,6,533,11900000,2500000,19300000,10800000,' Rejected'
3371,5,' Graduate',' Yes',3400000,12800000,10,760,9800000,4300000,11000000,4600000,' Approved'
1156,0,' Not Graduate',' Yes',3300000,10000000,16,434,3000000,4100000,12900000,4100000,' Rejected'
3433,0,' Not Graduate',' No',4800000,15700000,10,398,4900000,7400000,17100000,6400000,' Rejected'
501,2,' Graduate',' No',200000,700000,8,851,400000,200000,800000,200000,' Approved'
305,5,' Not Graduate',' Yes',9200000,23600000,12,656,1400000,11200000,36400000,4900000,' Approved'
1993,0,' Not Graduate',' Yes',7300000,22600000,12,851,3300000,3400000,24800000,5300000,' Approved'
1847,0,' Not Graduate',' No',8500000,17200000,12,624,6500000,8400000,18600000,5100000,' Approved'
3280,5,' Not Graduate',' No',9800000,26600000,12,664,5200000,2900000,22500000,14100000,' Approved'
2113,5,' Graduate',' Yes',9200000,28800000,20,618,14300000,10800000,33900000,10600000,' Approved'
902,5,' Graduate',' No',3100000,9400000,10,414,200000,5300000,8000000,2800000,' Rejected'
3001,1,' Not Graduate',' Yes',9900000,25700000,2,340,15600000,18800000,29500000,11800000,' Rejected'
3963,3,' Graduate',' Yes',500000,1900000,18,618,-100000,600000,1000000,400000,' Approved'
2382,2,' Graduate',' No',1400000,4700000,4,355,2100000,600000,4400000,1400000,' Approved'
1787,3,' Not Graduate',' No',6200000,13200000,14,707,17200000,8900000,23100000,4200000,' Approved'
298,2,' Not Graduate',' Yes',3500000,12000000,14,476,1100000,6800000,12400000,2900000,' Rejected'
114,5,' Not Graduate',' Yes',7300000,22100000,18,879,19500000,10600000,19300000,9800000,' Approved'
3474,5,' Graduate',' No',3600000,11600000,14,546,8500000,300000,12000000,4800000,' Rejected'
1073,1,' Not Graduate',' No',6200000,19500000,20,448,3300000,7100000,22400000,8000000,' Rejected'
3613,0,' Not Graduate',' Yes',200000,700000,20,724,600000,0,500000,300000,' Approved'
1034,3,' Graduate',' No',600000,1200000,2,752,1100000,500000,2300000,700000,' Approved'
3827,1,' Graduate',' Yes',3400000,12300000,8,523,6100000,4700000,8300000,2600000,' Rejected'
2602,0,' Graduate',' Yes',7000000,21700000,20,498,6600000,5500000,14700000,3900000,' Rejected'
503,0,' Graduate',' Yes',4300000,14300000,14,601,3800000,900000,16700000,5700000,' Approved'
3722,5,' Graduate',' Yes',500000,1500000,4,476,200000,200000,1100000,700000,' Approved'
1322,2,' Graduate',' No',2100000,6600000,20,580,3800000,4100000,6200000,2100000,' Approved'
230,3,' Not Graduate',' Yes',1100000,3500000,12,503,3000000,400000,2200000,1200000,' Rejected'
701,0,' Graduate',' Yes',7600000,17900000,16,788,1700000,7800000,27100000,5900000,' Approved'
257,3,' Graduate',' Yes',9800000,35400000,6,869,14400000,16400000,22800000,10300000,' Approved'
1823,2,' Not Graduate',' Yes',6200000,16500000,4,510,14100000,4700000,18200000,6300000,' Rejected'
79,2,' Not Graduate',' No',8500000,29400000,12,576,17600000,5600000,25200000,9000000,' Approved'
2013,1,' Graduate',' Yes',3700000,12400000,12,330,3400000,1000000,10400000,2800000,' Rejected'
4158,0,' Graduate',' No',2400000,5300000,16,482,5500000,4200000,8400000,2600000,' Rejected'
1586,3,' Graduate',' No',8300000,30500000,10,473,13300000,9400000,23300000,11800000,' Rejected'
2795,3,' Graduate',' Yes',5800000,17600000,6,720,4900000,4200000,18800000,6600000,' Approved'
642,0,' Graduate',' Yes',7100000,20100000,16,756,8000000,5000000,17600000,5400000,' Approved'
3561,5,' Graduate',' Yes',6500000,18100000,10,360,15700000,10600000,20200000,6100000,' Rejected'
1518,5,' Graduate',' No',5900000,13400000,6,455,3200000,11200000,21600000,6900000,' Rejected'
664,5,' Not Graduate',' No',9100000,19900000,20,519,9300000,16400000,28900000,10500000,' Rejected'
3620,4,' Graduate',' Yes',900000,2800000,2,660,1200000,1400000,2400000,900000,' Approved'
4218,5,' Not Graduate',' Yes',400000,1400000,4,483,1100000,700000,800000,100000,' Approved'
2822,4,' Graduate',' No',7600000,25100000,4,671,4600000,13200000,27400000,4300000,' Approved'
2078,1,' Not Graduate',' Yes',200000,500000,2,579,500000,100000,500000,100000,' Approved'
28,4,' Not Graduate',' Yes',2400000,5600000,4,662,4500000,4200000,5400000,2500000,' Approved'
698,0,' Graduate',' Yes',6000000,23900000,4,394,6700000,5800000,21900000,4500000,' Approved'
2207,0,' Not Graduate',' Yes',700000,2000000,18,650,400000,1300000,2800000,500000,' Approved'
457,4,' Graduate',' Yes',5400000,21500000,14,555,4300000,1500000,14300000,7500000,' Approved'
1622,0,' Not Graduate',' Yes',7200000,15600000,2,362,2700000,2400000,20800000,5900000,' Rejected'
1466,2,' Not Graduate',' Yes',3800000,8000000,12,866,6000000,600000,8400000,1900000,' Approved'
2461,5,' Graduate',' No',1100000,4000000,16,498,400000,100000,2300000,700000,' Rejected'
2762,4,' Not Graduate',' No',7900000,25700000,18,589,4300000,300000,25300000,9800000,' Approved'
2589,0,' Not Graduate',' No',4700000,11500000,18,559,7500000,0,18700000,2600000,' Approved'
3758,3,' Graduate',' No',2800000,8500000,20,431,6200000,1700000,7800000,2200000,' Rejected'
1545,4,' Not Graduate',' No',4300000,16500000,4,539,10600000,6100000,9300000,2100000,' Approved'
125,3,' Graduate',' No',7000000,19500000,14,719,12200000,10300000,18200000,10200000,' Approved'
3530,1,' Not Graduate',' No',9900000,20700000,20,821,12700000,8200000,38100000,11100000,' Approved'
1954,1,' Not Graduate',' No',4600000,15200000,4,593,13800000,3800000,11700000,3900000,' Approved'
688,1,' Not Graduate',' Yes',8700000,30700000,6,708,20600000,4500000,27600000,9300000,' Approved'
1657,0,' Not Graduate',' No',4200000,14800000,20,510,9200000,5700000,11900000,2600000,' Rejected'
1430,5,' Not Graduate',' No',6600000,25800000,10,670,4600000,7200000,20600000,8500000,' Approved'
1674,1,' Graduate',' Yes',7600000,25400000,10,595,7900000,400000,24900000,11000000,' Approved'
2113,5,' Graduate',' Yes',9200000,28800000,20,618,14300000,10800000,33900000,10600000,' Approved'
3940,5,' Graduate',' No',4200000,12500000,18,723,1200000,300000,12900000,6100000,' Approved'
3196,5,' Not Graduate',' Yes',6000000,12300000,12,680,11400000,5300000,13800000,7300000,' Approved'
1165,0,' Not Graduate',' Yes',9600000,34000000,12,710,23800000,10300000,38100000,7800000,' Approved'
671,1,' Graduate',' Yes',2000000,5600000,18,320,2400000,2300000,4600000,2100000,' Rejected'
2902,0,' Not Graduate',' Yes',4000000,10300000,4,819,11100000,1200000,15200000,2600000,' Approved'
688,1,' Not Graduate',' Yes',8700000,30700000,6,708,20600000,4500000,27600000,9300000,' Approved'
1993,0,' Not Graduate',' Yes',7300000,22600000,12,851,3300000,3400000,24800000,5300000,' Approved'
3152,3,' Graduate',' No',1400000,3200000,8,753,2200000,2000000,3600000,2000000,' Approved'
3001,1,' Not Graduate',' Yes',9900000,25700000,2,340,15600000,18800000,29500000,11800000,' Rejected'
1556,3,' Graduate',' No',200000,800000,18,752,200000,200000,300000,200000,' Approved'
57,2,' Not Graduate',' No',4300000,10600000,18,431,2100000,1500000,9300000,5200000,' Rejected'
374,4,' Not Graduate',' Yes',9200000,25500000,10,900,9400000,10500000,27400000,12800000,' Approved'
822,0,' Not Graduate',' Yes',2000000,5900000,12,900,3800000,2400000,7100000,3000000,' Approved'
162,4,' Not Graduate',' No',4500000,15100000,6,693,3700000,1500000,17800000,6000000,' Approved'
3308,1,' Graduate',' No',800000,2300000,10,770,900000,900000,2900000,1100000,' Approved'
2507,4,' Not Graduate',' Yes',5900000,15000000,14,626,16400000,4600000,17600000,8200000,' Approved'
770,5,' Not Graduate',' No',1300000,4800000,4,346,3200000,1600000,3400000,1600000,' Approved'
2138,5,' Not Graduate',' No',1800000,5400000,14,347,3800000,1300000,4900000,1700000,' Rejected'
92,4,' Graduate',' No',8800000,20700000,18,540,19200000,3200000,22400000,12700000,' Rejected'
665,4,' Not Graduate',' Yes',9400000,35000000,10,517,10700000,15100000,27500000,6700000,' Rejected'
292,1,' Graduate',' Yes',5800000,19500000,20,431,13800000,5000000,15600000,3300000,' Rejected'
4062,5,' Not Graduate',' No',2000000,6900000,18,516,4600000,3400000,6500000,1600000,' Rejected'
1950,1,' Not Graduate',' No',6200000,21100000,10,467,15600000,10500000,23500000,5300000,' Rejected'
1801,2,' Graduate',' No',9300000,21200000,2,509,2800000,2600000,35800000,6600000,' Rejected'
1019,0,' Graduate',' No',9500000,22600000,6,861,24700000,13200000,29000000,5600000,' Approved'
750,4,' Not Graduate',' No',5700000,19600000,8,691,8800000,2200000,12100000,3000000,' Approved'
2549,2,' Graduate',' Yes',1800000,5500000,6,448,2900000,300000,5600000,1300000,' Rejected'
1184,4,' Graduate',' No',7100000,19800000,18,530,7100000,3400000,20900000,7100000,' Rejected'
2860,3,' Graduate',' No',2100000,5400000,8,771,5200000,3700000,6200000,1000000,' Approved'
2535,3,' Not Graduate',' No',800000,3000000,14,576,1200000,1300000,2600000,400000,' Approved'
953,4,' Not Graduate',' No',8600000,25100000,6,820,14400000,5000000,26000000,8300000,' Approved'
2966,1,' Not Graduate',' Yes',8000000,20700000,6,570,1000000,11700000,23200000,11300000,' Approved'
109,1,' Graduate',' Yes',9700000,35900000,2,719,19600000,7600000,20400000,10900000,' Approved'
2582,4,' Graduate',' No',7800000,25400000,18,425,3000000,14000000,30500000,7200000,' Rejected'
119,0,' Not Graduate',' No',7200000,15800000,12,379,12700000,12200000,21500000,3600000,' Rejected'
1817,5,' Not Graduate',' Yes',8000000,22500000,20,784,7600000,7300000,26000000,10800000,' Approved'
296,1,' Not Graduate',' Yes',300000,1000000,10,431,400000,500000,900000,100000,' Rejected'
4156,3,' Not Graduate',' No',7400000,23500000,2,460,20600000,12200000,25900000,9200000,' Approved'
1912,1,' Graduate',' No',7500000,16000000,10,541,16300000,4500000,22400000,5100000,' Rejected'
306,0,' Not Graduate',' No',7500000,18200000,6,782,7400000,12000000,19800000,4100000,' Approved'
1305,2,' Graduate',' Yes',9400000,24800000,14,513,24200000,18200000,37200000,7500000,' Rejected'
1839,5,' Not Graduate',' No',5700000,11600000,4,892,10200000,6100000,19800000,7400000,' Approved'
3429,1,' Graduate',' Yes',1600000,5300000,4,713,1400000,1400000,4900000,1300000,' Approved'
277,4,' Not Graduate',' No',1700000,4000000,6,829,0,1600000,5200000,1700000,' Approved'
3647,0,' Graduate',' Yes',9000000,27800000,8,712,900000,6700000,24400000,5800000,' Approved'
4225,5,' Graduate',' Yes',800000,1800000,8,881,300000,1100000,2600000,400000,' Approved'
2263,0,' Graduate',' No',7400000,24900000,20,648,7100000,7900000,23300000,6200000,' Approved'
458,5,' Graduate',' Yes',8400000,17500000,12,620,15300000,13600000,26000000,5800000,' Approved'
276,1,' Not Graduate',' No',7000000,23000000,10,886,14000000,3700000,26700000,3600000,' Approved'
4057,2,' Graduate',' Yes',7800000,22100000,6,533,11900000,2500000,19300000,10800000,' Rejected'
35,3,' Graduate',' No',4900000,11900000,8,612,9700000,1200000,19000000,5800000,' Approved'
743,5,' Graduate',' Yes',2300000,6100000,6,339,5100000,2500000,8300000,2400000,' Rejected'
1683,1,' Not Graduate',' Yes',4000000,9400000,8,509,1000000,4100000,10800000,5500000,' Rejected'
3308,1,' Graduate',' No',800000,2300000,10,770,900000,900000,2900000,1100000,' Approved'
1174,2,' Graduate',' No',5900000,14000000,8,599,4700000,9500000,17800000,6700000,' Approved'
526,0,' Graduate',' Yes',6900000,17000000,20,599,18100000,9400000,26600000,4300000,' Approved'
1033,4,' Graduate',' Yes',700000,2600000,18,478,600000,600000,2100000,300000,' Rejected'
3113,0,' Not Graduate',' Yes',5200000,15400000,4,675,15300000,8800000,12800000,2900000,' Approved'
958,1,' Graduate',' No',2200000,8700000,12,613,500000,1800000,5700000,2400000,' Approved'
2624,4,' Not Graduate',' Yes',300000,1100000,4,315,700000,100000,900000,100000,' Approved'
2075,3,' Graduate',' No',8300000,17200000,8,870,4700000,8800000,18300000,10000000,' Approved'
917,1,' Not Graduate',' No',6900000,26200000,4,534,14500000,11900000,14900000,9400000,' Approved'
3962,4,' Graduate',' No',7800000,28500000,4,803,15500000,11300000,21100000,9800000,' Approved'
2546,5,' Not Graduate',' No',7400000,18000000,2,792,5300000,9400000,19900000,5300000,' Approved'
709,0,' Graduate',' No',8900000,25800000,18,531,12400000,3400000,22900000,5400000,' Rejected'
2282,2,' Not Graduate',' No',3200000,8600000,18,638,1000000,4900000,8600000,3500000,' Approved'
2854,2,' Graduate',' No',4900000,16000000,12,710,8700000,7100000,10000000,5700000,' Approved'
2003,3,' Graduate',' No',5500000,19800000,14,853,7300000,3000000,15500000,3100000,' Approved'
2485,5,' Graduate',' No',3100000,10500000,6,584,7700000,2100000,10900000,2900000,' Approved'
2908,5,' Not Graduate',' No',7700000,20300000,12,806,21300000,13300000,18900000,9600000,' Approved'
593,5,' Graduate',' No',800000,2200000,6,493,900000,500000,2800000,1000000,' Rejected'
686,2,' Not Graduate',' No',6800000,14800000,14,803,11300000,3300000,19600000,6600000,' Approved'
1925,0,' Graduate',' Yes',5000000,19900000,6,748,8300000,8500000,11300000,3000000,' Approved'
3828,1,' Graduate',' Yes',9600000,35900000,8,534,24500000,17700000,31900000,5400000,' Rejected'
1305,2,' Graduate',' Yes',9400000,24800000,14,513,24200000,18200000,37200000,7500000,' Rejected'
2213,4,' Not Graduate',' No',600000,1700000,12,436,400000,0,1700000,700000,' Rejected'
3274,3,' Graduate',' Yes',4000000,8300000,8,531,3700000,7400000,15200000,5900000,' Rejected'
3047,2,' Not Graduate',' Yes',5000000,14600000,10,808,4400000,3500000,17300000,3100000,' Approved'
2539,4,' Not Graduate',' Yes',3900000,12000000,14,893,6000000,4700000,12900000,5200000,' Approved'
3126,0,' Graduate',' Yes',3300000,9700000,14,356,9800000,4800000,9400000,1900000,' Rejected'
609,4,' Graduate',' Yes',4100000,12500000,2,579,10900000,7200000,12200000,2000000,' Approved'
1881,3,' Not Graduate',' No',3700000,10900000,16,301,7800000,2300000,9600000,3400000,' Rejected'
483,4,' Graduate',' No',8300000,24900000,16,506,15400000,5600000,26700000,7000000,' Rejected'
3035,0,' Graduate',' Yes',3100000,7100000,10,498,3800000,1100000,12200000,4300000,' Rejected'
1780,5,' Graduate',' No',1300000,2700000,6,607,800000,1500000,4700000,1600000,' Approved'
2896,1,' Graduate',' No',2500000,5900000,12,668,7400000,600000,6300000,3700000,' Approved'
4162,5,' Not Graduate',' No',1100000,4000000,2,362,1800000,1300000,3500000,1100000,' Approved'
3677,2,' Not Graduate',' Yes',7900000,16100000,18,318,17300000,2900000,29900000,9300000,' Rejected'
1872,2,' Graduate',' Yes',4900000,12200000,18,353,7000000,200000,14400000,3600000,' Rejected'
1745,4,' Not Graduate',' Yes',9300000,36700000,20,808,16500000,14700000,26500000,7100000,' Approved'
2656,0,' Not Graduate',' Yes',2600000,5900000,6,572,5800000,3100000,7300000,3800000,' Approved'
4119,2,' Graduate',' No',2200000,8300000,6,596,4700000,3000000,8500000,1800000,' Approved'
24,0,' Not Graduate',' Yes',500000,1400000,2,551,900000,600000,1100000,300000,' Approved'
1201,0,' Not Graduate',' Yes',300000,800000,4,603,800000,200000,600000,200000,' Approved'
72,5,' Graduate',' Yes',5300000,18600000,4,386,2700000,9700000,11900000,4200000,' Approved'
2448,2,' Graduate',' Yes',4800000,17500000,20,381,400000,6900000,13400000,7000000,' Rejected'
1471,3,' Not Graduate',' No',4300000,11100000,6,312,4800000,3800000,10100000,3300000,' Rejected'
1925,0,' Graduate',' Yes',5000000,19900000,6,748,8300000,8500000,11300000,3000000,' Approved'
589,5,' Not Graduate',' Yes',1100000,2800000,10,647,2700000,2000000,4300000,1400000,' Approved'
3638,0,' Graduate',' No',5700000,17200000,8,386,4200000,7100000,14400000,2900000,' Rejected'
3266,4,' Not Graduate',' Yes',6100000,21200000,6,808,700000,7200000,22300000,6100000,' Approved'
917,1,' Not Graduate',' No',6900000,26200000,4,534,14500000,11900000,14900000,9400000,' Approved'
2522,1,' Graduate',' Yes',3500000,8100000,10,626,7100000,5500000,7200000,2900000,' Approved'
3038,4,' Not Graduate',' Yes',8700000,28200000,12,548,11800000,9900000,19800000,8500000,' Rejected'
432,1,' Graduate',' No',1100000,3500000,8,562,2300000,1200000,3200000,500000,' Approved'
1084,2,' Not Graduate',' No',8600000,21700000,4,429,5500000,10800000,30900000,6000000,' Rejected'
2965,2,' Not Graduate',' No',3100000,9000000,20,892,5000000,5600000,7100000,4000000,' Approved'
3118,4,' Graduate',' No',1500000,4900000,16,392,1800000,1100000,3000000,2000000,' Rejected'
544,3,' Not Graduate',' No',1400000,2700000,8,625,3100000,1800000,3400000,1000000,' Approved'
2813,1,' Not Graduate',' Yes',8100000,30900000,12,464,13600000,9800000,17900000,7500000,' Rejected'
1581,0,' Not Graduate',' Yes',7600000,17800000,14,570,15200000,12100000,21500000,9900000,' Approved'
2308,5,' Not Graduate',' Yes',6700000,17600000,14,843,12700000,200000,19500000,5600000,' Approved'
1636,0,' Not Graduate',' No',5100000,13400000,16,649,6800000,1600000,15700000,3900000,' Approved'
3088,3,' Graduate',' No',6100000,24000000,18,718,4100000,3400000,16600000,6800000,' Approved'
3126,0,' Graduate',' Yes',3300000,9700000,14,356,9800000,4800000,9400000,1900000,' Rejected'
1257,0,' Not Graduate',' No',9700000,37300000,20,701,12100000,16200000,24100000,10500000,' Approved'
2176,2,' Graduate',' No',7000000,19800000,10,563,3900000,9400000,22800000,8000000,' Approved'
513,0,' Graduate',' Yes',7800000,29100000,20,435,21100000,13000000,17300000,9700000,' Rejected'
968,4,' Not Graduate',' No',500000,1800000,20,777,900000,300000,1300000,200000,' Approved'
2534,5,' Graduate',' No',9000000,32800000,4,773,10600000,4100000,18900000,11500000,' Approved'
846,1,' Graduate',' Yes',600000,1800000,8,799,1000000,700000,2200000,800000,' Approved'
2015,4,' Graduate',' Yes',8800000,34200000,16,844,18700000,11000000,20700000,10700000,' Approved'
691,5,' Graduate',' No',1700000,4300000,2,517,100000,200000,6200000,1600000,' Rejected'
1713,2,' Not Graduate',' Yes',3000000,7400000,10,712,5100000,1000000,11600000,3800000,' Approved'
93,4,' Graduate',' No',3800000,8900000,4,844,9100000,3500000,13100000,4700000,' Approved'
3633,4,' Graduate',' No',3300000,10800000,4,552,4200000,900000,8600000,3300000,' Approved'
1478,4,' Not Graduate',' No',1200000,3300000,12,876,400000,100000,3800000,1000000,' Approved'
2918,2,' Graduate',' No',1700000,5700000,10,602,4900000,2700000,4500000,1800000,' Approved'
659,5,' Not Graduate',' No',5600000,17600000,14,448,6700000,3500000,18900000,6800000,' Rejected'
2691,0,' Not Graduate',' Yes',8300000,16800000,18,422,8000000,10600000,23300000,11400000,' Rejected'
137,2,' Not Graduate',' No',4600000,16700000,2,786,200000,5900000,13900000,6100000,' Approved'
159,5,' Graduate',' Yes',700000,1300000,20,704,1600000,0,2200000,600000,' Approved'
1532,4,' Graduate',' Yes',2000000,4700000,2,615,500000,100000,6700000,3000000,' Approved'
235,5,' Not Graduate',' Yes',3300000,7800000,16,632,8500000,500000,7100000,4900000,' Approved'
4123,3,' Graduate',' No',7800000,21800000,8,517,7700000,5100000,19500000,9100000,' Rejected'
3157,1,' Not Graduate',' No',3200000,6600000,16,534,8800000,2600000,6500000,1800000,' Rejected'
3755,1,' Graduate',' No',2800000,6900000,14,553,400000,4900000,6800000,4200000,' Approved'
3596,4,' Not Graduate',' No',7400000,17900000,6,384,13400000,12300000,22400000,4700000,' Rejected'
1446,1,' Graduate',' Yes',1800000,4400000,8,689,3200000,2500000,3800000,1600000,' Approved'
2000,3,' Not Graduate',' Yes',3100000,6300000,18,895,2300000,3400000,10500000,4200000,' Approved'
185,4,' Graduate',' No',1400000,3100000,14,575,3000000,2100000,4900000,1400000,' Approved'
2318,2,' Graduate',' Yes',2300000,5400000,8,364,4500000,500000,7000000,2000000,' Rejected'
4180,2,' Not Graduate',' No',1900000,4600000,12,587,3000000,1300000,4800000,1100000,' Approved'
2340,2,' Graduate',' No',8200000,22500000,18,857,13400000,14300000,28400000,8400000,' Approved'
2090,0,' Not Graduate',' Yes',800000,2600000,2,618,300000,1200000,2000000,500000,' Approved'
3935,1,' Not Graduate',' No',5100000,14200000,6,451,6100000,7600000,11400000,5600000,' Rejected'
2185,4,' Not Graduate',' No',3300000,7000000,20,504,8200000,3200000,7300000,2500000,' Rejected'
2933,1,' Not Graduate',' Yes',2800000,9100000,14,510,2400000,4200000,10400000,3000000,' Rejected'
574,3,' Graduate',' No',3100000,11000000,2,543,5900000,2200000,9000000,2400000,' Approved'
3799,0,' Graduate',' Yes',2900000,7200000,16,332,3600000,5700000,7600000,3600000,' Rejected'
4153,4,' Not Graduate',' No',8100000,19300000,14,821,16500000,8500000,25800000,8300000,' Approved'
3307,5,' Not Graduate',' No',300000,500000,8,396,400000,300000,1200000,200000,' Rejected'
3771,4,' Graduate',' No',8100000,28100000,12,672,5600000,9200000,17200000,9500000,' Approved'
872,0,' Graduate',' No',200000,400000,4,594,500000,0,400000,100000,' Approved'
972,5,' Graduate',' Yes',4400000,11700000,20,590,900000,2700000,15500000,2300000,' Approved'
2155,0,' Not Graduate',' No',3400000,10800000,6,439,5300000,1400000,11600000,1900000,' Rejected'
3703,4,' Graduate',' No',2200000,7800000,20,633,0,3900000,8400000,1900000,' Approved'
451,4,' Not Graduate',' No',9000000,29000000,16,590,4600000,15600000,29200000,12300000,' Approved'
2587,1,' Not Graduate',' Yes',9800000,36000000,12,629,28000000,4100000,29800000,11200000,' Approved'
2352,1,' Graduate',' No',9100000,26200000,8,727,20800000,7100000,27800000,8900000,' Approved'
3859,5,' Graduate',' Yes',2800000,10900000,6,359,5000000,3300000,7600000,3000000,' Rejected'
3884,4,' Graduate',' No',2300000,5400000,16,490,6200000,3700000,5500000,2100000,' Rejected'
2847,5,' Not Graduate',' Yes',9800000,27800000,6,827,2400000,14900000,32800000,9500000,' Approved'
581,4,' Graduate',' Yes',8900000,26300000,10,369,23900000,7000000,27400000,12100000,' Rejected'
3447,3,' Not Graduate',' Yes',1800000,5700000,14,670,5300000,3100000,3500000,2700000,' Approved'
2386,0,' Not Graduate',' Yes',6800000,15300000,14,699,19900000,2600000,13900000,8300000,' Approved'
3574,2,' Not Graduate',' No',4400000,10600000,20,488,10800000,2400000,13200000,4600000,' Rejected'
3147,5,' Graduate',' Yes',4200000,8500000,4,386,8700000,4600000,10500000,6000000,' Rejected'
788,1,' Graduate',' Yes',2600000,5500000,14,820,2700000,2400000,9300000,2000000,' Approved'
2260,4,' Not Graduate',' No',2400000,6000000,6,712,6800000,2200000,6000000,1200000,' Approved'
3489,3,' Graduate',' Yes',6300000,23300000,4,347,18300000,12200000,21100000,8100000,' Approved'
1004,3,' Graduate',' Yes',3300000,9800000,6,360,4500000,600000,11000000,4400000,' Rejected'
2635,5,' Graduate',' No',5300000,20500000,16,802,11200000,7100000,21100000,4100000,' Approved'
2011,2,' Not Graduate',' Yes',3800000,10000000,12,516,2400000,4200000,14200000,5100000,' Rejected'
3828,1,' Graduate',' Yes',9600000,35900000,8,534,24500000,17700000,31900000,5400000,' Rejected'
2004,0,' Graduate',' No',6600000,13700000,20,747,3600000,2400000,23900000,6000000,' Approved'
2572,3,' Not Graduate',' No',8100000,22300000,10,686,20400000,8700000,19200000,6200000,' Approved'
533,5,' Graduate',' Yes',6900000,23900000,6,382,17100000,6900000,21500000,8900000,' Rejected'
3055,2,' Not Graduate',' Yes',9200000,33000000,14,874,3900000,9700000,31200000,6600000,' Approved'
792,4,' Graduate',' Yes',9300000,35500000,6,547,2800000,17800000,27000000,13900000,' Rejected'
1176,3,' Graduate',' Yes',7700000,16200000,6,380,11500000,15100000,22500000,6400000,' Rejected'
25,0,' Not Graduate',' No',4900000,9800000,16,324,3800000,8700000,10000000,3300000,' Rejected'
2133,0,' Graduate',' Yes',5900000,15200000,16,399,15200000,3200000,12200000,6500000,' Rejected'
1817,5,' Not Graduate',' Yes',8000000,22500000,20,784,7600000,7300000,26000000,10800000,' Approved'
1263,2,' Graduate',' Yes',2200000,7900000,6,659,3400000,1800000,8600000,2400000,' Approved'
2020,0,' Not Graduate',' Yes',3300000,9600000,8,465,6100000,700000,9700000,2000000,' Rejected'
3357,4,' Graduate',' No',5100000,15500000,8,392,6700000,8100000,13600000,6700000,' Rejected'
2362,2,' Not Graduate',' Yes',8300000,20600000,10,504,100000,900000,33200000,6700000,' Rejected'
3047,2,' Not Graduate',' Yes',5000000,14600000,10,808,4400000,3500000,17300000,3100000,' Approved'
294,0,' Not Graduate',' Yes',2900000,7600000,8,320,8000000,5600000,9600000,3100000,' Rejected'
1950,1,' Not Graduate',' No',6200000,21100000,10,467,15600000,10500000,23500000,5300000,' Rejected'
3179,5,' Not Graduate',' Yes',5800000,14000000,14,418,3900000,10400000,15100000,6800000,' Rejected'
531,5,' Graduate',' Yes',9900000,31800000,18,817,23400000,700000,32600000,11500000,' Approved'
3511,4,' Graduate',' Yes',8700000,23400000,16,372,10600000,11700000,20000000,8000000,' Rejected'
3200,0,' Graduate',' No',3100000,11100000,8,504,3500000,4600000,11400000,1800000,' Rejected'
3463,0,' Graduate',' No',6500000,20200000,16,842,8300000,12200000,14300000,9600000,' Approved'
1787,3,' Not Graduate',' No',6200000,13200000,14,707,17200000,8900000,23100000,4200000,' Approved'
1580,5,' Graduate',' No',1800000,6800000,18,457,2200000,1100000,3800000,1400000,' Rejected'
116,0,' Not Graduate',' Yes',3300000,10800000,12,797,600000,6000000,7700000,3300000,' Approved'
3359,5,' Graduate',' No',200000,400000,6,722,300000,300000,400000,100000,' Approved'
1710,4,' Graduate',' No',6300000,15000000,18,750,800000,6500000,15400000,7700000,' Approved'
4097,4,' Not Graduate',' No',5500000,20200000,14,611,13700000,5700000,15100000,7200000,' Approved'
1080,2,' Graduate',' No',3300000,8300000,6,653,4700000,3100000,8300000,4600000,' Approved'
2763,2,' Not Graduate',' No',1900000,4500000,6,805,2200000,3100000,4800000,2300000,' Approved'
740,2,' Graduate',' Yes',2000000,7600000,16,429,5300000,3100000,5800000,2200000,' Rejected'
202,2,' Not Graduate',' Yes',3800000,8900000,16,389,200000,5600000,12200000,2200000,' Rejected'
679,4,' Not Graduate',' Yes',4400000,16600000,14,889,800000,1400000,14900000,5900000,' Approved'
2864,3,' Not Graduate',' No',700000,1600000,20,705,600000,900000,2300000,700000,' Approved'
1602,0,' Not Graduate',' Yes',2100000,4900000,10,359,1000000,800000,6100000,1000000,' Rejected'
2323,5,' Not Graduate',' Yes',200000,300000,10,704,500000,100000,800000,200000,' Approved'
635,1,' Not Graduate',' No',8400000,29900000,16,476,16100000,2400000,32700000,7500000,' Rejected'
1804,2,' Graduate',' Yes',5500000,21700000,2,309,11800000,1000000,21600000,7600000,' Approved'
283,0,' Graduate',' Yes',2800000,7800000,10,405,7800000,2500000,7100000,3400000,' Rejected'
2103,1,' Not Graduate',' No',7900000,29300000,2,771,17600000,12800000,20400000,4000000,' Approved'
309,3,' Graduate',' No',9600000,19900000,14,452,4200000,16200000,28500000,6600000,' Rejected'
616,3,' Not Graduate',' No',5200000,17300000,10,401,2600000,1400000,12700000,6400000,' Rejected'
733,2,' Not Graduate',' No',7700000,18300000,20,504,14600000,500000,18300000,4600000,' Rejected'
4183,1,' Not Graduate',' No',400000,1600000,16,784,800000,700000,700000,100000,' Approved'
3458,4,' Not Graduate',' No',8600000,20900000,10,867,24300000,7200000,23700000,9900000,' Approved'
2430,3,' Graduate',' No',9600000,37800000,10,418,6700000,5500000,34900000,11300000,' Rejected'
4180,2,' Not Graduate',' No',1900000,4600000,12,587,3000000,1300000,4800000,1100000,' Approved'
1589,0,' Graduate',' Yes',5600000,19300000,6,407,3400000,3600000,14200000,8400000,' Rejected'
1871,3,' Not Graduate',' Yes',8300000,20900000,4,615,4400000,200000,19000000,9600000,' Approved'
2039,0,' Not Graduate',' Yes',3900000,8600000,2,667,4300000,6600000,13500000,2000000,' Approved'
1518,5,' Graduate',' No',5900000,13400000,6,455,3200000,11200000,21600000,6900000,' Rejected'
124,0,' Not Graduate',' Yes',9000000,18700000,18,865,26800000,0,20900000,11300000,' Approved'
3647,0,' Graduate',' Yes',9000000,27800000,8,712,900000,6700000,24400000,5800000,' Approved'
670,1,' Graduate',' No',6000000,20100000,6,476,13900000,10000000,15200000,5500000,' Rejected'
684,3,' Not Graduate',' Yes',6400000,15200000,14,467,15500000,9100000,18400000,3200000,' Rejected'
3765,4,' Graduate',' Yes',8300000,25400000,4,624,22900000,4000000,24800000,5400000,' Approved'
278,0,' Not Graduate',' No',1500000,4900000,12,651,1600000,2800000,4600000,800000,' Approved'
1232,4,' Graduate',' Yes',1200000,4600000,6,757,1900000,200000,4800000,1500000,' Approved'
1645,2,' Not Graduate',' Yes',2900000,10200000,10,315,8100000,400000,6500000,1600000,' Rejected'
3641,3,' Not Graduate',' Yes',7800000,17700000,6,876,15600000,15200000,25100000,10800000,' Approved'
4051,0,' Not Graduate',' No',9200000,24700000,14,438,4800000,16000000,20600000,10700000,' Rejected'
1322,2,' Graduate',' No',2100000,6600000,20,580,3800000,4100000,6200000,2100000,' Approved'
139,3,' Not Graduate',' Yes',2900000,8500000,12,564,1000000,3100000,7500000,1800000,' Approved'
2352,1,' Graduate',' No',9100000,26200000,8,727,20800000,7100000,27800000,8900000,' Approved'
143,0,' Graduate',' Yes',5500000,16700000,18,829,5500000,1300000,12800000,5900000,' Approved'
2233,2,' Not Graduate',' No',6100000,15300000,2,799,7100000,5500000,17800000,5300000,' Approved'
2059,2,' Not Graduate',' Yes',6600000,17000000,2,457,100000,1800000,23300000,6700000,' Rejected'
3140,3,' Not Graduate',' Yes',300000,600000,10,515,300000,200000,1000000,200000,' Rejected'
2597,0,' Not Graduate',' No',4100000,8800000,18,300,10900000,6400000,8600000,3500000,' Rejected'
2419,0,' Not Graduate',' No',9000000,35100000,6,898,500000,16200000,20700000,9100000,' Approved'
3247,2,' Not Graduate',' Yes',5400000,14800000,6,724,1000000,400000,13100000,5400000,' Approved'
426,0,' Graduate',' Yes',1100000,2800000,18,431,500000,300000,4300000,1400000,' Rejected'
4229,1,' Graduate',' Yes',3200000,9300000,6,483,6700000,1900000,7800000,3600000,' Rejected'
3754,0,' Not Graduate',' Yes',8200000,19100000,2,764,22900000,8900000,20500000,4000000,' Approved'
2449,5,' Graduate',' Yes',6100000,14400000,16,400,9200000,2800000,23800000,5600000,' Rejected'
1514,3,' Not Graduate',' No',5300000,20300000,4,872,4300000,7300000,18400000,7600000,' Approved'
327,2,' Not Graduate',' Yes',3900000,11300000,12,516,3100000,0,10400000,4600000,' Rejected'
2714,5,' Not Graduate',' Yes',4000000,8200000,2,571,3500000,7700000,9500000,4400000,' Approved'
3613,0,' Not Graduate',' Yes',200000,700000,20,724,600000,0,500000,300000,' Approved'
1521,0,' Graduate',' No',1400000,2700000,2,649,2600000,1000000,5500000,1100000,' Approved'
2316,0,' Not Graduate',' No',2000000,4800000,20,337,1300000,2200000,5500000,1700000,' Rejected'
498,2,' Not Graduate',' No',8100000,24800000,6,307,200000,4000000,31100000,10500000,' Rejected'
3691,0,' Graduate',' Yes',5800000,21800000,2,561,4400000,7200000,15000000,4200000,' Approved'
717,3,' Graduate',' No',6800000,21200000,2,433,10700000,1900000,23200000,6300000,' Approved'
3638,0,' Graduate',' No',5700000,17200000,8,386,4200000,7100000,14400000,2900000,' Rejected'
3535,2,' Not Graduate',' Yes',1300000,4900000,8,582,2100000,1800000,3400000,1700000,' Approved'
218,4,' Graduate',' Yes',9600000,21100000,6,809,16100000,9500000,34700000,8700000,' Approved'
4050,4,' Graduate',' No',8700000,32100000,8,397,8900000,17000000,34700000,4800000,' Rejected'
3140,3,' Not Graduate',' Yes',300000,600000,10,515,300000,200000,1000000,200000,' Rejected'
2276,3,' Not Graduate',' Yes',8500000,24900000,18,749,9600000,1200000,31700000,10100000,' Approved'
533,5,' Graduate',' Yes',6900000,23900000,6,382,17100000,6900000,21500000,8900000,' Rejected'
3310,1,' Not Graduate',' No',5800000,18700000,20,586,14100000,3000000,15600000,6000000,' Approved'
2753,1,' Graduate',' No',200000,300000,12,697,600000,300000,700000,100000,' Approved'
953,4,' Not Graduate',' No',8600000,25100000,6,820,14400000,5000000,26000000,8300000,' Approved'
805,2,' Not Graduate',' Yes',800000,2100000,6,726,2000000,0,2600000,600000,' Approved'
252,5,' Graduate',' No',2600000,9100000,8,852,3700000,700000,10300000,3300000,' Approved'
538,1,' Graduate',' No',5900000,15200000,2,547,17100000,2000000,14700000,3600000,' Rejected'
2745,1,' Graduate',' No',9100000,34000000,12,672,8600000,1600000,32700000,8800000,' Approved'
2119,1,' Not Graduate',' No',2800000,6800000,18,596,7900000,400000,7300000,1500000,' Approved'
2705,5,' Not Graduate',' No',4900000,10800000,18,613,6800000,800000,14500000,5300000,' Approved'
1597,1,' Not Graduate',' Yes',8100000,26900000,6,522,23000000,2100000,18700000,4200000,' Rejected'
2147,3,' Not Graduate',' No',7400000,23400000,16,700,19300000,3000000,20700000,8900000,' Approved'
1966,0,' Not Graduate',' No',9900000,22300000,20,613,28400000,8900000,23600000,4900000,' Approved'
2122,0,' Not Graduate',' No',6300000,13300000,2,666,8800000,4000000,14200000,4900000,' Approved'
3266,4,' Not Graduate',' Yes',6100000,21200000,6,808,700000,7200000,22300000,6100000,' Approved'
2607,4,' Graduate',' Yes',2200000,5100000,6,308,3200000,2600000,6600000,3100000,' Rejected'
1028,1,' Not Graduate',' No',9900000,38700000,6,670,19400000,12600000,35800000,6500000,' Approved'
2816,1,' Graduate',' No',6600000,24800000,4,500,8600000,4100000,16700000,6100000,' Approved'
1524,2,' Graduate',' No',6100000,23600000,2,476,4600000,2900000,22500000,3800000,' Approved'
1596,5,' Not Graduate',' Yes',4900000,14300000,4,663,8500000,6100000,19600000,5500000,' Approved'
1792,3,' Not Graduate',' Yes',1800000,5300000,14,440,2000000,100000,3700000,1000000,' Rejected'
1123,0,' Not Graduate',' No',6600000,14100000,20,360,6800000,5100000,25400000,7800000,' Rejected'
1584,2,' Not Graduate',' No',3700000,10900000,12,788,1700000,700000,12200000,2600000,' Approved'
1891,5,' Graduate',' No',9900000,24600000,2,530,24200000,12800000,20400000,13000000,' Rejected'
3703,4,' Graduate',' No',2200000,7800000,20,633,0,3900000,8400000,1900000,' Approved'
299,5,' Graduate',' No',800000,2600000,6,560,100000,200000,3000000,1000000,' Approved'
2010,4,' Graduate',' No',700000,1800000,8,874,1600000,1000000,1300000,300000,' Approved'
196,3,' Graduate',' No',9200000,27100000,12,306,5800000,11500000,28000000,9600000,' Rejected'
4269,1,' Graduate',' No',9200000,29700000,10,607,17800000,11800000,35700000,12000000,' Approved'
812,2,' Not Graduate',' Yes',9600000,28100000,20,763,23000000,11800000,27500000,10300000,' Approved'
1220,0,' Not Graduate',' Yes',8600000,17700000,20,711,22000000,0,30800000,7400000,' Approved'
1987,3,' Not Graduate',' Yes',300000,500000,6,876,300000,100000,1100000,300000,' Approved'
4137,4,' Graduate',' Yes',7100000,18200000,4,790,2500000,2200000,25500000,9600000,' Approved'
390,0,' Graduate',' Yes',6200000,22400000,18,873,15700000,6600000,15800000,8200000,' Approved'
238,3,' Graduate',' Yes',4100000,15500000,6,667,2800000,1600000,14700000,4000000,' Approved'
3733,3,' Graduate',' No',1000000,4000000,6,625,700000,100000,2800000,500000,' Approved'
574,3,' Graduate',' No',3100000,11000000,2,543,5900000,2200000,9000000,2400000,' Approved'
3706,2,' Not Graduate',' Yes',2800000,7000000,2,834,500000,2900000,8100000,1300000,' Approved'
2507,4,' Not Graduate',' Yes',5900000,15000000,14,626,16400000,4600000,17600000,8200000,' Approved'
249,0,' Graduate',' No',8400000,20600000,10,477,1500000,1500000,25000000,11900000,' Rejected'
2480,2,' Graduate',' No',2700000,9300000,16,656,7700000,2500000,6400000,3600000,' Approved'
3056,3,' Not Graduate',' Yes',300000,500000,6,386,800000,200000,1200000,100000,' Rejected'
375,2,' Not Graduate',' Yes',3600000,12800000,18,814,8600000,4100000,10300000,4100000,' Approved'
375,2,' Not Graduate',' Yes',3600000,12800000,18,814,8600000,4100000,10300000,4100000,' Approved'
3416,3,' Graduate',' No',500000,2000000,12,890,800000,700000,1800000,400000,' Approved'
1564,3,' Not Graduate',' Yes',500000,1700000,2,811,500000,500000,1400000,200000,' Approved'
2938,1,' Not Graduate',' Yes',2200000,5400000,16,641,5900000,0,4800000,1200000,' Approved'
688,1,' Not Graduate',' Yes',8700000,30700000,6,708,20600000,4500000,27600000,9300000,' Approved'
2829,4,' Graduate',' Yes',9200000,18600000,2,889,26900000,4200000,33300000,9700000,' Approved'
1322,2,' Graduate',' No',2100000,6600000,20,580,3800000,4100000,6200000,2100000,' Approved'
2786,0,' Not Graduate',' No',7700000,29300000,14,801,6200000,11800000,23400000,4700000,' Approved'
2305,1,' Graduate',' No',8300000,24900000,10,642,11500000,15400000,21600000,5800000,' Approved'
3257,5,' Graduate',' No',4000000,9100000,10,515,600000,6400000,9900000,5500000,' Rejected'
2563,0,' Not Graduate',' Yes',3700000,13100000,14,385,10600000,6800000,9200000,4900000,' Rejected'
109,1,' Graduate',' Yes',9700000,35900000,2,719,19600000,7600000,20400000,10900000,' Approved'
3746,5,' Graduate',' Yes',5700000,11500000,2,732,15800000,3700000,15600000,5300000,' Approved'
3288,1,' Not Graduate',' Yes',8700000,33800000,18,558,18300000,11500000,31500000,5900000,' Approved'
4028,1,' Not Graduate',' No',9100000,24000000,20,353,25100000,9200000,26100000,10900000,' Rejected'
2000,3,' Not Graduate',' Yes',3100000,6300000,18,895,2300000,3400000,10500000,4200000,' Approved'
2925,0,' Graduate',' No',4000000,11500000,8,434,4500000,2800000,8400000,5900000,' Rejected'
3745,4,' Not Graduate',' Yes',9200000,29100000,10,731,14500000,8300000,35800000,5000000,' Approved'
582,1,' Not Graduate',' No',8800000,22200000,18,794,8400000,11900000,21000000,10500000,' Approved'
2961,1,' Not Graduate',' Yes',1000000,2100000,8,793,2900000,1300000,2200000,1400000,' Approved'
355,4,' Not Graduate',' No',7900000,17200000,14,318,14200000,9500000,23200000,9000000,' Rejected'
2562,1,' Not Graduate',' Yes',700000,1400000,10,523,700000,1100000,1600000,900000,' Rejected'
3537,1,' Not Graduate',' No',6600000,19700000,12,758,16000000,4400000,18800000,9500000,' Approved'
956,1,' Not Graduate',' Yes',500000,1400000,10,883,900000,0,1700000,300000,' Approved'
1832,0,' Not Graduate',' No',5000000,16300000,12,737,2600000,3400000,11800000,4400000,' Approved'
3280,5,' Not Graduate',' No',9800000,26600000,12,664,5200000,2900000,22500000,14100000,' Approved'
1045,3,' Graduate',' Yes',2400000,4800000,12,895,6800000,300000,7300000,3300000,' Approved'
3618,0,' Not Graduate',' Yes',2000000,4600000,16,651,2100000,2400000,7200000,1600000,' Approved'
2726,2,' Not Graduate',' Yes',7700000,21000000,12,420,16100000,4300000,27400000,10500000,' Rejected'
3210,5,' Graduate',' No',700000,1800000,10,650,1300000,100000,1500000,300000,' Approved'
1838,5,' Not Graduate',' Yes',4400000,12500000,6,740,8200000,2300000,9900000,5400000,' Approved'
1439,1,' Not Graduate',' No',8000000,27800000,6,667,6000000,12600000,22500000,9900000,' Approved'
1743,1,' Graduate',' Yes',3300000,11700000,4,682,3500000,5500000,12300000,1600000,' Approved'
4119,2,' Graduate',' No',2200000,8300000,6,596,4700000,3000000,8500000,1800000,' Approved'
3601,2,' Graduate',' No',5400000,14500000,8,349,10800000,4800000,21100000,6600000,' Rejected'
2654,2,' Not Graduate',' No',4400000,14200000,18,799,6300000,7800000,10800000,2400000,' Approved'
984,4,' Graduate',' No',4800000,14000000,2,695,11300000,1700000,15400000,4600000,' Approved'
1149,2,' Graduate',' No',7300000,20000000,6,729,13100000,10700000,17900000,9100000,' Approved'
2585,2,' Not Graduate',' No',4900000,16800000,10,480,2200000,8900000,12600000,2700000,' Rejected'
2620,3,' Not Graduate',' No',2700000,10800000,6,480,4400000,0,10300000,3500000,' Rejected'
99,4,' Graduate',' No',9400000,29400000,12,562,25900000,15200000,36400000,7100000,' Approved'
4246,5,' Not Graduate',' Yes',6500000,23900000,2,507,500000,10200000,15900000,8000000,' Approved'
202,2,' Not Graduate',' Yes',3800000,8900000,16,389,200000,5600000,12200000,2200000,' Rejected'
2707,4,' Not Graduate',' Yes',1100000,3000000,4,730,300000,600000,3600000,1100000,' Approved'
1363,2,' Not Graduate',' No',600000,1100000,10,800,1200000,200000,2300000,900000,' Approved'
2832,4,' Not Graduate',' No',2000000,6000000,12,837,1300000,1900000,6300000,2300000,' Approved'
4063,4,' Graduate',' No',8300000,24600000,2,382,1400000,1200000,16700000,6600000,' Rejected'
1282,3,' Graduate',' No',7700000,27700000,4,439,13900000,7500000,27100000,6200000,' Approved'
2073,0,' Graduate',' No',300000,500000,2,885,200000,400000,700000,200000,' Approved'
2591,0,' Not Graduate',' Yes',3700000,11300000,6,538,6200000,400000,10400000,5400000,' Rejected'
2330,4,' Graduate',' Yes',9000000,30400000,20,532,21000000,7400000,30500000,13100000,' Rejected'
1451,5,' Graduate',' Yes',2600000,8600000,18,651,1000000,100000,7800000,2600000,' Approved'
1145,1,' Not Graduate',' No',8400000,24600000,14,817,1800000,13100000,31300000,8200000,' Approved'
243,5,' Graduate',' No',5700000,12900000,18,807,4100000,900000,18600000,5500000,' Approved'
4242,2,' Graduate',' Yes',5600000,15800000,16,748,10300000,100000,21700000,6300000,' Approved'
4215,5,' Not Graduate',' No',7800000,27000000,6,728,4400000,13100000,18500000,7400000,' Approved'
1979,0,' Not Graduate',' Yes',3900000,9600000,10,783,9900000,2100000,10900000,3900000,' Approved'
669,4,' Not Graduate',' No',2200000,8600000,20,373,4100000,1300000,5900000,1400000,' Rejected'
3613,0,' Not Graduate',' Yes',200000,700000,20,724,600000,0,500000,300000,' Approved'
2974,0,' Graduate',' No',4800000,18600000,6,618,12300000,5900000,16800000,4000000,' Approved'
381,1,' Graduate',' Yes',8300000,32100000,16,814,18500000,2700000,28900000,7500000,' Approved'
1912,1,' Graduate',' No',7500000,16000000,10,541,16300000,4500000,22400000,5100000,' Rejected'
1016,2,' Graduate',' Yes',8600000,21600000,16,804,15400000,300000,26800000,7100000,' Approved'
960,1,' Graduate',' Yes',9600000,34500000,2,795,9500000,900000,32000000,9300000,' Approved'
3847,1,' Not Graduate',' No',5400000,19400000,8,800,800000,6100000,19500000,3000000,' Approved'
1505,0,' Graduate',' No',3600000,8700000,10,309,6300000,1000000,8600000,3300000,' Rejected'
3189,5,' Graduate',' Yes',7100000,20100000,4,700,16900000,2900000,15600000,4500000,' Approved'
1932,3,' Graduate',' No',6300000,17000000,16,388,11700000,2100000,16100000,3200000,' Rejected'
1735,4,' Not Graduate',' No',6700000,13400000,10,436,3600000,1200000,23200000,7500000,' Rejected'
3496,3,' Not Graduate',' Yes',8700000,27200000,18,454,9100000,9300000,30900000,12000000,' Rejected'
3584,4,' Graduate',' Yes',8200000,19000000,6,334,24500000,6800000,28600000,10200000,' Rejected'
2419,0,' Not Graduate',' No',9000000,35100000,6,898,500000,16200000,20700000,9100000,' Approved'
185,4,' Graduate',' No',1400000,3100000,14,575,3000000,2100000,4900000,1400000,' Approved'
51,4,' Graduate',' No',7300000,25400000,16,502,500000,1800000,20500000,10500000,' Rejected'
2618,1,' Not Graduate',' Yes',1400000,3300000,18,321,900000,1500000,3000000,700000,' Rejected'
4217,1,' Graduate',' Yes',2100000,5200000,14,802,100000,600000,6400000,2500000,' Approved'
4051,0,' Not Graduate',' No',9200000,24700000,14,438,4800000,16000000,20600000,10700000,' Rejected'
2992,3,' Not Graduate',' No',2300000,8500000,12,557,3600000,1400000,6200000,1300000,' Approved'
2890,0,' Not Graduate',' Yes',1800000,6500000,12,728,3500000,0,6100000,1900000,' Approved'
119,0,' Not Graduate',' No',7200000,15800000,12,379,12700000,12200000,21500000,3600000,' Rejected'
3672,3,' Graduate',' Yes',4400000,15300000,16,865,1200000,8400000,15000000,3400000,' Approved'
995,2,' Graduate',' No',3200000,12600000,18,796,6200000,3500000,9600000,2000000,' Approved'
3354,2,' Not Graduate',' No',6600000,15000000,16,401,13600000,6600000,23500000,3300000,' Rejected'
3688,2,' Not Graduate',' Yes',2100000,4500000,18,591,2500000,500000,5500000,1500000,' Approved'
2059,2,' Not Graduate',' Yes',6600000,17000000,2,457,100000,1800000,23300000,6700000,' Rejected'
136,3,' Graduate',' No',1600000,5500000,12,425,600000,800000,5400000,900000,' Rejected'
2078,1,' Not Graduate',' Yes',200000,500000,2,579,500000,100000,500000,100000,' Approved'
2296,3,' Graduate',' Yes',6400000,21000000,2,813,3900000,10900000,20500000,4400000,' Approved'
3016,4,' Graduate',' No',7500000,16200000,4,310,10800000,14300000,14900000,5800000,' Rejected'
901,0,' Graduate',' Yes',5400000,21400000,8,721,8200000,6400000,16700000,7400000,' Approved'
1942,2,' Graduate',' No',400000,1300000,16,507,200000,200000,1500000,300000,' Rejected'
2148,0,' Not Graduate',' Yes',4500000,12400000,18,719,10300000,200000,9200000,3100000,' Approved'
3079,3,' Graduate',' No',7800000,28700000,4,447,7200000,9500000,20100000,11300000,' Approved'
1472,3,' Not Graduate',' No',6600000,21400000,10,467,15200000,6000000,20300000,5200000,' Rejected'
1980,0,' Graduate',' No',8300000,31400000,18,558,13300000,2900000,25900000,6300000,' Approved'
1764,0,' Graduate',' No',2000000,6200000,14,613,100000,1800000,5400000,1300000,' Approved'
3677,2,' Not Graduate',' Yes',7900000,16100000,18,318,17300000,2900000,29900000,9300000,' Rejected'
3930,0,' Not Graduate',' Yes',3900000,14100000,20,811,5700000,3600000,10500000,5300000,' Approved'
3635,0,' Graduate',' No',1500000,4300000,12,801,4400000,2200000,3300000,1100000,' Approved'
1402,3,' Graduate',' Yes',4900000,14300000,14,439,10300000,5600000,17400000,5100000,' Rejected'
1601,4,' Graduate',' Yes',1700000,6500000,20,636,1700000,900000,6200000,2300000,' Approved'
48,1,' Graduate',' Yes',4900000,19100000,14,677,5400000,9100000,17700000,6500000,' Approved'
3944,2,' Graduate',' No',6200000,16900000,12,754,2300000,4200000,15300000,7900000,' Approved'
185,4,' Graduate',' No',1400000,3100000,14,575,3000000,2100000,4900000,1400000,' Approved'
3208,4,' Graduate',' Yes',3200000,11500000,20,864,8700000,5000000,12100000,4100000,' Approved'
588,5,' Graduate',' No',1100000,3800000,18,508,200000,1800000,2300000,900000,' Rejected'
4062,5,' Not Graduate',' No',2000000,6900000,18,516,4600000,3400000,6500000,1600000,' Rejected'
3511,4,' Graduate',' Yes',8700000,23400000,16,372,10600000,11700000,20000000,8000000,' Rejected'
1049,3,' Graduate',' No',9800000,30300000,2,612,10700000,4600000,32100000,5600000,' Approved'
3751,2,' Graduate',' No',2000000,6200000,16,696,4100000,600000,5400000,1300000,' Approved'
